Income,Debt,Delinquency,Age,Default
59000.0,35000.0,1.0,22.0,1.0
9600.0,1000.0,0.0,21.0,0.0
9600.0,5500.0,0.0,25.0,1.0
65500.0,35000.0,0.0,23.0,1.0
54400.0,35000.0,1.0,24.0,1.0
9900.0,2500.0,0.0,21.0,1.0
77100.0,35000.0,0.0,26.0,1.0
78956.0,35000.0,0.0,24.0,1.0
83000.0,35000.0,0.0,24.0,1.0
10000.0,1600.0,0.0,21.0,1.0
85000.0,35000.0,0.0,22.0,1.0
10000.0,4500.0,0.0,21.0,1.0
95000.0,35000.0,0.0,23.0,1.0
108160.0,35000.0,0.0,26.0,1.0
115000.0,35000.0,0.0,23.0,0.0
500000.0,30000.0,0.0,23.0,0.0
120000.0,35000.0,0.0,23.0,0.0
92111.0,35000.0,0.0,23.0,1.0
113000.0,35000.0,0.0,23.0,1.0
10800.0,1750.0,0.0,24.0,1.0
162500.0,35000.0,0.0,25.0,0.0
137000.0,34800.0,1.0,25.0,0.0
65000.0,34000.0,0.0,22.0,1.0
10980.0,1500.0,0.0,24.0,0.0
80000.0,33950.0,1.0,22.0,1.0
67746.0,33000.0,0.0,24.0,1.0
11000.0,4575.0,1.0,21.0,1.0
11000.0,1400.0,0.0,23.0,0.0
65000.0,32500.0,0.0,24.0,1.0
11389.0,4000.0,1.0,21.0,1.0
11520.0,2000.0,0.0,21.0,1.0
120000.0,32000.0,0.0,25.0,0.0
95000.0,31050.0,1.0,26.0,1.0
306000.0,24250.0,0.0,25.0,0.0
300000.0,7800.0,0.0,26.0,0.0
12000.0,2500.0,0.0,21.0,1.0
48000.0,30000.0,0.0,22.0,1.0
64000.0,30000.0,1.0,24.0,1.0
75000.0,30000.0,1.0,25.0,1.0
62050.0,30000.0,0.0,26.0,1.0
12000.0,2500.0,0.0,24.0,1.0
300000.0,20000.0,0.0,26.0,0.0
300000.0,24250.0,1.0,23.0,0.0
300000.0,10000.0,0.0,26.0,0.0
300000.0,25000.0,0.0,26.0,0.0
300000.0,18000.0,0.0,25.0,0.0
80690.0,30000.0,0.0,26.0,1.0
66300.0,30000.0,0.0,22.0,1.0
89028.0,30000.0,0.0,26.0,1.0
78000.0,30000.0,1.0,23.0,1.0
92004.0,30000.0,1.0,23.0,1.0
97000.0,30000.0,0.0,23.0,1.0
120000.0,30000.0,0.0,25.0,0.0
280000.0,10000.0,1.0,26.0,0.0
277104.0,20000.0,0.0,26.0,0.0
128000.0,30000.0,0.0,25.0,0.0
131000.0,30000.0,0.0,21.0,0.0
275000.0,12000.0,0.0,22.0,0.0
221850.0,25000.0,0.0,25.0,1.0
70000.0,29100.0,0.0,22.0,1.0
12000.0,1500.0,1.0,22.0,0.0
260000.0,28000.0,0.0,26.0,0.0
259000.0,20000.0,1.0,25.0,0.0
255000.0,9600.0,0.0,24.0,0.0
250000.0,25000.0,0.0,25.0,0.0
12000.0,3000.0,1.0,21.0,1.0
65000.0,28000.0,0.0,23.0,1.0
85000.0,28000.0,0.0,26.0,1.0
12000.0,6100.0,0.0,26.0,1.0
88000.0,28000.0,0.0,22.0,1.0
12000.0,4200.0,1.0,21.0,1.0
12000.0,4750.0,0.0,22.0,1.0
83004.0,28000.0,1.0,24.0,1.0
250000.0,18000.0,1.0,24.0,0.0
100000.0,28000.0,0.0,25.0,0.0
110000.0,28000.0,0.0,26.0,0.0
151200.0,28000.0,0.0,23.0,0.0
12000.0,3250.0,1.0,21.0,1.0
70000.0,27500.0,1.0,22.0,1.0
73200.0,27050.0,1.0,26.0,1.0
83000.0,27000.0,1.0,24.0,1.0
62500.0,26000.0,0.0,23.0,1.0
120000.0,25600.0,0.0,23.0,0.0
12360.0,1600.0,0.0,24.0,0.0
60000.0,25475.0,0.0,22.0,1.0
234000.0,20000.0,1.0,25.0,0.0
234000.0,20000.0,0.0,24.0,0.0
234000.0,21600.0,0.0,26.0,0.0
221004.0,11900.0,1.0,25.0,1.0
232500.0,25000.0,1.0,26.0,0.0
230000.0,35000.0,0.0,25.0,0.0
83000.0,25300.0,0.0,23.0,1.0
12600.0,1750.0,0.0,25.0,0.0
42500.0,25000.0,1.0,21.0,1.0
12816.0,3000.0,1.0,25.0,1.0
12960.0,3650.0,0.0,24.0,1.0
226000.0,20000.0,0.0,26.0,0.0
225000.0,30000.0,1.0,25.0,0.0
213000.0,35000.0,0.0,26.0,1.0
12960.0,4500.0,0.0,24.0,1.0
12996.0,2400.0,1.0,23.0,1.0
42000.0,25000.0,1.0,22.0,1.0
48000.0,25000.0,0.0,26.0,1.0
12996.0,3600.0,0.0,25.0,1.0
42360.0,25000.0,1.0,25.0,1.0
49000.0,25000.0,0.0,21.0,1.0
225000.0,25000.0,0.0,25.0,0.0
225000.0,3000.0,0.0,26.0,0.0
225000.0,7500.0,0.0,23.0,0.0
225000.0,25000.0,0.0,26.0,0.0
49464.0,25000.0,0.0,22.0,1.0
50000.0,25000.0,0.0,23.0,1.0
50000.0,25000.0,0.0,25.0,1.0
44000.0,25000.0,0.0,24.0,1.0
50000.0,25000.0,0.0,23.0,1.0
50004.0,25000.0,0.0,22.0,1.0
50004.0,25000.0,0.0,22.0,1.0
52000.0,25000.0,0.0,22.0,1.0
13200.0,4950.0,0.0,23.0,1.0
220000.0,25000.0,0.0,24.0,0.0
216000.0,21000.0,0.0,23.0,0.0
216000.0,25000.0,0.0,25.0,0.0
216000.0,20000.0,1.0,26.0,0.0
215000.0,35000.0,1.0,23.0,0.0
215000.0,12000.0,0.0,26.0,0.0
52000.0,25000.0,0.0,23.0,1.0
46000.0,25000.0,0.0,26.0,1.0
53000.0,25000.0,1.0,22.0,1.0
47000.0,25000.0,1.0,26.0,1.0
47000.0,25000.0,0.0,23.0,1.0
13200.0,1400.0,0.0,23.0,0.0
13200.0,4500.0,0.0,21.0,1.0
210000.0,16000.0,0.0,22.0,0.0
210000.0,22000.0,0.0,26.0,0.0
48000.0,25000.0,0.0,26.0,1.0
55000.0,25000.0,0.0,23.0,1.0
55000.0,25000.0,1.0,23.0,1.0
55164.0,25000.0,1.0,24.0,1.0
56000.0,25000.0,0.0,26.0,1.0
203500.0,20000.0,0.0,24.0,0.0
190000.0,22000.0,1.0,23.0,1.0
13920.0,7750.0,0.0,23.0,1.0
60000.0,25000.0,0.0,24.0,1.0
60000.0,25000.0,0.0,24.0,1.0
54000.0,25000.0,1.0,26.0,1.0
200000.0,12000.0,0.0,24.0,0.0
200000.0,12000.0,0.0,24.0,0.0
200000.0,16000.0,0.0,21.0,0.0
54000.0,25000.0,0.0,25.0,1.0
60000.0,25000.0,0.0,23.0,1.0
60000.0,25000.0,0.0,23.0,1.0
60000.0,25000.0,0.0,21.0,1.0
61959.0,25000.0,0.0,25.0,1.0
56400.0,25000.0,1.0,22.0,1.0
200000.0,25000.0,0.0,21.0,0.0
200000.0,24000.0,0.0,24.0,0.0
200000.0,15000.0,0.0,26.0,0.0
200000.0,15500.0,0.0,25.0,0.0
200000.0,10000.0,0.0,24.0,0.0
66000.0,25000.0,0.0,24.0,1.0
66000.0,25000.0,1.0,22.0,1.0
200000.0,9000.0,0.0,22.0,0.0
200000.0,18000.0,0.0,25.0,0.0
200000.0,12000.0,0.0,25.0,0.0
200000.0,23050.0,0.0,25.0,0.0
66996.0,25000.0,1.0,26.0,1.0
67000.0,25000.0,0.0,23.0,1.0
67000.0,25000.0,0.0,24.0,1.0
68000.0,25000.0,1.0,24.0,1.0
69000.0,25000.0,0.0,25.0,1.0
200000.0,12000.0,0.0,25.0,0.0
188000.0,20000.0,0.0,26.0,1.0
200000.0,3000.0,0.0,26.0,0.0
69996.0,25000.0,0.0,25.0,1.0
14400.0,4000.0,0.0,22.0,1.0
70000.0,25000.0,0.0,24.0,1.0
14400.0,6000.0,0.0,24.0,1.0
56100.0,25000.0,0.0,24.0,1.0
66000.0,25000.0,1.0,25.0,1.0
66000.0,25000.0,0.0,26.0,1.0
14400.0,5375.0,0.0,25.0,1.0
72612.0,25000.0,0.0,25.0,1.0
74000.0,25000.0,0.0,23.0,1.0
75000.0,25000.0,0.0,25.0,1.0
192000.0,20000.0,0.0,21.0,0.0
191000.0,10000.0,0.0,25.0,0.0
75000.0,25000.0,0.0,24.0,1.0
71000.0,25000.0,1.0,22.0,1.0
190000.0,20000.0,0.0,26.0,0.0
189996.0,24000.0,0.0,23.0,0.0
78000.0,25000.0,0.0,23.0,1.0
78504.0,25000.0,0.0,23.0,1.0
186000.0,10000.0,0.0,25.0,0.0
185000.0,15000.0,0.0,25.0,0.0
62050.0,25000.0,1.0,24.0,1.0
79416.0,25000.0,1.0,23.0,1.0
14400.0,6250.0,0.0,21.0,1.0
79631.0,25000.0,1.0,24.0,1.0
79632.0,25000.0,0.0,24.0,1.0
80000.0,25000.0,0.0,24.0,1.0
80000.0,25000.0,0.0,26.0,1.0
185000.0,25000.0,0.0,22.0,0.0
185000.0,5000.0,0.0,26.0,0.0
184992.0,22000.0,1.0,24.0,0.0
184000.0,2500.0,0.0,23.0,0.0
172000.0,20000.0,1.0,24.0,1.0
183000.0,20000.0,0.0,24.0,0.0
182952.0,15000.0,0.0,25.0,0.0
74004.0,25000.0,0.0,23.0,1.0
81000.0,25000.0,0.0,25.0,1.0
81600.0,25000.0,0.0,23.0,1.0
82000.0,25000.0,0.0,24.0,0.0
83000.0,25000.0,0.0,24.0,0.0
83000.0,25000.0,1.0,24.0,0.0
180000.0,18000.0,1.0,24.0,0.0
180000.0,28000.0,0.0,23.0,0.0
14400.0,4000.0,0.0,23.0,1.0
14400.0,2100.0,0.0,22.0,0.0
84500.0,25000.0,0.0,22.0,0.0
85000.0,25000.0,0.0,24.0,0.0
180000.0,14000.0,0.0,24.0,0.0
180000.0,12000.0,0.0,26.0,0.0
142800.0,10000.0,0.0,25.0,1.0
87000.0,25000.0,0.0,24.0,0.0
75000.0,25000.0,1.0,24.0,1.0
76000.0,25000.0,0.0,23.0,1.0
66215.0,25000.0,1.0,23.0,1.0
90000.0,25000.0,0.0,25.0,0.0
15000.0,6200.0,0.0,21.0,1.0
180000.0,25000.0,0.0,26.0,0.0
180000.0,21000.0,0.0,24.0,0.0
180000.0,20000.0,1.0,25.0,0.0
180000.0,10000.0,0.0,26.0,0.0
180000.0,9950.0,0.0,25.0,0.0
78000.0,25000.0,1.0,23.0,1.0
66300.0,25000.0,1.0,25.0,1.0
90000.0,25000.0,0.0,23.0,0.0
79000.0,25000.0,1.0,24.0,1.0
91800.0,25000.0,1.0,24.0,0.0
92000.0,25000.0,0.0,25.0,0.0
92000.0,25000.0,1.0,24.0,0.0
93600.0,25000.0,0.0,23.0,0.0
15000.0,1750.0,1.0,23.0,0.0
70550.0,25000.0,1.0,23.0,1.0
83800.0,25000.0,1.0,25.0,1.0
175000.0,2600.0,0.0,26.0,0.0
175000.0,8000.0,0.0,25.0,0.0
175000.0,21000.0,0.0,23.0,0.0
15000.0,4000.0,0.0,23.0,1.0
15000.0,4600.0,0.0,23.0,1.0
88000.0,25000.0,1.0,22.0,1.0
74800.0,25000.0,0.0,25.0,1.0
88000.0,25000.0,0.0,25.0,1.0
15000.0,1750.0,1.0,25.0,0.0
88000.0,25000.0,0.0,26.0,1.0
100000.0,25000.0,0.0,25.0,0.0
15000.0,3600.0,0.0,23.0,1.0
102400.0,25000.0,0.0,24.0,0.0
92000.0,25000.0,1.0,24.0,1.0
93000.0,25000.0,1.0,23.0,1.0
175000.0,3500.0,1.0,22.0,0.0
175000.0,7200.0,0.0,23.0,0.0
174708.0,9000.0,0.0,25.0,0.0
174000.0,8800.0,0.0,25.0,0.0
174000.0,12000.0,0.0,26.0,0.0
162000.0,25000.0,1.0,25.0,1.0
173467.0,10000.0,0.0,26.0,0.0
15000.0,3175.0,1.0,21.0,1.0
96000.0,25000.0,1.0,25.0,1.0
15120.0,1500.0,0.0,21.0,0.0
97908.0,25000.0,1.0,24.0,1.0
15204.0,2800.0,0.0,23.0,1.0
159600.0,30000.0,1.0,25.0,1.0
171500.0,18000.0,0.0,24.0,0.0
170004.0,10000.0,0.0,25.0,0.0
158004.0,25000.0,1.0,24.0,1.0
170000.0,13000.0,0.0,26.0,0.0
110000.0,25000.0,1.0,24.0,0.0
15360.0,2500.0,0.0,22.0,1.0
134300.0,5000.0,0.0,25.0,1.0
170000.0,20000.0,0.0,25.0,0.0
100580.0,25000.0,1.0,22.0,1.0
113000.0,25000.0,1.0,25.0,0.0
120000.0,25000.0,0.0,24.0,0.0
120000.0,25000.0,0.0,25.0,0.0
120000.0,25000.0,0.0,23.0,0.0
91800.0,25000.0,1.0,24.0,1.0
15600.0,1000.0,0.0,21.0,0.0
108000.0,25000.0,0.0,26.0,1.0
129996.0,25000.0,0.0,26.0,0.0
130000.0,25000.0,1.0,23.0,0.0
130000.0,25000.0,0.0,23.0,0.0
170000.0,20000.0,0.0,25.0,0.0
170000.0,12000.0,1.0,26.0,0.0
169000.0,14000.0,0.0,22.0,0.0
168750.0,24250.0,1.0,26.0,0.0
168600.0,20000.0,0.0,23.0,0.0
168288.0,1800.0,0.0,24.0,0.0
168000.0,35000.0,0.0,25.0,0.0
133300.0,25000.0,0.0,24.0,0.0
15600.0,3300.0,0.0,24.0,1.0
134000.0,25000.0,1.0,24.0,0.0
134000.0,25000.0,0.0,25.0,0.0
15600.0,3200.0,0.0,25.0,1.0
135000.0,25000.0,0.0,25.0,0.0
135660.0,25000.0,0.0,26.0,0.0
145000.0,25000.0,0.0,25.0,0.0
150000.0,25000.0,0.0,23.0,0.0
165000.0,9600.0,0.0,23.0,0.0
153000.0,24000.0,1.0,22.0,1.0
165000.0,20000.0,0.0,24.0,0.0
165000.0,25000.0,0.0,25.0,0.0
165000.0,20000.0,0.0,21.0,0.0
16000.0,6000.0,0.0,23.0,1.0
16000.0,2275.0,1.0,23.0,0.0
16000.0,2000.0,0.0,23.0,0.0
148000.0,25000.0,0.0,23.0,1.0
16000.0,5600.0,0.0,23.0,1.0
16020.0,3625.0,1.0,24.0,1.0
16094.0,5500.0,0.0,22.0,1.0
175000.0,25000.0,0.0,25.0,0.0
16200.0,2000.0,0.0,22.0,0.0
185000.0,25000.0,1.0,24.0,0.0
162000.0,25000.0,0.0,25.0,0.0
161000.0,30000.0,0.0,26.0,0.0
160000.0,35000.0,0.0,22.0,0.0
225000.0,25000.0,0.0,25.0,0.0
16400.0,5000.0,0.0,25.0,1.0
16500.0,4375.0,0.0,23.0,1.0
49500.0,24750.0,0.0,25.0,1.0
60000.0,24750.0,0.0,23.0,1.0
84200.0,24500.0,0.0,24.0,0.0
16800.0,2000.0,0.0,22.0,0.0
92000.0,24500.0,0.0,24.0,0.0
160000.0,35000.0,0.0,23.0,0.0
160000.0,12000.0,0.0,24.0,0.0
160000.0,12000.0,0.0,25.0,0.0
160000.0,25000.0,1.0,26.0,0.0
125800.0,10000.0,0.0,25.0,1.0
54000.0,24250.0,0.0,25.0,1.0
62500.0,24250.0,0.0,23.0,1.0
68400.0,24250.0,0.0,25.0,1.0
56045.0,24250.0,0.0,26.0,1.0
74000.0,24250.0,1.0,22.0,1.0
65453.0,24250.0,0.0,24.0,1.0
89908.0,24250.0,0.0,24.0,0.0
78000.0,24250.0,1.0,26.0,1.0
100000.0,24250.0,1.0,23.0,0.0
103000.0,24250.0,0.0,23.0,0.0
160000.0,15000.0,0.0,25.0,0.0
160000.0,20000.0,0.0,24.0,0.0
160000.0,25000.0,1.0,23.0,0.0
160000.0,15250.0,1.0,21.0,0.0
160000.0,20000.0,1.0,25.0,0.0
16800.0,4750.0,1.0,22.0,1.0
16800.0,6000.0,0.0,21.0,1.0
115200.0,24250.0,0.0,25.0,0.0
144000.0,24250.0,0.0,23.0,0.0
287000.0,24250.0,0.0,23.0,0.0
108000.0,24150.0,1.0,22.0,1.0
43000.0,24000.0,1.0,22.0,1.0
47004.0,24000.0,0.0,23.0,1.0
48000.0,24000.0,1.0,24.0,1.0
44964.0,24000.0,1.0,21.0,1.0
47000.0,24000.0,0.0,24.0,1.0
17400.0,1000.0,0.0,22.0,0.0
49000.0,24000.0,0.0,22.0,1.0
60000.0,24000.0,0.0,26.0,1.0
60000.0,24000.0,0.0,25.0,1.0
60000.0,24000.0,0.0,22.0,1.0
60000.0,24000.0,0.0,21.0,1.0
62004.0,24000.0,0.0,26.0,1.0
62400.0,24000.0,0.0,22.0,1.0
59000.0,24000.0,1.0,23.0,1.0
60000.0,24000.0,0.0,24.0,1.0
66143.0,24000.0,0.0,25.0,1.0
62250.0,24000.0,1.0,22.0,1.0
70000.0,24000.0,0.0,24.0,1.0
74000.0,24000.0,0.0,23.0,1.0
18000.0,3000.0,0.0,22.0,1.0
75000.0,24000.0,0.0,22.0,1.0
75000.0,24000.0,0.0,24.0,1.0
69000.0,24000.0,0.0,26.0,1.0
78000.0,24000.0,0.0,23.0,1.0
80000.0,24000.0,0.0,24.0,0.0
18000.0,3500.0,0.0,22.0,1.0
18000.0,4000.0,0.0,23.0,1.0
74700.0,24000.0,0.0,23.0,1.0
88596.0,24000.0,0.0,26.0,0.0
95000.0,24000.0,0.0,25.0,0.0
83000.0,24000.0,0.0,22.0,1.0
95000.0,24000.0,0.0,25.0,0.0
18000.0,4900.0,1.0,21.0,1.0
100000.0,24000.0,0.0,26.0,0.0
110000.0,24000.0,0.0,24.0,0.0
18000.0,6250.0,0.0,24.0,1.0
103872.0,24000.0,0.0,26.0,1.0
120000.0,24000.0,0.0,22.0,0.0
120000.0,24000.0,0.0,24.0,0.0
108000.0,24000.0,0.0,26.0,1.0
124080.0,24000.0,1.0,24.0,0.0
18000.0,2500.0,0.0,23.0,1.0
130000.0,24000.0,0.0,24.0,0.0
135000.0,24000.0,0.0,25.0,0.0
135000.0,24000.0,0.0,24.0,0.0
114750.0,24000.0,1.0,23.0,1.0
150000.0,24000.0,0.0,23.0,0.0
138000.0,24000.0,1.0,23.0,1.0
18000.0,13000.0,0.0,24.0,1.0
18000.0,6250.0,0.0,21.0,1.0
155000.0,24000.0,0.0,26.0,0.0
148000.0,24000.0,0.0,26.0,1.0
18000.0,2500.0,0.0,21.0,0.0
120000.0,23750.0,0.0,23.0,0.0
54996.0,23600.0,0.0,24.0,1.0
18000.0,10000.0,0.0,24.0,1.0
102000.0,23600.0,0.0,25.0,0.0
75000.0,23575.0,0.0,23.0,1.0
18000.0,5400.0,1.0,22.0,1.0
66960.0,23400.0,0.0,22.0,1.0
60000.0,23000.0,0.0,23.0,1.0
18000.0,1200.0,1.0,24.0,0.0
63208.0,23000.0,0.0,25.0,1.0
65000.0,23000.0,0.0,24.0,1.0
68000.0,23000.0,0.0,23.0,1.0
18000.0,3000.0,0.0,22.0,1.0
88000.0,23000.0,0.0,24.0,1.0
58600.0,22750.0,0.0,22.0,1.0
70000.0,22500.0,0.0,23.0,1.0
18287.0,3000.0,0.0,24.0,1.0
69846.0,22500.0,1.0,26.0,1.0
73000.0,22400.0,1.0,24.0,1.0
18500.0,5000.0,0.0,24.0,1.0
35000.0,22250.0,0.0,23.0,1.0
43000.0,22000.0,0.0,25.0,1.0
52000.0,22000.0,0.0,25.0,1.0
18701.0,4200.0,1.0,21.0,1.0
57000.0,22000.0,0.0,22.0,1.0
58000.0,22000.0,0.0,25.0,1.0
60000.0,22000.0,0.0,23.0,1.0
60000.0,22000.0,1.0,24.0,1.0
18840.0,3000.0,0.0,25.0,1.0
56000.0,22000.0,0.0,26.0,1.0
70000.0,22000.0,0.0,22.0,1.0
74064.0,22000.0,0.0,23.0,0.0
76597.0,22000.0,0.0,24.0,0.0
19000.0,3625.0,0.0,22.0,1.0
77000.0,22000.0,0.0,26.0,0.0
19000.0,6000.0,0.0,21.0,1.0
82600.0,22000.0,0.0,26.0,0.0
19000.0,7400.0,0.0,24.0,1.0
19000.0,4000.0,0.0,25.0,1.0
84000.0,22000.0,0.0,23.0,0.0
77650.0,22000.0,0.0,25.0,1.0
82000.0,22000.0,0.0,25.0,1.0
19012.0,3500.0,0.0,21.0,1.0
99996.0,22000.0,0.0,23.0,0.0
19200.0,4950.0,0.0,22.0,1.0
57000.0,21700.0,0.0,25.0,1.0
54000.0,21600.0,0.0,24.0,1.0
56000.0,21600.0,1.0,23.0,1.0
63000.0,21600.0,1.0,26.0,1.0
82000.0,21600.0,1.0,22.0,0.0
78000.0,21600.0,0.0,22.0,1.0
19200.0,2400.0,0.0,22.0,0.0
112140.0,21600.0,0.0,24.0,0.0
19200.0,3000.0,0.0,25.0,1.0
59000.0,21500.0,0.0,24.0,1.0
70000.0,21500.0,0.0,24.0,1.0
116000.0,21500.0,1.0,24.0,0.0
60000.0,21450.0,0.0,25.0,1.0
31000.0,21250.0,0.0,22.0,1.0
47052.0,21250.0,0.0,25.0,1.0
51060.0,21250.0,0.0,25.0,1.0
19200.0,5000.0,1.0,22.0,1.0
53000.0,21250.0,0.0,22.0,1.0
56000.0,21250.0,1.0,24.0,1.0
65000.0,21250.0,1.0,24.0,1.0
35000.0,21000.0,0.0,21.0,1.0
19200.0,1400.0,1.0,22.0,1.0
40000.0,21000.0,0.0,26.0,1.0
42000.0,21000.0,1.0,26.0,1.0
63000.0,21000.0,0.0,23.0,1.0
19200.0,4000.0,0.0,26.0,1.0
59000.0,21000.0,0.0,22.0,1.0
70500.0,21000.0,1.0,22.0,0.0
65219.0,21000.0,0.0,26.0,1.0
75000.0,21000.0,0.0,22.0,0.0
19200.0,5000.0,0.0,22.0,1.0
62047.0,21000.0,1.0,25.0,1.0
79000.0,21000.0,0.0,24.0,0.0
80000.0,21000.0,0.0,23.0,0.0
84000.0,21000.0,0.0,24.0,0.0
85000.0,21000.0,0.0,26.0,0.0
93000.0,21000.0,0.0,22.0,0.0
81000.0,21000.0,1.0,26.0,1.0
97000.0,21000.0,0.0,26.0,0.0
100000.0,21000.0,1.0,25.0,1.0
19200.0,7500.0,1.0,26.0,1.0
125000.0,21000.0,0.0,26.0,0.0
125000.0,21000.0,1.0,25.0,0.0
82000.0,20900.0,0.0,23.0,0.0
19500.0,15000.0,0.0,21.0,1.0
50000.0,20500.0,0.0,26.0,1.0
70000.0,20500.0,1.0,23.0,0.0
19800.0,2100.0,0.0,22.0,0.0
54000.0,20375.0,0.0,23.0,1.0
26000.0,20050.0,0.0,26.0,1.0
33000.0,20000.0,0.0,24.0,1.0
20000.0,5000.0,0.0,23.0,0.0
20000.0,9250.0,0.0,22.0,0.0
35364.0,20000.0,0.0,24.0,1.0
38000.0,20000.0,0.0,25.0,1.0
32000.0,20000.0,0.0,23.0,1.0
38004.0,20000.0,0.0,25.0,1.0
20000.0,6400.0,0.0,23.0,0.0
38556.0,20000.0,1.0,25.0,1.0
32900.0,20000.0,0.0,23.0,1.0
34000.0,20000.0,0.0,25.0,1.0
40000.0,20000.0,0.0,24.0,1.0
20000.0,4800.0,0.0,26.0,0.0
42000.0,20000.0,0.0,25.0,1.0
42224.0,20000.0,0.0,22.0,1.0
20000.0,5650.0,1.0,25.0,0.0
37212.0,20000.0,0.0,22.0,1.0
38000.0,20000.0,0.0,25.0,1.0
45000.0,20000.0,0.0,22.0,1.0
45000.0,20000.0,0.0,23.0,1.0
20000.0,1200.0,0.0,23.0,0.0
45000.0,20000.0,1.0,22.0,1.0
39000.0,20000.0,0.0,24.0,1.0
46500.0,20000.0,0.0,24.0,1.0
48000.0,20000.0,0.0,22.0,1.0
42000.0,20000.0,0.0,22.0,1.0
48500.0,20000.0,0.0,22.0,1.0
20000.0,7500.0,0.0,22.0,0.0
49400.0,20000.0,0.0,23.0,1.0
20000.0,4000.0,0.0,25.0,0.0
50000.0,20000.0,0.0,25.0,1.0
50000.0,20000.0,0.0,25.0,1.0
50000.0,20000.0,0.0,22.0,1.0
20000.0,5000.0,0.0,22.0,0.0
44000.0,20000.0,0.0,22.0,1.0
50950.0,20000.0,0.0,25.0,1.0
51000.0,20000.0,0.0,24.0,1.0
51000.0,20000.0,0.0,22.0,1.0
51000.0,20000.0,0.0,22.0,1.0
51500.0,20000.0,0.0,24.0,1.0
51996.0,20000.0,0.0,25.0,1.0
52000.0,20000.0,0.0,25.0,1.0
46000.0,20000.0,1.0,22.0,1.0
20000.0,1500.0,0.0,26.0,0.0
52000.0,20000.0,1.0,24.0,1.0
46000.0,20000.0,1.0,25.0,1.0
47000.0,20000.0,0.0,22.0,1.0
54000.0,20000.0,0.0,22.0,1.0
48000.0,20000.0,0.0,23.0,1.0
48000.0,20000.0,0.0,23.0,1.0
54000.0,20000.0,0.0,23.0,1.0
48912.0,20000.0,0.0,24.0,1.0
54996.0,20000.0,0.0,26.0,1.0
55000.0,20000.0,0.0,24.0,1.0
55000.0,20000.0,0.0,25.0,1.0
49000.0,20000.0,0.0,26.0,1.0
55000.0,20000.0,0.0,25.0,1.0
20000.0,16600.0,0.0,22.0,0.0
55000.0,20000.0,0.0,23.0,1.0
20004.0,7125.0,0.0,23.0,0.0
57000.0,20000.0,0.0,23.0,1.0
51012.0,20000.0,1.0,22.0,1.0
20004.0,2500.0,1.0,23.0,0.0
58000.0,20000.0,0.0,22.0,1.0
58800.0,20000.0,0.0,23.0,1.0
59000.0,20000.0,0.0,26.0,1.0
53000.0,20000.0,1.0,26.0,1.0
60000.0,20000.0,0.0,23.0,1.0
54000.0,20000.0,0.0,24.0,1.0
20280.0,7000.0,0.0,26.0,0.0
60000.0,20000.0,0.0,24.0,1.0
20352.0,7750.0,0.0,24.0,0.0
54000.0,20000.0,0.0,25.0,1.0
54000.0,20000.0,1.0,23.0,1.0
54000.0,20000.0,0.0,23.0,1.0
60000.0,20000.0,0.0,22.0,1.0
20400.0,6000.0,1.0,22.0,0.0
20400.0,5500.0,0.0,24.0,0.0
54000.0,20000.0,1.0,25.0,1.0
54000.0,20000.0,1.0,24.0,1.0
60000.0,20000.0,0.0,23.0,1.0
20400.0,1275.0,1.0,21.0,0.0
54000.0,20000.0,0.0,25.0,1.0
60000.0,20000.0,0.0,24.0,1.0
20400.0,2400.0,0.0,21.0,0.0
60000.0,20000.0,0.0,24.0,1.0
60000.0,20000.0,0.0,26.0,1.0
54504.0,20000.0,1.0,23.0,1.0
55000.0,20000.0,0.0,24.0,1.0
61000.0,20000.0,0.0,24.0,1.0
62000.0,20000.0,0.0,25.0,1.0
56000.0,20000.0,1.0,24.0,1.0
56000.0,20000.0,1.0,21.0,1.0
62400.0,20000.0,0.0,24.0,1.0
62400.0,20000.0,0.0,25.0,1.0
63000.0,20000.0,0.0,25.0,1.0
58000.0,20000.0,0.0,26.0,1.0
65000.0,20000.0,0.0,23.0,1.0
20800.0,5000.0,1.0,24.0,0.0
65000.0,20000.0,0.0,23.0,1.0
65000.0,20000.0,0.0,23.0,1.0
20868.0,5375.0,1.0,25.0,0.0
59000.0,20000.0,0.0,23.0,1.0
21000.0,3500.0,1.0,21.0,1.0
65004.0,20000.0,0.0,26.0,1.0
59004.0,20000.0,1.0,25.0,1.0
59004.0,20000.0,0.0,23.0,1.0
65500.0,20000.0,0.0,23.0,1.0
66996.0,20000.0,0.0,22.0,0.0
67000.0,20000.0,0.0,23.0,0.0
67000.0,20000.0,1.0,24.0,0.0
68000.0,20000.0,0.0,26.0,0.0
68000.0,20000.0,1.0,25.0,0.0
62400.0,20000.0,0.0,24.0,1.0
69500.0,20000.0,1.0,23.0,0.0
70000.0,20000.0,0.0,25.0,0.0
70000.0,20000.0,0.0,22.0,0.0
71004.0,20000.0,0.0,25.0,0.0
21000.0,3000.0,0.0,22.0,0.0
71004.0,20000.0,0.0,23.0,0.0
55392.0,20000.0,1.0,23.0,1.0
72000.0,20000.0,0.0,24.0,0.0
21000.0,6000.0,0.0,24.0,0.0
66000.0,20000.0,0.0,23.0,1.0
66000.0,20000.0,0.0,22.0,1.0
72000.0,20000.0,1.0,24.0,0.0
74000.0,20000.0,0.0,24.0,0.0
21120.0,1625.0,1.0,22.0,1.0
21221.0,8500.0,0.0,25.0,0.0
75000.0,20000.0,0.0,24.0,0.0
75000.0,20000.0,0.0,26.0,0.0
75000.0,20000.0,0.0,25.0,0.0
69000.0,20000.0,0.0,22.0,1.0
21600.0,5200.0,0.0,26.0,0.0
69000.0,20000.0,0.0,24.0,1.0
75600.0,20000.0,1.0,23.0,0.0
59497.0,20000.0,0.0,23.0,1.0
76000.0,20000.0,0.0,23.0,0.0
70000.0,20000.0,0.0,26.0,1.0
70000.0,20000.0,0.0,24.0,1.0
77004.0,20000.0,0.0,22.0,0.0
71004.0,20000.0,1.0,26.0,1.0
21600.0,8000.0,0.0,24.0,0.0
78000.0,20000.0,1.0,26.0,0.0
61200.0,20000.0,0.0,23.0,1.0
21600.0,3800.0,0.0,21.0,0.0
78000.0,20000.0,0.0,23.0,0.0
78500.0,20000.0,1.0,23.0,0.0
79000.0,20000.0,1.0,23.0,0.0
80000.0,20000.0,0.0,23.0,0.0
21600.0,6000.0,0.0,23.0,0.0
62900.0,20000.0,0.0,22.0,1.0
80000.0,20000.0,0.0,24.0,0.0
80000.0,20000.0,0.0,25.0,0.0
21600.0,2000.0,0.0,23.0,0.0
80000.0,20000.0,1.0,22.0,0.0
21600.0,8500.0,0.0,22.0,0.0
62900.0,20000.0,0.0,26.0,1.0
21600.0,1000.0,0.0,26.0,0.0
74004.0,20000.0,1.0,25.0,1.0
80004.0,20000.0,1.0,25.0,0.0
80700.0,20000.0,0.0,23.0,0.0
81000.0,20000.0,0.0,22.0,0.0
21600.0,2000.0,0.0,24.0,1.0
76042.0,20000.0,1.0,23.0,1.0
76654.0,20000.0,1.0,22.0,1.0
83500.0,20000.0,0.0,24.0,0.0
84000.0,20000.0,0.0,23.0,0.0
84000.0,20000.0,0.0,25.0,0.0
21600.0,4400.0,0.0,23.0,0.0
21600.0,10000.0,0.0,21.0,0.0
78996.0,20000.0,0.0,24.0,1.0
85000.0,20000.0,0.0,23.0,0.0
85000.0,20000.0,0.0,25.0,0.0
73000.0,20000.0,0.0,26.0,1.0
21816.0,1500.0,0.0,21.0,0.0
21840.0,9000.0,0.0,23.0,0.0
87000.0,20000.0,0.0,22.0,0.0
21996.0,6000.0,0.0,23.0,0.0
78000.0,20000.0,1.0,23.0,1.0
90000.0,20000.0,0.0,24.0,0.0
90000.0,20000.0,0.0,23.0,0.0
90000.0,20000.0,0.0,26.0,0.0
22000.0,7000.0,0.0,22.0,0.0
90000.0,20000.0,0.0,23.0,0.0
91229.0,20000.0,0.0,25.0,0.0
22000.0,3825.0,0.0,26.0,0.0
92000.0,20000.0,1.0,22.0,0.0
22000.0,5875.0,0.0,25.0,1.0
92407.0,20000.0,0.0,25.0,0.0
22000.0,2400.0,0.0,22.0,0.0
22000.0,8000.0,0.0,24.0,0.0
93492.0,20000.0,0.0,26.0,0.0
22000.0,1550.0,0.0,23.0,1.0
95000.0,20000.0,0.0,23.0,0.0
22000.0,7350.0,0.0,21.0,0.0
96000.0,20000.0,0.0,23.0,0.0
22000.0,7200.0,0.0,22.0,0.0
85200.0,20000.0,1.0,22.0,1.0
98000.0,20000.0,0.0,22.0,0.0
22000.0,3000.0,1.0,24.0,0.0
99000.0,20000.0,0.0,23.0,0.0
22000.0,4000.0,0.0,21.0,0.0
22000.0,8500.0,0.0,22.0,0.0
99996.0,20000.0,1.0,24.0,0.0
87996.0,20000.0,0.0,25.0,1.0
22000.0,7500.0,0.0,26.0,0.0
100000.0,20000.0,0.0,25.0,0.0
100000.0,20000.0,1.0,25.0,0.0
74800.0,20000.0,1.0,22.0,1.0
74800.0,20000.0,1.0,23.0,1.0
100000.0,20000.0,0.0,22.0,0.0
22260.0,6400.0,0.0,25.0,0.0
104000.0,20000.0,0.0,26.0,0.0
93000.0,20000.0,0.0,23.0,1.0
95000.0,20000.0,1.0,23.0,1.0
110000.0,20000.0,0.0,23.0,0.0
110000.0,20000.0,0.0,22.0,0.0
110000.0,20000.0,0.0,22.0,0.0
110000.0,20000.0,0.0,24.0,0.0
22800.0,2000.0,0.0,22.0,0.0
22800.0,7125.0,0.0,22.0,1.0
22800.0,3000.0,0.0,23.0,1.0
85000.0,20000.0,0.0,25.0,1.0
22800.0,4800.0,0.0,23.0,0.0
120000.0,20000.0,0.0,23.0,0.0
22800.0,4750.0,0.0,24.0,0.0
121000.0,20000.0,0.0,24.0,0.0
125000.0,20000.0,0.0,23.0,0.0
22800.0,3000.0,0.0,22.0,0.0
130000.0,20000.0,0.0,25.0,0.0
130000.0,20000.0,1.0,26.0,0.0
22884.0,6000.0,0.0,23.0,0.0
133000.0,20000.0,1.0,24.0,0.0
23000.0,10625.0,0.0,22.0,0.0
23000.0,7000.0,0.0,21.0,0.0
140000.0,20000.0,0.0,25.0,0.0
138000.0,20000.0,1.0,24.0,1.0
23000.0,3600.0,1.0,23.0,1.0
148000.0,20000.0,0.0,26.0,1.0
160000.0,20000.0,0.0,22.0,0.0
23000.0,4800.0,0.0,22.0,0.0
160000.0,20000.0,0.0,26.0,0.0
168000.0,20000.0,0.0,26.0,0.0
172500.0,20000.0,0.0,26.0,0.0
23000.0,3000.0,0.0,21.0,0.0
175000.0,20000.0,1.0,25.0,0.0
58000.0,19900.0,0.0,25.0,1.0
116000.0,19800.0,0.0,26.0,0.0
19500.0,500.0,0.0,26.0,0.0
19000.0,700.0,0.0,21.0,0.0
23000.0,7000.0,1.0,22.0,0.0
19000.0,750.0,1.0,25.0,0.0
10000.0,1000.0,0.0,22.0,1.0
23000.0,2400.0,0.0,22.0,0.0
23000.0,2400.0,0.0,21.0,0.0
11760.0,1000.0,0.0,22.0,0.0
12000.0,1000.0,0.0,25.0,0.0
12000.0,1000.0,0.0,21.0,0.0
12000.0,1000.0,0.0,22.0,1.0
12240.0,1000.0,1.0,22.0,1.0
14400.0,1000.0,0.0,21.0,1.0
23040.0,2000.0,0.0,23.0,0.0
14400.0,1000.0,1.0,22.0,1.0
23040.0,15000.0,0.0,21.0,0.0
15000.0,1000.0,1.0,22.0,1.0
16000.0,1000.0,1.0,21.0,1.0
16800.0,1000.0,1.0,22.0,0.0
19200.0,1000.0,0.0,24.0,0.0
39600.0,19000.0,0.0,23.0,1.0
39900.0,19000.0,0.0,22.0,1.0
47000.0,19000.0,0.0,25.0,1.0
50000.0,19000.0,0.0,25.0,1.0
23500.0,7000.0,0.0,24.0,0.0
47500.0,19000.0,1.0,26.0,1.0
54586.0,19000.0,0.0,23.0,1.0
62004.0,19000.0,0.0,26.0,1.0
70000.0,19000.0,0.0,22.0,0.0
72000.0,19000.0,0.0,23.0,0.0
73000.0,19000.0,0.0,24.0,0.0
78000.0,19000.0,0.0,23.0,0.0
23920.0,6000.0,1.0,25.0,1.0
96000.0,19000.0,1.0,26.0,0.0
105000.0,19000.0,1.0,24.0,0.0
175000.0,19000.0,0.0,24.0,0.0
55000.0,18800.0,0.0,26.0,1.0
70000.0,18750.0,0.0,22.0,0.0
36500.0,18725.0,0.0,22.0,1.0
43000.0,18550.0,0.0,22.0,1.0
24000.0,7100.0,0.0,24.0,0.0
34300.0,18500.0,0.0,24.0,1.0
36000.0,18500.0,0.0,21.0,1.0
38000.0,18500.0,0.0,22.0,1.0
55784.0,18500.0,0.0,25.0,1.0
74196.0,18500.0,0.0,23.0,0.0
75000.0,18500.0,0.0,25.0,0.0
73000.0,18500.0,0.0,24.0,1.0
24000.0,8000.0,0.0,22.0,0.0
24000.0,3000.0,0.0,21.0,0.0
78000.0,18500.0,0.0,24.0,1.0
145000.0,18500.0,1.0,26.0,0.0
24000.0,5000.0,0.0,22.0,0.0
48888.0,18400.0,0.0,22.0,1.0
50000.0,18400.0,0.0,22.0,1.0
120000.0,18400.0,0.0,23.0,0.0
24000.0,5000.0,0.0,22.0,1.0
24000.0,6000.0,1.0,25.0,0.0
34000.0,18250.0,0.0,22.0,1.0
35004.0,18250.0,0.0,24.0,1.0
34500.0,18250.0,0.0,25.0,1.0
42504.0,18250.0,0.0,23.0,1.0
24000.0,1300.0,0.0,22.0,0.0
36996.0,18250.0,1.0,22.0,1.0
45600.0,18250.0,0.0,24.0,1.0
46000.0,18250.0,0.0,23.0,1.0
46000.0,18250.0,0.0,25.0,1.0
55044.0,18250.0,0.0,25.0,1.0
50000.0,18250.0,1.0,22.0,1.0
50000.0,18225.0,0.0,23.0,1.0
44000.0,18225.0,0.0,26.0,1.0
36000.0,18200.0,0.0,24.0,1.0
36400.0,18200.0,0.0,25.0,1.0
36000.0,18200.0,0.0,22.0,1.0
55000.0,18200.0,0.0,24.0,1.0
27000.0,18000.0,1.0,23.0,1.0
24000.0,8000.0,0.0,23.0,0.0
33000.0,18000.0,0.0,23.0,1.0
30720.0,18000.0,1.0,21.0,1.0
39996.0,18000.0,0.0,23.0,1.0
40000.0,18000.0,1.0,25.0,1.0
24000.0,5000.0,0.0,22.0,0.0
42000.0,18000.0,0.0,25.0,1.0
24000.0,8000.0,0.0,24.0,0.0
24000.0,2400.0,0.0,24.0,0.0
42765.0,18000.0,1.0,24.0,1.0
43000.0,18000.0,0.0,24.0,1.0
44000.0,18000.0,1.0,22.0,1.0
44000.0,18000.0,0.0,24.0,1.0
39000.0,18000.0,0.0,25.0,1.0
46800.0,18000.0,1.0,22.0,1.0
42000.0,18000.0,1.0,24.0,1.0
24000.0,4200.0,0.0,24.0,0.0
43400.0,18000.0,1.0,24.0,1.0
50000.0,18000.0,0.0,24.0,1.0
50000.0,18000.0,0.0,24.0,1.0
24000.0,5000.0,1.0,23.0,1.0
50000.0,18000.0,0.0,26.0,1.0
50000.0,18000.0,0.0,22.0,1.0
24000.0,2500.0,0.0,22.0,0.0
24000.0,6000.0,1.0,22.0,0.0
52000.0,18000.0,0.0,25.0,1.0
52000.0,18000.0,1.0,22.0,1.0
52526.0,18000.0,0.0,25.0,1.0
46610.0,18000.0,0.0,22.0,1.0
48000.0,18000.0,0.0,24.0,1.0
24000.0,8000.0,0.0,23.0,0.0
55000.0,18000.0,0.0,25.0,1.0
55344.0,18000.0,0.0,25.0,1.0
24000.0,1375.0,0.0,23.0,1.0
56000.0,18000.0,0.0,24.0,1.0
50000.0,18000.0,0.0,21.0,1.0
52240.0,18000.0,0.0,21.0,1.0
53000.0,18000.0,1.0,26.0,1.0
60000.0,18000.0,0.0,22.0,0.0
60000.0,18000.0,0.0,22.0,0.0
61500.0,18000.0,1.0,25.0,0.0
24000.0,5000.0,0.0,26.0,1.0
62000.0,18000.0,1.0,22.0,0.0
24000.0,5600.0,0.0,23.0,0.0
24000.0,10000.0,0.0,24.0,0.0
63000.0,18000.0,0.0,22.0,0.0
63000.0,18000.0,0.0,23.0,0.0
63000.0,18000.0,1.0,23.0,0.0
65000.0,18000.0,0.0,25.0,0.0
59000.0,18000.0,1.0,24.0,1.0
59000.0,18000.0,0.0,26.0,1.0
60000.0,18000.0,1.0,26.0,1.0
66000.0,18000.0,0.0,25.0,0.0
68000.0,18000.0,0.0,21.0,0.0
70000.0,18000.0,0.0,24.0,0.0
54400.0,18000.0,1.0,25.0,1.0
70200.0,18000.0,0.0,25.0,0.0
65000.0,18000.0,0.0,25.0,1.0
71820.0,18000.0,0.0,26.0,0.0
66000.0,18000.0,1.0,24.0,1.0
72000.0,18000.0,0.0,24.0,0.0
24000.0,3000.0,0.0,24.0,0.0
24000.0,1200.0,1.0,25.0,0.0
75000.0,18000.0,1.0,23.0,0.0
24000.0,3500.0,1.0,25.0,1.0
75576.0,18000.0,0.0,23.0,0.0
24000.0,7000.0,0.0,21.0,0.0
78000.0,18000.0,0.0,26.0,0.0
80000.0,18000.0,0.0,21.0,0.0
80000.0,18000.0,0.0,23.0,0.0
80000.0,18000.0,0.0,22.0,0.0
80171.0,18000.0,0.0,26.0,0.0
81000.0,18000.0,0.0,23.0,0.0
24000.0,2800.0,0.0,23.0,1.0
76500.0,18000.0,0.0,23.0,1.0
24000.0,8500.0,0.0,24.0,0.0
24000.0,2100.0,0.0,26.0,0.0
82570.0,18000.0,0.0,22.0,0.0
24000.0,6000.0,0.0,26.0,0.0
84000.0,18000.0,0.0,25.0,0.0
24000.0,2500.0,0.0,22.0,0.0
85000.0,18000.0,0.0,25.0,0.0
86000.0,18000.0,0.0,26.0,0.0
87000.0,18000.0,0.0,23.0,0.0
88000.0,18000.0,0.0,23.0,0.0
90000.0,18000.0,0.0,23.0,0.0
95000.0,18000.0,0.0,24.0,0.0
95000.0,18000.0,0.0,26.0,0.0
102000.0,18000.0,1.0,24.0,0.0
110000.0,18000.0,0.0,24.0,0.0
87550.0,18000.0,0.0,23.0,1.0
116004.0,18000.0,0.0,26.0,0.0
121000.0,18000.0,0.0,24.0,0.0
125000.0,18000.0,1.0,22.0,0.0
24000.0,5000.0,0.0,25.0,0.0
144500.0,18000.0,0.0,22.0,0.0
155000.0,18000.0,0.0,24.0,0.0
24000.0,5000.0,0.0,22.0,0.0
75000.0,17950.0,0.0,21.0,0.0
24000.0,7000.0,0.0,25.0,0.0
62050.0,17800.0,1.0,23.0,1.0
24000.0,1500.0,0.0,23.0,0.0
48000.0,17750.0,0.0,22.0,1.0
65000.0,17700.0,0.0,22.0,0.0
24000.0,8000.0,0.0,26.0,0.0
24000.0,8000.0,1.0,24.0,0.0
24000.0,3975.0,0.0,22.0,0.0
45000.0,17625.0,0.0,23.0,1.0
65500.0,17600.0,0.0,22.0,0.0
70000.0,17600.0,0.0,24.0,0.0
24000.0,5000.0,0.0,21.0,0.0
24091.0,3500.0,1.0,23.0,0.0
72250.0,17600.0,1.0,24.0,1.0
32400.0,17500.0,1.0,25.0,1.0
36000.0,17500.0,0.0,23.0,1.0
37232.0,17500.0,0.0,21.0,1.0
24300.0,4500.0,0.0,21.0,0.0
24396.0,4000.0,0.0,21.0,0.0
40800.0,17500.0,0.0,24.0,1.0
24449.0,1800.0,0.0,22.0,0.0
44000.0,17500.0,0.0,25.0,1.0
47500.0,17500.0,0.0,23.0,1.0
49176.0,17500.0,0.0,22.0,1.0
49270.0,17500.0,0.0,23.0,1.0
53352.0,17500.0,0.0,23.0,1.0
54996.0,17500.0,0.0,24.0,1.0
58000.0,17500.0,1.0,24.0,0.0
59000.0,17500.0,0.0,23.0,0.0
60000.0,17500.0,0.0,26.0,0.0
75000.0,17500.0,0.0,26.0,0.0
24900.0,5500.0,0.0,22.0,1.0
95950.0,17500.0,0.0,25.0,0.0
24960.0,2000.0,1.0,21.0,0.0
40000.0,17475.0,0.0,23.0,1.0
45408.0,17475.0,0.0,21.0,1.0
24996.0,5000.0,0.0,23.0,0.0
58000.0,17475.0,0.0,22.0,0.0
82000.0,17400.0,0.0,24.0,0.0
96000.0,17400.0,0.0,24.0,0.0
133000.0,17400.0,0.0,24.0,0.0
95000.0,17200.0,0.0,24.0,0.0
35000.0,17000.0,0.0,23.0,1.0
29400.0,17000.0,1.0,26.0,1.0
24996.0,7000.0,0.0,21.0,0.0
40000.0,17000.0,0.0,22.0,1.0
41400.0,17000.0,0.0,22.0,1.0
42000.0,17000.0,0.0,22.0,1.0
43275.0,17000.0,0.0,24.0,1.0
45792.0,17000.0,0.0,24.0,1.0
47000.0,17000.0,0.0,23.0,1.0
49896.0,17000.0,0.0,25.0,1.0
50000.0,17000.0,0.0,24.0,1.0
24996.0,8000.0,0.0,23.0,0.0
51000.0,17000.0,0.0,23.0,1.0
52000.0,17000.0,1.0,25.0,1.0
24996.0,6500.0,1.0,21.0,0.0
52000.0,17000.0,0.0,23.0,1.0
54660.0,17000.0,0.0,23.0,1.0
55782.0,17000.0,0.0,24.0,0.0
53000.0,17000.0,0.0,23.0,1.0
25000.0,2400.0,1.0,22.0,0.0
60000.0,17000.0,0.0,23.0,0.0
60000.0,17000.0,0.0,25.0,0.0
62000.0,17000.0,0.0,25.0,0.0
65000.0,17000.0,0.0,26.0,0.0
70000.0,17000.0,0.0,23.0,0.0
75000.0,17000.0,0.0,24.0,0.0
75000.0,17000.0,0.0,24.0,0.0
78000.0,17000.0,0.0,23.0,0.0
25000.0,3600.0,0.0,21.0,0.0
85500.0,17000.0,1.0,23.0,0.0
89004.0,17000.0,0.0,22.0,0.0
66300.0,17000.0,1.0,26.0,1.0
90000.0,17000.0,0.0,23.0,0.0
95000.0,17000.0,0.0,26.0,0.0
96000.0,17000.0,0.0,22.0,0.0
114000.0,17000.0,0.0,25.0,0.0
175000.0,17000.0,0.0,26.0,0.0
49000.0,16950.0,1.0,21.0,1.0
72000.0,16875.0,0.0,24.0,0.0
25000.0,7000.0,0.0,26.0,0.0
25000.0,7200.0,0.0,23.0,0.0
34819.0,16800.0,0.0,22.0,1.0
50000.0,16800.0,0.0,22.0,1.0
25000.0,1800.0,0.0,22.0,0.0
60000.0,16800.0,1.0,22.0,0.0
60000.0,16800.0,0.0,24.0,0.0
60000.0,16800.0,1.0,23.0,0.0
54000.0,16800.0,1.0,26.0,1.0
25000.0,3000.0,0.0,22.0,1.0
66000.0,16800.0,1.0,22.0,0.0
58650.0,16800.0,0.0,22.0,1.0
74000.0,16800.0,1.0,24.0,1.0
97000.0,16800.0,0.0,26.0,0.0
97000.0,16800.0,0.0,26.0,0.0
103000.0,16800.0,0.0,23.0,0.0
125000.0,16800.0,0.0,24.0,0.0
25000.0,2000.0,0.0,25.0,0.0
36000.0,16750.0,1.0,23.0,1.0
44500.0,16750.0,0.0,22.0,1.0
45000.0,16750.0,0.0,26.0,1.0
46272.0,16750.0,0.0,23.0,1.0
25000.0,4000.0,0.0,24.0,0.0
42000.0,16750.0,0.0,26.0,1.0
50496.0,16750.0,1.0,22.0,1.0
54000.0,16750.0,1.0,24.0,1.0
54996.0,16700.0,0.0,23.0,0.0
59160.0,16600.0,0.0,25.0,1.0
70000.0,16525.0,1.0,26.0,0.0
98400.0,16525.0,1.0,25.0,0.0
40428.0,16500.0,0.0,22.0,1.0
47000.0,16500.0,0.0,23.0,1.0
48000.0,16500.0,0.0,22.0,1.0
25000.0,1500.0,0.0,25.0,0.0
56000.0,16500.0,1.0,25.0,1.0
57504.0,16500.0,0.0,25.0,1.0
25000.0,9000.0,0.0,24.0,0.0
25000.0,11500.0,0.0,26.0,0.0
25000.0,3000.0,0.0,25.0,0.0
83300.0,16500.0,0.0,26.0,1.0
45000.0,16425.0,1.0,24.0,1.0
61000.0,16400.0,0.0,24.0,0.0
47000.0,16250.0,0.0,26.0,1.0
25000.0,1000.0,0.0,21.0,0.0
54000.0,16075.0,0.0,22.0,0.0
39000.0,16050.0,1.0,25.0,1.0
30000.0,16000.0,0.0,23.0,1.0
33000.0,16000.0,0.0,22.0,1.0
35000.0,16000.0,0.0,26.0,1.0
25000.0,6250.0,0.0,26.0,1.0
35000.0,16000.0,0.0,24.0,1.0
25000.0,4750.0,0.0,23.0,0.0
36900.0,16000.0,0.0,22.0,1.0
38000.0,16000.0,1.0,25.0,1.0
39000.0,16000.0,1.0,25.0,1.0
39996.0,16000.0,0.0,24.0,1.0
25000.0,6000.0,0.0,22.0,0.0
25000.0,4800.0,0.0,25.0,0.0
40000.0,16000.0,0.0,25.0,1.0
40000.0,16000.0,1.0,23.0,1.0
40000.0,16000.0,0.0,22.0,1.0
40000.0,16000.0,0.0,21.0,1.0
34000.0,16000.0,0.0,22.0,1.0
41900.0,16000.0,1.0,21.0,1.0
42494.0,16000.0,0.0,24.0,1.0
25000.0,5000.0,0.0,23.0,0.0
25000.0,11100.0,0.0,22.0,0.0
42856.0,16000.0,0.0,24.0,1.0
43000.0,16000.0,0.0,25.0,1.0
25000.0,1525.0,0.0,25.0,0.0
25000.0,7000.0,0.0,24.0,0.0
44000.0,16000.0,0.0,23.0,1.0
44000.0,16000.0,0.0,24.0,1.0
25000.0,12000.0,0.0,26.0,1.0
38400.0,16000.0,1.0,22.0,1.0
25000.0,10000.0,0.0,24.0,0.0
39000.0,16000.0,1.0,24.0,1.0
45000.0,16000.0,0.0,22.0,1.0
25000.0,8800.0,0.0,21.0,0.0
39000.0,16000.0,0.0,24.0,1.0
25040.0,5000.0,0.0,24.0,0.0
25062.0,4000.0,1.0,22.0,0.0
25100.0,10800.0,1.0,23.0,0.0
25104.0,5400.0,0.0,26.0,0.0
39000.0,16000.0,0.0,23.0,1.0
39000.0,16000.0,1.0,25.0,1.0
25200.0,7000.0,0.0,22.0,0.0
48000.0,16000.0,0.0,23.0,1.0
42000.0,16000.0,0.0,22.0,1.0
50000.0,16000.0,0.0,25.0,1.0
25200.0,3200.0,1.0,24.0,0.0
50000.0,16000.0,1.0,24.0,1.0
25200.0,1200.0,1.0,25.0,0.0
50000.0,16000.0,0.0,24.0,1.0
44000.0,16000.0,0.0,22.0,1.0
51000.0,16000.0,0.0,24.0,1.0
45000.0,16000.0,1.0,23.0,1.0
52000.0,16000.0,0.0,21.0,1.0
53000.0,16000.0,0.0,22.0,0.0
25200.0,4000.0,0.0,22.0,1.0
55000.0,16000.0,0.0,21.0,0.0
25200.0,6500.0,1.0,21.0,1.0
25200.0,7000.0,0.0,22.0,0.0
52000.0,16000.0,0.0,25.0,1.0
25200.0,1000.0,0.0,23.0,0.0
25200.0,1000.0,0.0,22.0,1.0
52500.0,16000.0,0.0,22.0,1.0
60000.0,16000.0,0.0,26.0,0.0
54000.0,16000.0,0.0,24.0,1.0
54000.0,16000.0,0.0,26.0,1.0
25344.0,4000.0,0.0,24.0,1.0
62000.0,16000.0,0.0,23.0,0.0
25480.0,5000.0,0.0,23.0,0.0
25500.0,7850.0,0.0,23.0,0.0
25500.0,7000.0,0.0,22.0,0.0
57175.0,16000.0,0.0,22.0,1.0
25500.0,5600.0,0.0,26.0,0.0
57336.0,16000.0,0.0,22.0,1.0
25568.0,12000.0,1.0,25.0,1.0
64000.0,16000.0,0.0,23.0,0.0
58575.0,16000.0,0.0,24.0,1.0
64800.0,16000.0,0.0,22.0,0.0
65000.0,16000.0,0.0,21.0,0.0
25632.0,1500.0,0.0,24.0,0.0
65000.0,16000.0,0.0,22.0,0.0
25788.0,3500.0,0.0,22.0,0.0
65000.0,16000.0,0.0,22.0,0.0
59000.0,16000.0,0.0,24.0,1.0
65000.0,16000.0,0.0,23.0,0.0
25920.0,11325.0,0.0,22.0,0.0
65000.0,16000.0,1.0,22.0,0.0
59000.0,16000.0,0.0,22.0,1.0
66000.0,16000.0,0.0,25.0,0.0
25992.0,3000.0,0.0,22.0,0.0
60996.0,16000.0,0.0,23.0,1.0
62500.0,16000.0,0.0,23.0,1.0
63000.0,16000.0,0.0,23.0,1.0
26000.0,3825.0,0.0,25.0,0.0
64000.0,16000.0,1.0,20.0,1.0
72000.0,16000.0,1.0,24.0,0.0
74000.0,16000.0,1.0,26.0,0.0
74337.0,16000.0,0.0,24.0,0.0
74999.0,16000.0,1.0,26.0,0.0
26000.0,7000.0,0.0,26.0,0.0
26000.0,7800.0,0.0,23.0,0.0
75000.0,16000.0,1.0,26.0,0.0
26000.0,5000.0,0.0,23.0,0.0
69000.0,16000.0,0.0,24.0,1.0
20000.0,1000.0,1.0,21.0,0.0
26000.0,2000.0,0.0,23.0,0.0
26000.0,4000.0,0.0,22.0,0.0
26000.0,6000.0,0.0,21.0,0.0
23712.0,1000.0,0.0,25.0,0.0
24000.0,1000.0,0.0,24.0,1.0
24000.0,1000.0,0.0,21.0,1.0
24000.0,1000.0,1.0,22.0,0.0
24960.0,1000.0,0.0,21.0,0.0
25000.0,1000.0,1.0,26.0,0.0
25000.0,1000.0,0.0,22.0,1.0
26000.0,8500.0,0.0,26.0,1.0
26000.0,14500.0,1.0,21.0,1.0
26000.0,7000.0,0.0,24.0,0.0
28000.0,1000.0,1.0,22.0,1.0
28000.0,1000.0,0.0,25.0,0.0
26000.0,2000.0,0.0,22.0,0.0
28000.0,1000.0,0.0,22.0,1.0
28000.0,1000.0,0.0,24.0,0.0
28600.0,1000.0,0.0,23.0,0.0
29000.0,1000.0,0.0,22.0,0.0
26000.0,17000.0,1.0,22.0,1.0
29000.0,1000.0,0.0,26.0,0.0
30000.0,1000.0,0.0,24.0,0.0
30000.0,1000.0,0.0,21.0,0.0
26000.0,7000.0,1.0,23.0,0.0
26000.0,500.0,0.0,22.0,0.0
30000.0,1000.0,0.0,26.0,0.0
26004.0,10000.0,0.0,25.0,0.0
26004.0,5000.0,0.0,22.0,0.0
30035.0,1000.0,1.0,25.0,0.0
26004.0,6000.0,0.0,26.0,0.0
26004.0,5000.0,0.0,22.0,0.0
33000.0,1000.0,0.0,25.0,0.0
33388.0,1000.0,0.0,21.0,0.0
26004.0,12000.0,0.0,22.0,1.0
26004.0,10000.0,0.0,26.0,0.0
33600.0,1000.0,0.0,23.0,0.0
33600.0,1000.0,0.0,25.0,0.0
34000.0,1000.0,0.0,23.0,0.0
34800.0,1000.0,0.0,23.0,0.0
34800.0,1000.0,1.0,25.0,0.0
35000.0,1000.0,0.0,25.0,0.0
29000.0,1000.0,0.0,26.0,1.0
35100.0,1000.0,1.0,24.0,0.0
35100.0,1000.0,0.0,22.0,0.0
26400.0,6000.0,0.0,24.0,0.0
36000.0,1000.0,0.0,23.0,0.0
36000.0,1000.0,0.0,22.0,0.0
26400.0,7500.0,0.0,25.0,0.0
36000.0,1000.0,0.0,22.0,0.0
31000.0,1000.0,1.0,23.0,1.0
32000.0,1000.0,0.0,25.0,1.0
38000.0,1000.0,1.0,26.0,0.0
32000.0,1000.0,0.0,24.0,1.0
38400.0,1000.0,1.0,21.0,0.0
33600.0,1000.0,1.0,25.0,1.0
39996.0,1000.0,0.0,24.0,0.0
40000.0,1000.0,0.0,22.0,0.0
40000.0,1000.0,0.0,23.0,0.0
40000.0,1000.0,0.0,24.0,0.0
26400.0,5975.0,1.0,25.0,0.0
40000.0,1000.0,0.0,23.0,0.0
40000.0,1000.0,0.0,24.0,0.0
34500.0,1000.0,0.0,21.0,1.0
40800.0,1000.0,0.0,22.0,0.0
42000.0,1000.0,0.0,22.0,0.0
42000.0,1000.0,0.0,24.0,0.0
43000.0,1000.0,0.0,23.0,0.0
26400.0,4000.0,0.0,25.0,0.0
45000.0,1000.0,0.0,21.0,0.0
45000.0,1000.0,0.0,24.0,0.0
45000.0,1000.0,1.0,23.0,0.0
48000.0,1000.0,0.0,22.0,0.0
42000.0,1000.0,1.0,21.0,1.0
49000.0,1000.0,0.0,25.0,0.0
50000.0,1000.0,0.0,21.0,0.0
26400.0,8500.0,1.0,26.0,0.0
26400.0,4400.0,0.0,22.0,0.0
50400.0,1000.0,0.0,26.0,0.0
51000.0,1000.0,0.0,23.0,0.0
54000.0,1000.0,0.0,26.0,0.0
56000.0,1000.0,0.0,22.0,0.0
58000.0,1000.0,0.0,22.0,0.0
26400.0,4000.0,0.0,21.0,0.0
69000.0,1000.0,0.0,23.0,0.0
70399.0,1000.0,0.0,24.0,0.0
72000.0,1000.0,0.0,22.0,0.0
26453.0,7200.0,0.0,25.0,1.0
75000.0,1000.0,1.0,23.0,0.0
87000.0,1000.0,0.0,24.0,0.0
26500.0,6000.0,1.0,21.0,1.0
96000.0,1000.0,0.0,26.0,0.0
26500.0,6000.0,0.0,23.0,0.0
14400.0,1100.0,0.0,23.0,0.0
77000.0,1150.0,0.0,23.0,0.0
9960.0,1200.0,0.0,24.0,0.0
26650.0,1000.0,0.0,24.0,0.0
13000.0,1200.0,0.0,24.0,0.0
14400.0,1200.0,0.0,22.0,0.0
26796.0,3000.0,0.0,22.0,0.0
14400.0,1200.0,0.0,24.0,0.0
14400.0,1200.0,0.0,21.0,0.0
15600.0,1200.0,0.0,23.0,1.0
16200.0,1200.0,0.0,21.0,0.0
16800.0,1200.0,0.0,25.0,0.0
18000.0,1200.0,0.0,24.0,0.0
27000.0,9600.0,1.0,21.0,0.0
20400.0,1200.0,0.0,23.0,1.0
27000.0,6400.0,0.0,23.0,0.0
20400.0,1200.0,0.0,23.0,0.0
21600.0,1200.0,0.0,22.0,0.0
27000.0,4800.0,0.0,22.0,0.0
27000.0,1000.0,1.0,23.0,1.0
26400.0,1200.0,1.0,23.0,1.0
27600.0,1200.0,0.0,22.0,0.0
28000.0,1200.0,0.0,22.0,0.0
27000.0,10800.0,0.0,22.0,0.0
30000.0,1200.0,0.0,21.0,0.0
27000.0,7750.0,0.0,22.0,0.0
30000.0,1200.0,0.0,26.0,0.0
31200.0,1200.0,0.0,22.0,0.0
31500.0,1200.0,0.0,23.0,0.0
32400.0,1200.0,1.0,24.0,0.0
27000.0,6000.0,0.0,22.0,0.0
33000.0,1200.0,0.0,23.0,0.0
34000.0,1200.0,0.0,21.0,1.0
34000.0,1200.0,0.0,26.0,0.0
34560.0,1200.0,0.0,22.0,1.0
29004.0,1200.0,1.0,22.0,1.0
27000.0,3025.0,0.0,26.0,0.0
36000.0,1200.0,1.0,23.0,0.0
36000.0,1200.0,0.0,24.0,0.0
36000.0,1200.0,0.0,23.0,0.0
40000.0,1200.0,0.0,21.0,0.0
34000.0,1200.0,1.0,22.0,1.0
40000.0,1200.0,0.0,25.0,0.0
43000.0,1200.0,0.0,25.0,0.0
27000.0,9475.0,0.0,24.0,0.0
44664.0,1200.0,1.0,22.0,0.0
39000.0,1200.0,0.0,23.0,1.0
48000.0,1200.0,0.0,25.0,0.0
27000.0,5000.0,0.0,22.0,0.0
55000.0,1200.0,0.0,25.0,0.0
58000.0,1200.0,0.0,23.0,0.0
58700.0,1200.0,0.0,23.0,0.0
27000.0,7500.0,0.0,24.0,0.0
60000.0,1200.0,0.0,25.0,0.0
100000.0,1200.0,0.0,22.0,0.0
9600.0,1300.0,0.0,24.0,1.0
41000.0,1300.0,0.0,26.0,0.0
45000.0,1300.0,1.0,24.0,0.0
50000.0,1300.0,0.0,26.0,0.0
54000.0,1300.0,1.0,22.0,1.0
27048.0,8000.0,1.0,25.0,1.0
64000.0,1300.0,0.0,24.0,1.0
89000.0,1300.0,0.0,25.0,0.0
24000.0,1325.0,1.0,25.0,1.0
26000.0,1325.0,0.0,24.0,1.0
44400.0,1325.0,0.0,24.0,1.0
27138.0,2750.0,0.0,26.0,0.0
51500.0,1325.0,0.0,25.0,0.0
23004.0,1350.0,0.0,21.0,0.0
42000.0,1350.0,0.0,25.0,0.0
69600.0,1350.0,0.0,22.0,0.0
10000.0,1400.0,0.0,24.0,0.0
27302.0,3725.0,0.0,22.0,0.0
14650.0,1400.0,1.0,23.0,1.0
27360.0,8000.0,0.0,24.0,0.0
27442.0,5175.0,0.0,24.0,0.0
30000.0,1400.0,1.0,24.0,1.0
30000.0,1400.0,0.0,25.0,0.0
33000.0,1400.0,1.0,22.0,0.0
40000.0,1400.0,0.0,26.0,0.0
40044.0,1400.0,0.0,26.0,0.0
27568.0,3500.0,0.0,21.0,1.0
35652.0,1400.0,0.0,26.0,1.0
27600.0,2000.0,1.0,24.0,0.0
27600.0,2500.0,0.0,26.0,0.0
27600.0,7000.0,0.0,24.0,0.0
42000.0,1400.0,0.0,23.0,1.0
27600.0,11500.0,0.0,25.0,1.0
27600.0,8400.0,0.0,22.0,0.0
27600.0,6000.0,1.0,24.0,1.0
30000.0,1450.0,0.0,23.0,1.0
47000.0,1450.0,0.0,24.0,0.0
55560.0,1450.0,0.0,26.0,0.0
101000.0,1475.0,0.0,22.0,0.0
27000.0,1500.0,1.0,24.0,1.0
27040.0,1500.0,0.0,22.0,0.0
27996.0,1500.0,0.0,25.0,0.0
28000.0,1500.0,1.0,23.0,0.0
27600.0,9600.0,0.0,22.0,0.0
27600.0,1200.0,1.0,23.0,0.0
28596.0,1500.0,0.0,24.0,0.0
28800.0,1500.0,0.0,23.0,0.0
30000.0,1500.0,0.0,23.0,0.0
30000.0,1500.0,0.0,21.0,0.0
30000.0,1500.0,1.0,24.0,0.0
30000.0,1500.0,1.0,25.0,1.0
30000.0,1500.0,1.0,26.0,1.0
30000.0,1500.0,0.0,21.0,0.0
31000.0,1500.0,0.0,23.0,0.0
27983.0,6000.0,0.0,26.0,0.0
31200.0,1500.0,0.0,25.0,0.0
31500.0,1500.0,0.0,25.0,0.0
32000.0,1500.0,0.0,25.0,0.0
27996.0,4800.0,1.0,23.0,0.0
32000.0,1500.0,0.0,25.0,0.0
32000.0,1500.0,1.0,24.0,0.0
32304.0,1500.0,0.0,24.0,1.0
33000.0,1500.0,0.0,25.0,0.0
27996.0,5000.0,0.0,22.0,0.0
27996.0,4200.0,1.0,23.0,0.0
27996.0,9250.0,0.0,23.0,0.0
27996.0,3250.0,0.0,22.0,1.0
27996.0,5500.0,0.0,22.0,0.0
33600.0,1500.0,0.0,26.0,0.0
33996.0,1500.0,0.0,23.0,0.0
34942.0,1500.0,0.0,25.0,0.0
35000.0,1500.0,0.0,21.0,0.0
35000.0,1500.0,0.0,25.0,0.0
35000.0,1500.0,0.0,23.0,0.0
27996.0,10000.0,0.0,21.0,0.0
29004.0,1500.0,1.0,23.0,1.0
36000.0,1500.0,0.0,24.0,0.0
36000.0,1500.0,0.0,24.0,0.0
28000.0,12300.0,0.0,22.0,0.0
36000.0,1500.0,0.0,21.0,0.0
30996.0,1500.0,1.0,24.0,1.0
38000.0,1500.0,1.0,22.0,0.0
28000.0,9500.0,0.0,23.0,1.0
28000.0,2500.0,0.0,23.0,0.0
38000.0,1500.0,0.0,23.0,0.0
28000.0,7000.0,0.0,23.0,0.0
39000.0,1500.0,1.0,24.0,0.0
33996.0,1500.0,0.0,25.0,1.0
40000.0,1500.0,1.0,23.0,0.0
28000.0,1000.0,1.0,21.0,0.0
28000.0,10000.0,0.0,22.0,0.0
34000.0,1500.0,0.0,24.0,1.0
40000.0,1500.0,0.0,21.0,0.0
40000.0,1500.0,0.0,23.0,0.0
34980.0,1500.0,1.0,22.0,1.0
28000.0,8400.0,0.0,23.0,0.0
42000.0,1500.0,0.0,21.0,0.0
36000.0,1500.0,1.0,22.0,1.0
42000.0,1500.0,0.0,23.0,0.0
42769.0,1500.0,0.0,25.0,0.0
28000.0,4000.0,0.0,23.0,0.0
44400.0,1500.0,0.0,23.0,0.0
28000.0,8500.0,0.0,22.0,0.0
39000.0,1500.0,0.0,24.0,1.0
28000.0,5225.0,0.0,23.0,1.0
45000.0,1500.0,0.0,23.0,0.0
45000.0,1500.0,0.0,26.0,0.0
48000.0,1500.0,0.0,25.0,0.0
42000.0,1500.0,1.0,26.0,1.0
42500.0,1500.0,1.0,22.0,1.0
48720.0,1500.0,1.0,24.0,0.0
50000.0,1500.0,0.0,24.0,0.0
50500.0,1500.0,0.0,25.0,0.0
51996.0,1500.0,1.0,26.0,0.0
28000.0,12200.0,0.0,25.0,0.0
28000.0,10750.0,0.0,22.0,0.0
52000.0,1500.0,0.0,21.0,0.0
54000.0,1500.0,1.0,24.0,0.0
28000.0,5000.0,0.0,25.0,0.0
28000.0,4000.0,0.0,26.0,0.0
54000.0,1500.0,0.0,23.0,0.0
28000.0,4000.0,0.0,25.0,0.0
54000.0,1500.0,1.0,26.0,0.0
28000.0,9000.0,0.0,24.0,1.0
55400.0,1500.0,0.0,26.0,0.0
51000.0,1500.0,1.0,21.0,1.0
57160.0,1500.0,0.0,22.0,0.0
57996.0,1500.0,0.0,24.0,0.0
58000.0,1500.0,0.0,22.0,0.0
60000.0,1500.0,1.0,22.0,0.0
63000.0,1500.0,0.0,25.0,0.0
71000.0,1500.0,0.0,22.0,0.0
69764.0,1500.0,1.0,24.0,1.0
28176.0,1000.0,0.0,25.0,0.0
12000.0,1600.0,0.0,21.0,1.0
14400.0,1600.0,0.0,24.0,1.0
15120.0,1600.0,0.0,24.0,0.0
15360.0,1600.0,0.0,21.0,0.0
28500.0,3500.0,0.0,24.0,0.0
22800.0,1600.0,0.0,23.0,0.0
20000.0,1675.0,0.0,22.0,0.0
28500.0,4800.0,0.0,21.0,0.0
28500.0,8500.0,0.0,22.0,0.0
24960.0,1675.0,0.0,23.0,0.0
28800.0,1675.0,1.0,23.0,1.0
46300.0,1675.0,0.0,23.0,0.0
60000.0,1675.0,0.0,24.0,0.0
28596.0,2000.0,0.0,21.0,0.0
17688.0,1700.0,0.0,23.0,0.0
18600.0,1700.0,0.0,23.0,0.0
28644.0,10000.0,0.0,23.0,0.0
45000.0,1700.0,0.0,23.0,0.0
28692.0,3000.0,0.0,21.0,0.0
9600.0,1750.0,0.0,21.0,1.0
28800.0,6000.0,0.0,26.0,0.0
9840.0,1750.0,0.0,26.0,1.0
28800.0,8875.0,0.0,22.0,0.0
10000.0,1750.0,1.0,23.0,1.0
28800.0,5150.0,0.0,26.0,0.0
17000.0,1750.0,0.0,23.0,0.0
22800.0,1750.0,1.0,23.0,1.0
96000.0,1750.0,0.0,26.0,0.0
22800.0,1775.0,0.0,23.0,0.0
40000.0,1775.0,0.0,21.0,0.0
45000.0,1775.0,1.0,23.0,0.0
28800.0,1400.0,0.0,24.0,1.0
14400.0,1800.0,0.0,24.0,0.0
28800.0,5000.0,0.0,23.0,0.0
28800.0,6075.0,0.0,24.0,0.0
28800.0,3500.0,0.0,24.0,0.0
18000.0,1800.0,0.0,21.0,0.0
18000.0,1800.0,1.0,26.0,0.0
18000.0,1800.0,0.0,22.0,1.0
28800.0,10000.0,0.0,22.0,0.0
21000.0,1800.0,0.0,24.0,0.0
28800.0,5000.0,0.0,21.0,0.0
28800.0,10000.0,0.0,22.0,0.0
28800.0,6000.0,0.0,23.0,0.0
24000.0,1800.0,0.0,24.0,0.0
25000.0,1800.0,0.0,23.0,1.0
28000.0,1800.0,0.0,25.0,0.0
45000.0,1800.0,0.0,22.0,0.0
45000.0,1800.0,1.0,25.0,0.0
28800.0,3000.0,0.0,23.0,0.0
28800.0,8400.0,0.0,23.0,0.0
45000.0,1800.0,1.0,26.0,0.0
28800.0,6000.0,0.0,24.0,0.0
45336.0,1800.0,0.0,22.0,0.0
48000.0,1800.0,0.0,23.0,0.0
48000.0,1800.0,1.0,21.0,0.0
50960.0,1800.0,0.0,23.0,0.0
28800.0,5500.0,1.0,21.0,0.0
57000.0,1800.0,0.0,22.0,0.0
58000.0,1800.0,0.0,22.0,0.0
71004.0,1800.0,0.0,22.0,0.0
73000.0,1800.0,0.0,22.0,0.0
75000.0,1800.0,0.0,26.0,0.0
75000.0,1800.0,0.0,24.0,0.0
14400.0,1825.0,0.0,21.0,1.0
19200.0,1825.0,1.0,25.0,0.0
28800.0,6250.0,0.0,25.0,0.0
35000.0,1850.0,0.0,24.0,0.0
13200.0,1875.0,0.0,21.0,0.0
14400.0,1875.0,1.0,24.0,0.0
26500.0,1900.0,0.0,22.0,1.0
32000.0,1900.0,1.0,24.0,0.0
30000.0,1925.0,0.0,23.0,0.0
42000.0,1925.0,0.0,25.0,0.0
16800.0,1950.0,0.0,23.0,0.0
28880.0,2000.0,0.0,22.0,0.0
31200.0,1950.0,1.0,24.0,0.0
28900.0,5500.0,1.0,24.0,0.0
10000.0,2000.0,0.0,24.0,1.0
28989.0,10000.0,0.0,23.0,0.0
12000.0,2000.0,0.0,23.0,1.0
12000.0,2000.0,0.0,25.0,1.0
29000.0,11500.0,0.0,23.0,0.0
14400.0,2000.0,0.0,24.0,0.0
14400.0,2000.0,0.0,26.0,1.0
29000.0,4200.0,0.0,21.0,0.0
14400.0,2000.0,0.0,26.0,0.0
14400.0,2000.0,0.0,21.0,0.0
29000.0,7200.0,0.0,26.0,0.0
14400.0,2000.0,0.0,26.0,1.0
15000.0,2000.0,0.0,25.0,0.0
15600.0,2000.0,0.0,21.0,0.0
15915.0,2000.0,1.0,24.0,1.0
15996.0,2000.0,1.0,25.0,0.0
18000.0,2000.0,0.0,25.0,1.0
18000.0,2000.0,0.0,23.0,0.0
18000.0,2000.0,0.0,21.0,0.0
18000.0,2000.0,0.0,26.0,1.0
19176.0,2000.0,1.0,22.0,0.0
29000.0,20000.0,0.0,24.0,0.0
19200.0,2000.0,0.0,24.0,0.0
19200.0,2000.0,0.0,23.0,0.0
19200.0,2000.0,0.0,26.0,0.0
19728.0,2000.0,0.0,22.0,0.0
20004.0,2000.0,0.0,26.0,1.0
29004.0,6000.0,0.0,23.0,0.0
29004.0,5000.0,0.0,22.0,0.0
29004.0,2500.0,0.0,22.0,0.0
21000.0,2000.0,1.0,22.0,0.0
29004.0,2000.0,1.0,23.0,0.0
21600.0,2000.0,0.0,21.0,1.0
21600.0,2000.0,0.0,22.0,1.0
22000.0,2000.0,0.0,23.0,0.0
22000.0,2000.0,0.0,22.0,0.0
22004.0,2000.0,0.0,23.0,0.0
23040.0,2000.0,1.0,21.0,0.0
23587.0,2000.0,0.0,22.0,1.0
24000.0,2000.0,0.0,25.0,0.0
24000.0,2000.0,1.0,21.0,1.0
29120.0,6400.0,0.0,23.0,0.0
24000.0,2000.0,1.0,23.0,0.0
29124.0,8875.0,1.0,22.0,1.0
24000.0,2000.0,0.0,25.0,0.0
24000.0,2000.0,1.0,23.0,0.0
24000.0,2000.0,1.0,22.0,0.0
29200.0,2500.0,0.0,24.0,0.0
29232.0,11000.0,0.0,24.0,1.0
24000.0,2000.0,0.0,21.0,0.0
29328.0,10000.0,0.0,25.0,0.0
24000.0,2000.0,1.0,24.0,1.0
24000.0,2000.0,1.0,24.0,1.0
24432.0,2000.0,0.0,22.0,0.0
25000.0,2000.0,0.0,24.0,0.0
25200.0,2000.0,1.0,24.0,1.0
25500.0,2000.0,0.0,21.0,0.0
29553.0,6000.0,0.0,22.0,0.0
26000.0,2000.0,1.0,25.0,0.0
29664.0,5000.0,1.0,21.0,1.0
29666.0,3000.0,0.0,23.0,0.0
26496.0,2000.0,0.0,23.0,0.0
27600.0,2000.0,0.0,23.0,1.0
28800.0,2000.0,0.0,22.0,0.0
30000.0,2000.0,0.0,26.0,1.0
30000.0,2000.0,0.0,25.0,0.0
30000.0,2000.0,0.0,21.0,0.0
29952.0,4750.0,1.0,23.0,1.0
30000.0,2000.0,0.0,24.0,0.0
30000.0,2000.0,1.0,24.0,1.0
29996.0,5400.0,0.0,22.0,0.0
82000.0,15000.0,1.0,23.0,1.0
70550.0,15000.0,1.0,22.0,1.0
95000.0,15000.0,0.0,25.0,0.0
95000.0,15000.0,0.0,23.0,0.0
95000.0,15000.0,1.0,23.0,0.0
30000.0,5000.0,0.0,25.0,0.0
30000.0,6500.0,0.0,25.0,0.0
30000.0,8000.0,0.0,22.0,0.0
83600.0,15000.0,0.0,23.0,1.0
96000.0,15000.0,0.0,25.0,0.0
84000.0,15000.0,1.0,26.0,1.0
96000.0,15000.0,0.0,25.0,0.0
97440.0,15000.0,0.0,25.0,0.0
99000.0,15000.0,0.0,23.0,0.0
100000.0,15000.0,1.0,26.0,0.0
30000.0,7125.0,0.0,21.0,1.0
100000.0,15000.0,0.0,24.0,0.0
100000.0,15000.0,0.0,26.0,0.0
88000.0,15000.0,0.0,24.0,1.0
30000.0,3600.0,0.0,25.0,0.0
100000.0,15000.0,1.0,26.0,0.0
100000.0,15000.0,0.0,24.0,0.0
100896.0,15000.0,0.0,24.0,0.0
102000.0,15000.0,0.0,24.0,0.0
30000.0,5000.0,0.0,23.0,0.0
105000.0,15000.0,0.0,24.0,0.0
105504.0,15000.0,1.0,23.0,0.0
30000.0,2400.0,0.0,21.0,0.0
108820.0,15000.0,0.0,25.0,0.0
109000.0,15000.0,0.0,24.0,0.0
110000.0,15000.0,0.0,23.0,0.0
98000.0,15000.0,0.0,24.0,1.0
111000.0,15000.0,0.0,22.0,0.0
118300.0,15000.0,0.0,24.0,0.0
120000.0,15000.0,0.0,25.0,0.0
122000.0,15000.0,0.0,24.0,0.0
30000.0,4600.0,0.0,23.0,0.0
30000.0,8000.0,0.0,25.0,0.0
125000.0,15000.0,0.0,23.0,0.0
118000.0,15000.0,0.0,26.0,1.0
123000.0,15000.0,0.0,24.0,1.0
140000.0,15000.0,1.0,22.0,0.0
30000.0,10000.0,0.0,22.0,1.0
30000.0,3800.0,0.0,23.0,1.0
30000.0,15000.0,0.0,21.0,0.0
156000.0,15000.0,0.0,26.0,0.0
148000.0,15000.0,0.0,24.0,1.0
200004.0,15000.0,0.0,24.0,0.0
210000.0,15000.0,0.0,26.0,0.0
30000.0,6500.0,0.0,26.0,0.0
165000.0,14950.0,0.0,25.0,0.0
33996.0,14900.0,1.0,22.0,1.0
55000.0,14900.0,0.0,24.0,0.0
58900.0,14900.0,0.0,22.0,0.0
30000.0,7600.0,0.0,21.0,0.0
31500.0,14850.0,0.0,25.0,1.0
28800.0,14800.0,0.0,25.0,1.0
30000.0,1000.0,0.0,23.0,1.0
30000.0,4375.0,0.0,23.0,0.0
30000.0,1400.0,0.0,23.0,0.0
30000.0,2000.0,0.0,25.0,0.0
30000.0,2000.0,0.0,26.0,0.0
30000.0,2000.0,1.0,25.0,0.0
30000.0,2000.0,0.0,24.0,0.0
30972.0,2000.0,0.0,24.0,1.0
31200.0,2000.0,1.0,24.0,0.0
30000.0,17000.0,0.0,24.0,1.0
32000.0,2000.0,0.0,24.0,1.0
32000.0,2000.0,0.0,23.0,0.0
32000.0,2000.0,0.0,26.0,0.0
32000.0,2000.0,0.0,22.0,1.0
32640.0,2000.0,0.0,24.0,1.0
33000.0,2000.0,0.0,23.0,0.0
33000.0,2000.0,1.0,21.0,1.0
40000.0,2000.0,0.0,24.0,0.0
40000.0,2000.0,0.0,21.0,0.0
50450.0,2000.0,0.0,25.0,0.0
53000.0,2000.0,0.0,24.0,0.0
53117.0,2000.0,0.0,24.0,0.0
55000.0,2000.0,0.0,23.0,0.0
56496.0,2000.0,0.0,24.0,0.0
57000.0,2000.0,0.0,25.0,0.0
57450.0,2000.0,1.0,26.0,0.0
58020.0,2000.0,0.0,25.0,0.0
60000.0,2000.0,0.0,22.0,0.0
54000.0,2000.0,1.0,22.0,1.0
30000.0,9000.0,0.0,21.0,0.0
61000.0,2000.0,0.0,26.0,0.0
62000.0,2000.0,0.0,24.0,0.0
62000.0,2000.0,0.0,22.0,0.0
62400.0,2000.0,0.0,26.0,0.0
57996.0,2000.0,0.0,24.0,1.0
65000.0,2000.0,1.0,22.0,0.0
65000.0,2000.0,0.0,26.0,0.0
70000.0,2000.0,0.0,23.0,0.0
30000.0,1200.0,0.0,23.0,0.0
30000.0,6000.0,0.0,22.0,0.0
70000.0,2000.0,1.0,26.0,0.0
30000.0,3000.0,0.0,22.0,0.0
70000.0,2000.0,0.0,24.0,0.0
75000.0,2000.0,0.0,24.0,0.0
75000.0,2000.0,0.0,22.0,0.0
75000.0,2000.0,0.0,23.0,0.0
30000.0,3000.0,0.0,21.0,0.0
30000.0,2000.0,0.0,26.0,1.0
30000.0,3000.0,1.0,22.0,0.0
30000.0,13250.0,0.0,22.0,0.0
80000.0,2000.0,0.0,23.0,0.0
80000.0,2000.0,0.0,25.0,0.0
89100.0,2000.0,1.0,25.0,0.0
90000.0,2000.0,0.0,23.0,0.0
99996.0,2000.0,1.0,21.0,0.0
100000.0,2000.0,0.0,23.0,0.0
101424.0,2000.0,0.0,25.0,0.0
108000.0,2000.0,0.0,26.0,0.0
30000.0,3800.0,0.0,23.0,0.0
130000.0,2000.0,0.0,25.0,0.0
25000.0,2050.0,0.0,22.0,0.0
10000.0,2100.0,0.0,23.0,1.0
12000.0,2100.0,0.0,23.0,1.0
14400.0,2100.0,0.0,22.0,1.0
15000.0,2100.0,1.0,24.0,0.0
21600.0,2100.0,0.0,22.0,0.0
23000.0,2100.0,1.0,25.0,0.0
24000.0,2100.0,0.0,22.0,0.0
30000.0,2000.0,0.0,22.0,0.0
34560.0,2100.0,0.0,22.0,1.0
40000.0,2100.0,0.0,22.0,0.0
44400.0,2100.0,0.0,25.0,0.0
30000.0,2500.0,0.0,22.0,0.0
45000.0,2100.0,0.0,23.0,0.0
52800.0,2100.0,0.0,22.0,0.0
60000.0,2100.0,0.0,22.0,0.0
60000.0,2100.0,0.0,22.0,0.0
54000.0,2100.0,0.0,24.0,1.0
30000.0,7000.0,0.0,22.0,0.0
79050.0,2100.0,0.0,24.0,1.0
110000.0,2100.0,0.0,26.0,0.0
30000.0,10000.0,0.0,23.0,0.0
57600.0,2150.0,1.0,26.0,1.0
28800.0,14000.0,0.0,22.0,1.0
30000.0,14000.0,0.0,21.0,1.0
30000.0,14000.0,0.0,24.0,1.0
30000.0,14000.0,0.0,22.0,1.0
30000.0,14000.0,0.0,23.0,1.0
32000.0,14000.0,0.0,22.0,1.0
30000.0,2000.0,0.0,22.0,0.0
32000.0,14000.0,0.0,22.0,1.0
32400.0,14000.0,0.0,26.0,1.0
32500.0,14000.0,0.0,24.0,1.0
34000.0,14000.0,0.0,22.0,1.0
37000.0,14000.0,0.0,22.0,1.0
37000.0,14000.0,0.0,26.0,1.0
37148.0,14000.0,0.0,23.0,1.0
37947.0,14000.0,0.0,21.0,1.0
39000.0,14000.0,0.0,22.0,1.0
39900.0,14000.0,0.0,26.0,1.0
40000.0,14000.0,0.0,24.0,1.0
40000.0,14000.0,1.0,22.0,1.0
34000.0,14000.0,1.0,24.0,1.0
30000.0,10000.0,0.0,24.0,0.0
30000.0,2000.0,1.0,21.0,0.0
30000.0,1000.0,0.0,23.0,0.0
30000.0,5000.0,0.0,22.0,0.0
34400.0,14000.0,1.0,24.0,1.0
30000.0,15250.0,0.0,24.0,0.0
41340.0,14000.0,0.0,22.0,1.0
15000.0,2200.0,0.0,25.0,0.0
16200.0,2200.0,0.0,21.0,1.0
24000.0,2200.0,1.0,23.0,0.0
26004.0,2200.0,0.0,23.0,1.0
27500.0,2200.0,0.0,25.0,0.0
27996.0,2200.0,1.0,22.0,1.0
35360.0,2200.0,0.0,21.0,0.0
38400.0,2200.0,0.0,25.0,0.0
30000.0,12000.0,1.0,23.0,0.0
39000.0,2200.0,0.0,23.0,0.0
39270.0,2200.0,0.0,23.0,0.0
30000.0,4500.0,1.0,24.0,0.0
30000.0,5000.0,0.0,26.0,0.0
46080.0,2200.0,0.0,22.0,0.0
55000.0,2200.0,0.0,22.0,0.0
30000.0,8000.0,0.0,23.0,0.0
30000.0,9000.0,0.0,25.0,0.0
75000.0,2200.0,0.0,23.0,0.0
52500.0,2225.0,0.0,21.0,0.0
30000.0,6000.0,1.0,25.0,0.0
16000.0,2250.0,0.0,23.0,0.0
29140.0,2250.0,0.0,24.0,0.0
42000.0,2250.0,0.0,26.0,0.0
14000.0,2300.0,0.0,23.0,1.0
25920.0,2300.0,0.0,25.0,0.0
30000.0,2300.0,0.0,26.0,0.0
34416.0,2300.0,0.0,21.0,0.0
36400.0,2300.0,0.0,26.0,0.0
62400.0,2300.0,0.0,25.0,0.0
30000.0,5000.0,0.0,22.0,0.0
78000.0,2300.0,1.0,23.0,0.0
30000.0,5000.0,0.0,23.0,0.0
30000.0,5000.0,0.0,22.0,0.0
44400.0,2350.0,1.0,25.0,0.0
12000.0,2400.0,0.0,24.0,1.0
30000.0,4000.0,0.0,26.0,0.0
13000.0,2400.0,0.0,23.0,1.0
13288.0,2400.0,0.0,24.0,1.0
30000.0,5000.0,1.0,24.0,1.0
30000.0,4000.0,0.0,25.0,0.0
16428.0,2400.0,0.0,26.0,0.0
16800.0,2400.0,1.0,24.0,1.0
30000.0,15000.0,0.0,26.0,0.0
30000.0,4500.0,0.0,23.0,0.0
18000.0,2400.0,1.0,26.0,1.0
30000.0,2400.0,1.0,24.0,0.0
30000.0,3200.0,0.0,22.0,0.0
30000.0,13750.0,0.0,22.0,0.0
20000.0,2400.0,0.0,24.0,1.0
30000.0,5500.0,0.0,22.0,0.0
21600.0,2400.0,0.0,22.0,1.0
21600.0,2400.0,0.0,23.0,1.0
21996.0,2400.0,0.0,22.0,0.0
30000.0,1750.0,0.0,22.0,0.0
22790.0,2400.0,0.0,23.0,0.0
22800.0,2400.0,0.0,25.0,0.0
30000.0,5000.0,0.0,22.0,0.0
23000.0,2400.0,0.0,23.0,0.0
24000.0,2400.0,0.0,21.0,0.0
25000.0,2400.0,1.0,26.0,1.0
30000.0,3000.0,0.0,23.0,0.0
25000.0,2400.0,0.0,22.0,0.0
26000.0,2400.0,0.0,21.0,1.0
26400.0,2400.0,1.0,21.0,0.0
26400.0,2400.0,0.0,22.0,1.0
27259.0,2400.0,0.0,22.0,0.0
28000.0,2400.0,0.0,25.0,0.0
28800.0,2400.0,1.0,24.0,1.0
30000.0,2400.0,1.0,21.0,1.0
30000.0,2400.0,1.0,21.0,1.0
30000.0,2400.0,1.0,24.0,0.0
30720.0,2400.0,0.0,25.0,0.0
30000.0,6500.0,0.0,23.0,0.0
30720.0,2400.0,1.0,23.0,1.0
32000.0,2400.0,0.0,22.0,0.0
32400.0,2400.0,1.0,22.0,0.0
32995.0,2400.0,0.0,22.0,0.0
30000.0,15000.0,0.0,26.0,0.0
35000.0,2400.0,0.0,25.0,0.0
30000.0,12000.0,0.0,23.0,0.0
37800.0,2400.0,1.0,21.0,0.0
40000.0,2400.0,0.0,23.0,0.0
40000.0,2400.0,0.0,25.0,0.0
30000.0,6000.0,0.0,24.0,0.0
30000.0,11500.0,0.0,25.0,0.0
40000.0,2400.0,1.0,22.0,0.0
30000.0,1000.0,0.0,23.0,0.0
34000.0,2400.0,0.0,21.0,1.0
41300.0,2400.0,0.0,24.0,0.0
41600.0,2400.0,1.0,22.0,0.0
30000.0,6000.0,0.0,24.0,0.0
30000.0,3500.0,0.0,26.0,0.0
30000.0,5000.0,0.0,22.0,1.0
30000.0,4000.0,1.0,26.0,0.0
30000.0,8000.0,0.0,25.0,0.0
30000.0,4750.0,0.0,21.0,1.0
43000.0,2400.0,0.0,22.0,0.0
37080.0,2400.0,0.0,22.0,1.0
44000.0,2400.0,0.0,25.0,0.0
44004.0,2400.0,1.0,23.0,0.0
30000.0,1000.0,0.0,24.0,0.0
45000.0,2400.0,0.0,22.0,0.0
46000.0,2400.0,0.0,26.0,0.0
47000.0,2400.0,1.0,23.0,0.0
30000.0,6600.0,1.0,22.0,0.0
48000.0,2400.0,0.0,23.0,0.0
48000.0,2400.0,0.0,23.0,0.0
48000.0,2400.0,1.0,24.0,0.0
49800.0,2400.0,0.0,23.0,0.0
52000.0,2400.0,0.0,25.0,0.0
30000.0,6950.0,0.0,22.0,0.0
54000.0,2400.0,0.0,24.0,0.0
54500.0,2400.0,0.0,26.0,0.0
56000.0,2400.0,0.0,23.0,0.0
57500.0,2400.0,0.0,22.0,0.0
60000.0,2400.0,0.0,25.0,0.0
54000.0,2400.0,1.0,24.0,1.0
54000.0,2400.0,0.0,26.0,1.0
30000.0,14000.0,0.0,21.0,0.0
63000.0,2400.0,0.0,25.0,0.0
63300.0,2400.0,0.0,23.0,0.0
66000.0,2400.0,0.0,22.0,0.0
67000.0,2400.0,1.0,26.0,0.0
30000.0,5000.0,0.0,24.0,0.0
95000.0,2400.0,0.0,24.0,0.0
87999.0,2400.0,1.0,25.0,1.0
36000.0,2425.0,0.0,23.0,0.0
24000.0,2450.0,0.0,22.0,0.0
10800.0,2500.0,0.0,21.0,1.0
12600.0,2500.0,1.0,24.0,1.0
95000.0,13600.0,0.0,23.0,0.0
31000.0,13500.0,0.0,24.0,1.0
38000.0,13500.0,0.0,21.0,1.0
43000.0,13500.0,0.0,22.0,1.0
45312.0,13500.0,0.0,23.0,0.0
30200.0,9200.0,0.0,26.0,0.0
30200.0,15000.0,0.0,25.0,0.0
51000.0,13500.0,1.0,23.0,0.0
30280.0,5800.0,0.0,23.0,0.0
30288.0,6000.0,0.0,22.0,0.0
30288.0,5000.0,1.0,22.0,1.0
30300.0,5000.0,0.0,24.0,0.0
53000.0,13500.0,0.0,25.0,0.0
57000.0,13500.0,0.0,24.0,0.0
57772.0,13500.0,0.0,24.0,0.0
60000.0,13500.0,0.0,25.0,0.0
68000.0,13500.0,0.0,22.0,0.0
68000.0,13500.0,0.0,24.0,0.0
71000.0,13500.0,0.0,26.0,0.0
77508.0,13500.0,1.0,26.0,0.0
30576.0,10000.0,0.0,25.0,0.0
100000.0,13500.0,0.0,26.0,0.0
185000.0,13500.0,0.0,26.0,0.0
35000.0,13475.0,0.0,23.0,1.0
30652.0,6000.0,1.0,23.0,1.0
29000.0,13475.0,1.0,23.0,1.0
29000.0,13450.0,0.0,23.0,1.0
38000.0,13400.0,0.0,26.0,1.0
30720.0,2000.0,0.0,25.0,0.0
50000.0,13350.0,0.0,22.0,1.0
33000.0,13300.0,0.0,24.0,1.0
39875.0,13300.0,1.0,24.0,1.0
54000.0,13275.0,1.0,23.0,0.0
24000.0,13250.0,0.0,25.0,1.0
30873.0,4200.0,0.0,23.0,0.0
30000.0,13250.0,1.0,22.0,1.0
37500.0,13250.0,1.0,26.0,1.0
38400.0,13250.0,0.0,23.0,1.0
40000.0,13250.0,0.0,26.0,1.0
35000.0,13225.0,1.0,26.0,1.0
40000.0,13225.0,1.0,22.0,1.0
30996.0,5000.0,0.0,23.0,0.0
31500.0,13200.0,0.0,22.0,1.0
46596.0,13200.0,0.0,25.0,0.0
60000.0,13200.0,0.0,24.0,0.0
60000.0,13200.0,0.0,22.0,0.0
31000.0,15000.0,0.0,26.0,1.0
54000.0,13200.0,1.0,26.0,1.0
31000.0,6000.0,0.0,21.0,0.0
72000.0,13200.0,0.0,24.0,0.0
75000.0,13200.0,0.0,23.0,0.0
76000.0,13200.0,0.0,25.0,0.0
31000.0,7500.0,0.0,21.0,0.0
80952.0,13200.0,0.0,26.0,0.0
71040.0,13100.0,0.0,24.0,0.0
31000.0,5000.0,0.0,24.0,0.0
31000.0,6000.0,0.0,25.0,0.0
24000.0,13000.0,1.0,21.0,1.0
31000.0,8000.0,0.0,24.0,0.0
24000.0,13000.0,0.0,21.0,1.0
31000.0,9000.0,1.0,24.0,1.0
31000.0,10000.0,0.0,25.0,0.0
28000.0,13000.0,1.0,26.0,1.0
28000.0,13000.0,0.0,25.0,1.0
28800.0,13000.0,0.0,26.0,1.0
31000.0,12250.0,0.0,25.0,1.0
30000.0,13000.0,1.0,22.0,1.0
31200.0,13000.0,1.0,21.0,1.0
33800.0,13000.0,0.0,26.0,1.0
34000.0,13000.0,0.0,26.0,1.0
35000.0,13000.0,0.0,25.0,1.0
36000.0,13000.0,0.0,24.0,1.0
31000.0,5000.0,0.0,22.0,0.0
36000.0,13000.0,0.0,24.0,1.0
31000.0,4000.0,0.0,26.0,0.0
31000.0,3000.0,0.0,22.0,0.0
30000.0,13000.0,1.0,23.0,1.0
36000.0,13000.0,0.0,22.0,1.0
37000.0,13000.0,0.0,24.0,1.0
31164.0,4500.0,0.0,23.0,0.0
38400.0,13000.0,0.0,23.0,1.0
38400.0,13000.0,0.0,25.0,1.0
31200.0,9250.0,0.0,26.0,0.0
39000.0,13000.0,0.0,22.0,1.0
40000.0,13000.0,0.0,25.0,1.0
40000.0,13000.0,0.0,24.0,1.0
31200.0,2400.0,1.0,25.0,1.0
40800.0,13000.0,1.0,21.0,1.0
31200.0,3200.0,0.0,22.0,0.0
36000.0,13000.0,0.0,26.0,1.0
42000.0,13000.0,0.0,21.0,1.0
43000.0,13000.0,1.0,22.0,0.0
37200.0,13000.0,0.0,22.0,1.0
44000.0,13000.0,0.0,23.0,0.0
44100.0,13000.0,0.0,23.0,0.0
31200.0,7550.0,0.0,23.0,0.0
46000.0,13000.0,0.0,24.0,0.0
31200.0,11200.0,0.0,25.0,0.0
31200.0,6000.0,0.0,25.0,0.0
48000.0,13000.0,0.0,22.0,0.0
48000.0,13000.0,0.0,26.0,0.0
49000.0,13000.0,0.0,23.0,0.0
44000.0,13000.0,0.0,23.0,1.0
20640.0,2500.0,0.0,22.0,0.0
31200.0,8400.0,0.0,26.0,0.0
21600.0,2500.0,0.0,25.0,0.0
21996.0,2500.0,0.0,22.0,0.0
22000.0,2500.0,0.0,21.0,0.0
31200.0,1050.0,0.0,22.0,1.0
22000.0,2500.0,0.0,23.0,0.0
22000.0,2500.0,0.0,24.0,0.0
22200.0,2500.0,0.0,21.0,1.0
22406.0,2500.0,0.0,26.0,1.0
24000.0,2500.0,0.0,23.0,0.0
31200.0,1000.0,0.0,21.0,0.0
24000.0,2500.0,0.0,24.0,0.0
31200.0,10000.0,0.0,24.0,0.0
31200.0,3500.0,0.0,22.0,0.0
24960.0,2500.0,0.0,22.0,0.0
31200.0,6700.0,1.0,24.0,0.0
24996.0,2500.0,0.0,25.0,0.0
24996.0,2500.0,0.0,22.0,1.0
25000.0,2500.0,0.0,23.0,0.0
25000.0,2500.0,1.0,24.0,0.0
25000.0,2500.0,0.0,22.0,0.0
26940.0,2500.0,0.0,21.0,0.0
27000.0,2500.0,0.0,26.0,0.0
27024.0,2500.0,0.0,25.0,0.0
27200.0,2500.0,0.0,26.0,0.0
31500.0,14000.0,0.0,22.0,0.0
28200.0,2500.0,1.0,21.0,1.0
28500.0,2500.0,0.0,24.0,0.0
29000.0,2500.0,0.0,24.0,0.0
29000.0,2500.0,0.0,25.0,1.0
30000.0,2500.0,0.0,23.0,0.0
31500.0,4500.0,0.0,22.0,0.0
31000.0,2500.0,1.0,24.0,1.0
31200.0,2500.0,0.0,26.0,0.0
31577.0,2500.0,0.0,23.0,0.0
32000.0,2500.0,0.0,21.0,0.0
33000.0,2500.0,0.0,25.0,0.0
33448.0,2500.0,1.0,23.0,0.0
33500.0,2500.0,1.0,23.0,1.0
34368.0,2500.0,1.0,21.0,0.0
31776.0,6000.0,0.0,21.0,0.0
34800.0,2500.0,0.0,23.0,0.0
35000.0,2500.0,0.0,26.0,0.0
35000.0,2500.0,0.0,23.0,0.0
30000.0,2500.0,0.0,22.0,1.0
30000.0,2500.0,0.0,21.0,1.0
30000.0,2500.0,1.0,22.0,1.0
37000.0,2500.0,0.0,26.0,0.0
32000.0,2500.0,1.0,25.0,1.0
38060.0,2500.0,0.0,25.0,0.0
39200.0,2500.0,0.0,23.0,0.0
32000.0,10000.0,0.0,23.0,0.0
40000.0,2500.0,0.0,24.0,0.0
40000.0,2500.0,0.0,25.0,0.0
32000.0,5600.0,0.0,25.0,0.0
34000.0,2500.0,1.0,22.0,1.0
35500.0,2500.0,0.0,22.0,1.0
36000.0,2500.0,0.0,24.0,1.0
42000.0,2500.0,0.0,21.0,0.0
32000.0,1700.0,0.0,22.0,0.0
42000.0,2500.0,0.0,23.0,0.0
42000.0,2500.0,0.0,23.0,0.0
42000.0,2500.0,1.0,22.0,0.0
36228.0,2500.0,0.0,25.0,1.0
32000.0,2500.0,0.0,21.0,1.0
43000.0,2500.0,0.0,26.0,0.0
37000.0,2500.0,0.0,22.0,1.0
45000.0,2500.0,0.0,25.0,0.0
32000.0,6000.0,0.0,24.0,0.0
32000.0,2000.0,0.0,23.0,0.0
45000.0,2500.0,1.0,22.0,0.0
46000.0,2500.0,0.0,26.0,0.0
46500.0,2500.0,1.0,26.0,0.0
47004.0,2500.0,1.0,26.0,0.0
32000.0,6000.0,0.0,22.0,0.0
48000.0,2500.0,0.0,24.0,0.0
49500.0,2500.0,1.0,22.0,0.0
32000.0,4900.0,0.0,26.0,0.0
45630.0,2500.0,0.0,22.0,1.0
52000.0,2500.0,1.0,26.0,0.0
46180.0,2500.0,1.0,24.0,1.0
54000.0,2500.0,0.0,25.0,0.0
54000.0,2500.0,1.0,23.0,0.0
32000.0,15000.0,0.0,25.0,0.0
54996.0,2500.0,1.0,22.0,0.0
48996.0,2500.0,0.0,26.0,1.0
55000.0,2500.0,0.0,25.0,0.0
57600.0,2500.0,1.0,24.0,0.0
32000.0,3250.0,0.0,25.0,1.0
59000.0,2500.0,0.0,23.0,0.0
60000.0,2500.0,0.0,25.0,0.0
61000.0,2500.0,0.0,23.0,0.0
32000.0,4800.0,1.0,26.0,0.0
32000.0,6250.0,0.0,25.0,0.0
63000.0,2500.0,0.0,23.0,0.0
64000.0,2500.0,0.0,26.0,0.0
65004.0,2500.0,0.0,25.0,0.0
69996.0,2500.0,0.0,24.0,0.0
32000.0,3000.0,0.0,24.0,0.0
54400.0,2500.0,1.0,22.0,1.0
32000.0,4500.0,0.0,24.0,0.0
64000.0,2500.0,0.0,24.0,1.0
70082.0,2500.0,0.0,24.0,0.0
79800.0,2500.0,0.0,24.0,0.0
82400.0,2500.0,0.0,26.0,0.0
85000.0,2500.0,0.0,26.0,0.0
92500.0,2500.0,0.0,23.0,0.0
32000.0,12250.0,0.0,24.0,0.0
112995.0,2500.0,0.0,23.0,0.0
121000.0,2500.0,0.0,26.0,0.0
200004.0,2500.0,1.0,26.0,0.0
10560.0,2800.0,0.0,23.0,1.0
13000.0,2800.0,1.0,23.0,1.0
13380.0,2800.0,1.0,25.0,1.0
14400.0,2800.0,0.0,22.0,1.0
32000.0,6950.0,0.0,22.0,0.0
14800.0,2800.0,0.0,21.0,1.0
15000.0,2800.0,1.0,26.0,1.0
32000.0,1200.0,0.0,23.0,0.0
15600.0,2800.0,0.0,21.0,1.0
32000.0,15000.0,0.0,23.0,0.0
20800.0,2800.0,1.0,25.0,1.0
32000.0,4500.0,0.0,21.0,0.0
21168.0,2800.0,1.0,24.0,0.0
23000.0,2800.0,0.0,22.0,1.0
24000.0,2800.0,0.0,23.0,1.0
32000.0,8000.0,0.0,25.0,0.0
32000.0,4200.0,0.0,21.0,0.0
32000.0,2500.0,0.0,25.0,1.0
26500.0,2800.0,0.0,23.0,0.0
27000.0,2800.0,0.0,22.0,1.0
32000.0,1200.0,0.0,22.0,0.0
32000.0,2500.0,1.0,23.0,1.0
28800.0,2800.0,0.0,23.0,0.0
29376.0,2800.0,0.0,22.0,0.0
19200.0,2850.0,1.0,22.0,0.0
32004.0,22750.0,0.0,25.0,0.0
45000.0,2850.0,0.0,24.0,0.0
32004.0,9250.0,0.0,23.0,0.0
90000.0,2850.0,0.0,22.0,0.0
28000.0,2875.0,1.0,23.0,0.0
36800.0,2875.0,1.0,25.0,0.0
32004.0,10000.0,0.0,22.0,0.0
66000.0,2875.0,0.0,26.0,0.0
32004.0,14000.0,0.0,24.0,0.0
19000.0,2900.0,0.0,21.0,0.0
31200.0,2900.0,0.0,26.0,0.0
50000.0,2900.0,0.0,25.0,0.0
27000.0,2925.0,0.0,22.0,0.0
32004.0,10000.0,0.0,22.0,0.0
32004.0,6600.0,0.0,22.0,0.0
25000.0,2975.0,0.0,22.0,0.0
49800.0,2975.0,0.0,21.0,0.0
32112.0,15000.0,0.0,22.0,0.0
10000.0,3000.0,0.0,24.0,1.0
32198.0,1000.0,0.0,23.0,0.0
12000.0,3000.0,0.0,21.0,1.0
12000.0,3000.0,0.0,21.0,1.0
32268.0,8000.0,0.0,21.0,0.0
14000.0,3000.0,0.0,23.0,1.0
14400.0,3000.0,1.0,21.0,1.0
32352.0,1000.0,1.0,22.0,1.0
14400.0,3000.0,0.0,21.0,1.0
32388.0,6000.0,0.0,23.0,0.0
15000.0,3000.0,0.0,22.0,1.0
15000.0,3000.0,0.0,22.0,1.0
32400.0,4200.0,0.0,22.0,0.0
32400.0,10000.0,1.0,25.0,0.0
32400.0,4800.0,0.0,25.0,0.0
32400.0,3625.0,0.0,22.0,0.0
32400.0,10000.0,0.0,21.0,0.0
16320.0,3000.0,1.0,22.0,1.0
17400.0,3000.0,0.0,25.0,1.0
17520.0,3000.0,0.0,23.0,1.0
17916.0,3000.0,0.0,21.0,1.0
18000.0,3000.0,0.0,23.0,1.0
18000.0,3000.0,0.0,21.0,1.0
32400.0,5000.0,0.0,21.0,1.0
18000.0,3000.0,1.0,24.0,1.0
18000.0,3000.0,1.0,23.0,1.0
18000.0,3000.0,1.0,22.0,1.0
32450.0,3250.0,0.0,26.0,0.0
18000.0,3000.0,0.0,22.0,1.0
18000.0,3000.0,0.0,23.0,1.0
18000.0,3000.0,0.0,22.0,1.0
32500.0,12500.0,0.0,25.0,0.0
18008.0,3000.0,0.0,21.0,1.0
32500.0,2500.0,0.0,22.0,0.0
18864.0,3000.0,0.0,21.0,1.0
32500.0,14500.0,0.0,22.0,0.0
19000.0,3000.0,0.0,22.0,1.0
19200.0,3000.0,1.0,23.0,1.0
19200.0,3000.0,0.0,23.0,1.0
32500.0,6600.0,0.0,24.0,0.0
32500.0,3000.0,0.0,26.0,0.0
32500.0,3500.0,0.0,26.0,0.0
19200.0,3000.0,0.0,21.0,1.0
20000.0,3000.0,0.0,22.0,0.0
20004.0,3000.0,0.0,21.0,0.0
20800.0,3000.0,0.0,23.0,0.0
32760.0,6000.0,0.0,25.0,0.0
21000.0,3000.0,0.0,26.0,0.0
21000.0,3000.0,1.0,23.0,0.0
21600.0,3000.0,0.0,22.0,0.0
32900.0,3000.0,0.0,21.0,0.0
32968.0,16500.0,0.0,22.0,0.0
22000.0,3000.0,0.0,24.0,0.0
22800.0,3000.0,0.0,22.0,0.0
23000.0,3000.0,0.0,22.0,0.0
23000.0,3000.0,0.0,24.0,0.0
33000.0,12000.0,0.0,22.0,0.0
30000.0,3000.0,0.0,24.0,0.0
30000.0,3000.0,1.0,24.0,1.0
30000.0,3000.0,0.0,24.0,0.0
33000.0,8875.0,0.0,22.0,0.0
30000.0,3000.0,0.0,23.0,0.0
30000.0,3000.0,0.0,24.0,0.0
30000.0,3000.0,0.0,23.0,0.0
30000.0,3000.0,0.0,25.0,0.0
30000.0,3000.0,1.0,23.0,1.0
30000.0,3000.0,0.0,21.0,0.0
30000.0,3000.0,0.0,25.0,0.0
30000.0,3000.0,0.0,22.0,0.0
30000.0,3000.0,1.0,21.0,0.0
30000.0,3000.0,0.0,24.0,0.0
30000.0,3000.0,1.0,24.0,1.0
33000.0,8000.0,0.0,25.0,0.0
33000.0,2000.0,0.0,21.0,1.0
30000.0,3000.0,0.0,25.0,1.0
30000.0,3000.0,0.0,21.0,0.0
33000.0,3000.0,0.0,25.0,0.0
30960.0,3000.0,0.0,24.0,0.0
33000.0,5000.0,0.0,25.0,0.0
31131.0,3000.0,1.0,26.0,1.0
31200.0,3000.0,0.0,22.0,0.0
31200.0,3000.0,0.0,23.0,0.0
31356.0,3000.0,0.0,22.0,0.0
33000.0,8325.0,0.0,23.0,0.0
33000.0,1250.0,0.0,24.0,0.0
33000.0,8000.0,0.0,23.0,0.0
32000.0,3000.0,0.0,25.0,0.0
32000.0,3000.0,1.0,24.0,0.0
33000.0,2050.0,0.0,24.0,1.0
32004.0,3000.0,0.0,25.0,0.0
32400.0,3000.0,0.0,23.0,0.0
32400.0,3000.0,0.0,22.0,0.0
32640.0,3000.0,0.0,26.0,0.0
33000.0,3000.0,0.0,26.0,0.0
33000.0,12375.0,0.0,22.0,0.0
33000.0,3000.0,0.0,25.0,0.0
33000.0,3000.0,0.0,25.0,0.0
33189.0,3000.0,0.0,26.0,0.0
34008.0,3000.0,0.0,23.0,0.0
34500.0,3000.0,0.0,22.0,0.0
29000.0,3000.0,0.0,25.0,1.0
35000.0,3000.0,0.0,23.0,0.0
35000.0,3000.0,0.0,22.0,0.0
29244.0,3000.0,1.0,22.0,1.0
35256.0,3000.0,0.0,24.0,0.0
36000.0,3000.0,0.0,22.0,0.0
36000.0,3000.0,0.0,23.0,0.0
36000.0,3000.0,0.0,26.0,0.0
36000.0,3000.0,1.0,24.0,0.0
33000.0,3000.0,1.0,23.0,0.0
36600.0,3000.0,0.0,24.0,0.0
37000.0,3000.0,0.0,25.0,0.0
33000.0,7800.0,0.0,21.0,0.0
37000.0,3000.0,0.0,21.0,0.0
38000.0,3000.0,0.0,24.0,0.0
38000.0,3000.0,0.0,21.0,0.0
38000.0,3000.0,0.0,22.0,0.0
33000.0,12500.0,0.0,22.0,0.0
33000.0,8125.0,0.0,24.0,0.0
33000.0,4400.0,0.0,25.0,0.0
38400.0,3000.0,1.0,24.0,0.0
38748.0,3000.0,0.0,25.0,0.0
33000.0,4000.0,0.0,24.0,0.0
33000.0,3000.0,0.0,26.0,1.0
39996.0,3000.0,1.0,22.0,0.0
33000.0,7000.0,0.0,26.0,0.0
33012.0,12200.0,0.0,23.0,0.0
40000.0,3000.0,0.0,23.0,0.0
40000.0,3000.0,0.0,24.0,0.0
33168.0,6425.0,0.0,21.0,0.0
40000.0,3000.0,0.0,25.0,0.0
40000.0,3000.0,0.0,24.0,0.0
37000.0,3000.0,0.0,22.0,1.0
43000.0,3000.0,0.0,23.0,0.0
37000.0,3000.0,0.0,22.0,1.0
37000.0,3000.0,0.0,23.0,1.0
43200.0,3000.0,1.0,25.0,0.0
43200.0,3000.0,1.0,22.0,0.0
43500.0,3000.0,0.0,22.0,0.0
43500.0,3000.0,0.0,24.0,0.0
33280.0,11200.0,0.0,21.0,1.0
43949.0,3000.0,0.0,23.0,0.0
44000.0,3000.0,0.0,23.0,0.0
33300.0,9000.0,1.0,23.0,0.0
33316.0,5000.0,0.0,25.0,0.0
33321.0,12250.0,1.0,24.0,0.0
33360.0,6000.0,0.0,24.0,0.0
33360.0,2500.0,0.0,24.0,0.0
45000.0,3000.0,0.0,25.0,0.0
45000.0,3000.0,0.0,24.0,0.0
45000.0,3000.0,0.0,24.0,0.0
45000.0,3000.0,0.0,22.0,0.0
39000.0,3000.0,1.0,24.0,1.0
45000.0,3000.0,0.0,24.0,0.0
39327.0,3000.0,0.0,21.0,1.0
33600.0,7125.0,0.0,25.0,0.0
33600.0,5000.0,0.0,22.0,0.0
33600.0,2500.0,0.0,24.0,0.0
33600.0,8000.0,0.0,23.0,0.0
47000.0,3000.0,0.0,22.0,0.0
47208.0,3000.0,1.0,21.0,0.0
47500.0,3000.0,0.0,26.0,0.0
48000.0,3000.0,0.0,22.0,0.0
48000.0,3000.0,1.0,25.0,0.0
48000.0,3000.0,0.0,21.0,0.0
48000.0,3000.0,0.0,26.0,0.0
33600.0,12000.0,0.0,25.0,0.0
49800.0,3000.0,0.0,22.0,0.0
50000.0,3000.0,0.0,25.0,0.0
44000.0,3000.0,0.0,26.0,1.0
50000.0,3000.0,0.0,23.0,0.0
44000.0,3000.0,0.0,23.0,1.0
50000.0,3000.0,0.0,23.0,0.0
33600.0,10750.0,0.0,22.0,0.0
44000.0,3000.0,0.0,23.0,1.0
33600.0,5000.0,0.0,22.0,0.0
50000.0,3000.0,0.0,26.0,0.0
50000.0,3000.0,0.0,22.0,0.0
51000.0,3000.0,0.0,24.0,0.0
51600.0,3000.0,0.0,24.0,0.0
51600.0,3000.0,1.0,24.0,0.0
51684.0,3000.0,0.0,24.0,0.0
45996.0,3000.0,1.0,22.0,1.0
51996.0,3000.0,0.0,23.0,0.0
33640.0,12000.0,0.0,22.0,0.0
52000.0,3000.0,0.0,23.0,0.0
52000.0,3000.0,1.0,25.0,0.0
33685.0,5000.0,0.0,22.0,0.0
48609.0,12000.0,0.0,22.0,0.0
33800.0,14400.0,0.0,26.0,0.0
48645.0,12000.0,0.0,23.0,0.0
33800.0,10000.0,0.0,25.0,0.0
33800.0,13000.0,1.0,23.0,0.0
48672.0,12000.0,0.0,23.0,0.0
33990.0,1000.0,0.0,23.0,1.0
49600.0,12000.0,0.0,25.0,0.0
33996.0,4000.0,1.0,24.0,0.0
50000.0,12000.0,0.0,25.0,0.0
33996.0,2500.0,0.0,21.0,1.0
33996.0,10000.0,1.0,22.0,0.0
50000.0,12000.0,0.0,21.0,0.0
50000.0,12000.0,0.0,23.0,0.0
50000.0,12000.0,0.0,24.0,0.0
44000.0,12000.0,0.0,24.0,1.0
50000.0,12000.0,0.0,23.0,0.0
44000.0,12000.0,0.0,22.0,1.0
50000.0,12000.0,0.0,24.0,0.0
50000.0,12000.0,0.0,25.0,0.0
50000.0,12000.0,0.0,25.0,0.0
50000.0,12000.0,1.0,23.0,0.0
50004.0,12000.0,0.0,22.0,0.0
44004.0,12000.0,1.0,25.0,1.0
44004.0,12000.0,0.0,23.0,1.0
50361.0,12000.0,0.0,22.0,0.0
34000.0,12000.0,0.0,26.0,0.0
50500.0,12000.0,0.0,23.0,0.0
34000.0,10000.0,0.0,25.0,0.0
34000.0,2500.0,0.0,25.0,0.0
34000.0,10000.0,0.0,23.0,0.0
51000.0,12000.0,0.0,23.0,0.0
51996.0,12000.0,0.0,25.0,0.0
52000.0,12000.0,0.0,24.0,0.0
34000.0,2000.0,0.0,25.0,1.0
52000.0,12000.0,0.0,22.0,0.0
34000.0,10950.0,0.0,23.0,0.0
34000.0,5000.0,0.0,26.0,0.0
52000.0,12000.0,1.0,22.0,0.0
34000.0,6000.0,0.0,26.0,0.0
52000.0,12000.0,1.0,22.0,0.0
34000.0,6000.0,0.0,21.0,0.0
46800.0,12000.0,1.0,25.0,1.0
34000.0,7200.0,0.0,21.0,1.0
34000.0,5100.0,0.0,24.0,0.0
47000.0,12000.0,1.0,23.0,1.0
53000.0,12000.0,0.0,24.0,0.0
53000.0,12000.0,1.0,26.0,0.0
34000.0,11500.0,0.0,22.0,0.0
53000.0,12000.0,1.0,24.0,0.0
54000.0,12000.0,0.0,22.0,0.0
34000.0,6000.0,1.0,25.0,1.0
54000.0,12000.0,0.0,22.0,0.0
54000.0,12000.0,0.0,24.0,0.0
54000.0,12000.0,0.0,23.0,0.0
48400.0,12000.0,1.0,22.0,1.0
34000.0,10000.0,1.0,25.0,0.0
54996.0,12000.0,0.0,25.0,0.0
34000.0,10000.0,0.0,24.0,0.0
54996.0,12000.0,0.0,26.0,0.0
34000.0,19000.0,0.0,23.0,0.0
54996.0,12000.0,0.0,22.0,0.0
55000.0,12000.0,0.0,26.0,0.0
34000.0,6000.0,0.0,24.0,0.0
34000.0,10000.0,0.0,25.0,0.0
55000.0,12000.0,0.0,25.0,0.0
34000.0,5000.0,0.0,22.0,0.0
55000.0,12000.0,0.0,21.0,0.0
34000.0,7000.0,0.0,25.0,0.0
49000.0,12000.0,0.0,25.0,1.0
55008.0,12000.0,0.0,22.0,0.0
55032.0,12000.0,0.0,24.0,0.0
34056.0,1500.0,0.0,21.0,0.0
56000.0,12000.0,0.0,22.0,0.0
34174.0,9000.0,0.0,23.0,0.0
56000.0,12000.0,0.0,21.0,0.0
56000.0,12000.0,0.0,24.0,0.0
56000.0,12000.0,0.0,23.0,0.0
56000.0,12000.0,0.0,24.0,0.0
56000.0,12000.0,1.0,24.0,0.0
50100.0,12000.0,1.0,25.0,1.0
56755.0,12000.0,0.0,22.0,0.0
57000.0,12000.0,0.0,26.0,0.0
34348.0,5000.0,0.0,23.0,0.0
51000.0,12000.0,1.0,23.0,1.0
57000.0,12000.0,0.0,21.0,0.0
51000.0,12000.0,0.0,24.0,1.0
57000.0,12000.0,0.0,22.0,0.0
57000.0,12000.0,0.0,23.0,0.0
57720.0,12000.0,1.0,23.0,0.0
51780.0,12000.0,0.0,25.0,1.0
51840.0,12000.0,1.0,23.0,1.0
34500.0,6400.0,0.0,21.0,0.0
58000.0,12000.0,0.0,26.0,0.0
58000.0,12000.0,0.0,22.0,0.0
58000.0,12000.0,0.0,24.0,0.0
52260.0,12000.0,0.0,24.0,1.0
34515.0,5400.0,0.0,26.0,0.0
59000.0,12000.0,0.0,22.0,0.0
34560.0,10000.0,0.0,23.0,0.0
52000.0,3000.0,0.0,24.0,0.0
52800.0,3000.0,0.0,23.0,0.0
34600.0,6800.0,0.0,23.0,0.0
34600.0,4000.0,0.0,24.0,0.0
53000.0,3000.0,1.0,25.0,0.0
34662.0,3000.0,0.0,23.0,1.0
34800.0,1500.0,1.0,22.0,0.0
54000.0,3000.0,0.0,25.0,0.0
34800.0,5975.0,0.0,26.0,0.0
34800.0,5125.0,0.0,25.0,1.0
55000.0,3000.0,0.0,23.0,0.0
55000.0,3000.0,1.0,22.0,0.0
49000.0,3000.0,1.0,25.0,1.0
49000.0,3000.0,1.0,22.0,1.0
55000.0,3000.0,0.0,23.0,0.0
55000.0,3000.0,0.0,25.0,0.0
55500.0,3000.0,0.0,22.0,0.0
34900.0,4000.0,0.0,22.0,0.0
56000.0,3000.0,0.0,25.0,0.0
34977.0,13000.0,0.0,22.0,0.0
34980.0,6000.0,0.0,25.0,0.0
50160.0,3000.0,0.0,25.0,1.0
34992.0,22550.0,1.0,23.0,0.0
57000.0,3000.0,0.0,21.0,0.0
35000.0,8000.0,0.0,24.0,0.0
57000.0,3000.0,0.0,24.0,0.0
35000.0,12000.0,0.0,23.0,0.0
58000.0,3000.0,0.0,22.0,0.0
58500.0,3000.0,0.0,23.0,0.0
59000.0,3000.0,0.0,23.0,0.0
59300.0,3000.0,0.0,23.0,0.0
35000.0,5000.0,0.0,23.0,0.0
60000.0,3000.0,1.0,25.0,0.0
60000.0,3000.0,0.0,26.0,0.0
35000.0,4800.0,0.0,26.0,0.0
35000.0,15000.0,0.0,24.0,0.0
60000.0,3000.0,0.0,26.0,0.0
60000.0,3000.0,0.0,23.0,0.0
60000.0,3000.0,0.0,23.0,0.0
35000.0,6900.0,0.0,21.0,0.0
60000.0,3000.0,0.0,22.0,0.0
60996.0,3000.0,1.0,26.0,0.0
35000.0,8575.0,0.0,24.0,0.0
35000.0,9500.0,0.0,22.0,0.0
55160.0,3000.0,0.0,24.0,1.0
61200.0,3000.0,0.0,23.0,0.0
35000.0,5000.0,1.0,21.0,0.0
62000.0,3000.0,0.0,24.0,0.0
56500.0,3000.0,1.0,23.0,1.0
57000.0,3000.0,0.0,23.0,1.0
35000.0,7000.0,1.0,24.0,0.0
35000.0,7500.0,0.0,24.0,0.0
58170.0,3000.0,0.0,22.0,1.0
58800.0,3000.0,0.0,23.0,1.0
58992.0,3000.0,1.0,22.0,1.0
65000.0,3000.0,0.0,25.0,0.0
35000.0,10000.0,0.0,24.0,0.0
65000.0,3000.0,0.0,22.0,0.0
35000.0,8000.0,0.0,22.0,0.0
65000.0,3000.0,0.0,26.0,0.0
65004.0,3000.0,0.0,23.0,0.0
35000.0,8000.0,0.0,26.0,0.0
65004.0,3000.0,1.0,23.0,0.0
66000.0,3000.0,0.0,23.0,0.0
60000.0,3000.0,1.0,25.0,1.0
67000.0,3000.0,0.0,23.0,0.0
35000.0,12000.0,0.0,23.0,0.0
35000.0,8000.0,0.0,21.0,0.0
35000.0,5000.0,0.0,22.0,0.0
67500.0,3000.0,0.0,26.0,0.0
67500.0,3000.0,0.0,26.0,0.0
68000.0,3000.0,0.0,21.0,0.0
54400.0,3000.0,0.0,26.0,1.0
70000.0,3000.0,1.0,23.0,0.0
70000.0,3000.0,0.0,22.0,0.0
64000.0,3000.0,0.0,24.0,1.0
35000.0,15000.0,0.0,24.0,0.0
35000.0,6000.0,0.0,22.0,0.0
71000.0,3000.0,0.0,22.0,0.0
35000.0,7200.0,0.0,26.0,0.0
72000.0,3000.0,0.0,23.0,0.0
72000.0,3000.0,0.0,23.0,0.0
72054.0,3000.0,0.0,26.0,0.0
73000.0,3000.0,0.0,23.0,0.0
74250.0,3000.0,0.0,23.0,0.0
35000.0,2100.0,0.0,23.0,0.0
29000.0,6000.0,0.0,24.0,1.0
35000.0,4800.0,0.0,21.0,0.0
75000.0,3000.0,0.0,22.0,0.0
35000.0,4800.0,0.0,24.0,0.0
35000.0,3825.0,0.0,23.0,0.0
77200.0,3000.0,0.0,23.0,0.0
77500.0,3000.0,0.0,25.0,0.0
78000.0,3000.0,0.0,23.0,0.0
78000.0,3000.0,0.0,22.0,0.0
78000.0,3000.0,0.0,22.0,0.0
83000.0,3000.0,0.0,22.0,0.0
84000.0,3000.0,0.0,25.0,0.0
67147.0,3000.0,1.0,25.0,1.0
35000.0,3500.0,0.0,22.0,0.0
85000.0,3000.0,0.0,22.0,0.0
85000.0,3000.0,0.0,23.0,0.0
89523.0,3000.0,0.0,24.0,0.0
35000.0,5500.0,0.0,23.0,0.0
35000.0,10000.0,0.0,25.0,0.0
35000.0,5000.0,0.0,25.0,0.0
100000.0,3000.0,0.0,26.0,0.0
100000.0,3000.0,0.0,24.0,0.0
103000.0,3000.0,0.0,26.0,0.0
110000.0,3000.0,0.0,24.0,0.0
35000.0,4000.0,0.0,21.0,0.0
110000.0,3000.0,0.0,23.0,0.0
115154.0,3000.0,0.0,24.0,0.0
120390.0,3000.0,0.0,24.0,0.0
35000.0,3600.0,0.0,24.0,0.0
35000.0,5600.0,0.0,26.0,0.0
35000.0,6500.0,0.0,21.0,0.0
125000.0,3000.0,1.0,24.0,0.0
35000.0,4000.0,0.0,22.0,0.0
125000.0,3000.0,0.0,26.0,0.0
35000.0,2000.0,0.0,24.0,0.0
142000.0,3000.0,0.0,24.0,0.0
137400.0,3000.0,0.0,25.0,1.0
180000.0,3000.0,0.0,25.0,0.0
35000.0,3600.0,0.0,25.0,0.0
16800.0,3050.0,0.0,22.0,1.0
24000.0,3050.0,0.0,23.0,0.0
12000.0,3075.0,0.0,23.0,1.0
30000.0,3075.0,0.0,25.0,0.0
35000.0,8000.0,0.0,26.0,0.0
35000.0,1500.0,0.0,21.0,0.0
44000.0,3075.0,0.0,26.0,0.0
20000.0,3100.0,0.0,25.0,0.0
35000.0,3800.0,0.0,26.0,0.0
20400.0,3125.0,0.0,23.0,0.0
35000.0,2500.0,0.0,26.0,0.0
15300.0,3150.0,0.0,21.0,1.0
42000.0,3150.0,0.0,25.0,0.0
35000.0,8000.0,0.0,22.0,0.0
35000.0,3600.0,0.0,24.0,0.0
29000.0,12000.0,0.0,22.0,1.0
96000.0,3150.0,0.0,22.0,0.0
28800.0,3175.0,0.0,21.0,0.0
12000.0,3200.0,0.0,24.0,1.0
15000.0,3200.0,0.0,26.0,1.0
15600.0,3200.0,0.0,22.0,1.0
16000.0,3200.0,0.0,25.0,1.0
18000.0,3200.0,0.0,21.0,1.0
29000.0,6000.0,0.0,23.0,1.0
35000.0,13650.0,0.0,21.0,0.0
18996.0,3200.0,1.0,22.0,1.0
20000.0,3200.0,0.0,23.0,0.0
20000.0,3200.0,0.0,23.0,1.0
20800.0,3200.0,0.0,23.0,0.0
22000.0,3200.0,0.0,23.0,0.0
23040.0,3200.0,0.0,25.0,0.0
35000.0,8000.0,0.0,24.0,0.0
24000.0,3200.0,0.0,21.0,0.0
35000.0,6000.0,0.0,26.0,0.0
25000.0,3200.0,0.0,24.0,1.0
27600.0,3200.0,0.0,25.0,0.0
28000.0,3200.0,0.0,22.0,0.0
30000.0,3200.0,0.0,25.0,0.0
30000.0,3200.0,0.0,21.0,0.0
30000.0,3200.0,0.0,25.0,0.0
31000.0,3200.0,0.0,23.0,0.0
31200.0,3200.0,1.0,23.0,0.0
31200.0,3200.0,0.0,22.0,0.0
32000.0,3200.0,0.0,22.0,0.0
33000.0,3200.0,0.0,25.0,0.0
29004.0,3200.0,1.0,25.0,1.0
35000.0,3000.0,0.0,26.0,0.0
31000.0,3200.0,0.0,21.0,1.0
37440.0,3200.0,1.0,22.0,0.0
38400.0,3200.0,0.0,26.0,0.0
41745.0,3200.0,0.0,24.0,0.0
42500.0,3200.0,0.0,22.0,0.0
43200.0,3200.0,1.0,26.0,0.0
44000.0,3200.0,0.0,24.0,0.0
45000.0,3200.0,0.0,21.0,0.0
35000.0,7500.0,0.0,22.0,0.0
45240.0,3200.0,0.0,23.0,0.0
29000.0,11200.0,0.0,26.0,1.0
42000.0,3200.0,1.0,25.0,1.0
49200.0,3200.0,1.0,23.0,0.0
50000.0,3200.0,0.0,22.0,0.0
51000.0,3200.0,0.0,22.0,0.0
35000.0,8400.0,0.0,23.0,0.0
54731.0,3200.0,0.0,24.0,0.0
35000.0,15000.0,1.0,23.0,0.0
35000.0,12800.0,0.0,23.0,1.0
55000.0,3200.0,0.0,26.0,0.0
35000.0,3500.0,0.0,22.0,0.0
58000.0,3200.0,0.0,24.0,0.0
60000.0,3200.0,0.0,22.0,0.0
54000.0,3200.0,1.0,22.0,1.0
60000.0,3200.0,0.0,24.0,0.0
61200.0,3200.0,0.0,26.0,0.0
35000.0,5000.0,1.0,26.0,0.0
65000.0,3200.0,0.0,26.0,0.0
35000.0,13000.0,0.0,24.0,0.0
59000.0,3200.0,0.0,24.0,1.0
65004.0,3200.0,0.0,24.0,0.0
72000.0,3200.0,0.0,24.0,0.0
75000.0,3200.0,0.0,22.0,0.0
35000.0,3500.0,0.0,24.0,0.0
35000.0,6000.0,0.0,26.0,0.0
78000.0,3200.0,1.0,25.0,0.0
83000.0,3200.0,0.0,24.0,0.0
78000.0,3200.0,0.0,23.0,1.0
85000.0,3200.0,0.0,21.0,0.0
78000.0,3200.0,1.0,25.0,1.0
35000.0,4950.0,0.0,21.0,0.0
29000.0,7500.0,0.0,22.0,1.0
35000.0,7500.0,1.0,22.0,0.0
12000.0,3250.0,0.0,21.0,1.0
35000.0,800.0,0.0,21.0,0.0
14400.0,3250.0,0.0,22.0,1.0
16000.0,3250.0,0.0,24.0,1.0
17004.0,3250.0,0.0,22.0,1.0
18000.0,3250.0,0.0,23.0,1.0
35000.0,5400.0,0.0,25.0,0.0
35004.0,3000.0,0.0,22.0,0.0
20400.0,3250.0,1.0,22.0,1.0
25000.0,3250.0,0.0,24.0,0.0
35004.0,9000.0,0.0,22.0,0.0
28000.0,3250.0,0.0,26.0,1.0
35004.0,7000.0,0.0,24.0,0.0
35004.0,1500.0,0.0,21.0,0.0
30000.0,3250.0,0.0,25.0,0.0
35000.0,3250.0,0.0,22.0,0.0
39000.0,3250.0,0.0,24.0,1.0
35004.0,3000.0,0.0,21.0,0.0
29004.0,7400.0,0.0,21.0,1.0
35004.0,9600.0,0.0,24.0,0.0
35004.0,8000.0,0.0,24.0,0.0
28956.0,3300.0,0.0,22.0,0.0
35004.0,10000.0,0.0,22.0,0.0
33000.0,3300.0,0.0,24.0,0.0
33600.0,3300.0,0.0,26.0,0.0
35004.0,3600.0,0.0,21.0,0.0
66000.0,3300.0,1.0,22.0,0.0
90000.0,3300.0,0.0,21.0,0.0
35004.0,18225.0,0.0,24.0,1.0
37000.0,3325.0,0.0,25.0,0.0
35004.0,8400.0,0.0,22.0,0.0
30000.0,3350.0,1.0,24.0,0.0
36000.0,3350.0,0.0,25.0,0.0
33000.0,3375.0,1.0,21.0,0.0
24290.0,3400.0,0.0,23.0,0.0
28404.0,3400.0,0.0,22.0,0.0
29000.0,3400.0,1.0,26.0,1.0
40000.0,3400.0,0.0,23.0,0.0
51996.0,3400.0,0.0,23.0,1.0
29280.0,12000.0,1.0,22.0,1.0
35292.0,2100.0,0.0,23.0,0.0
80004.0,3400.0,0.0,23.0,0.0
29360.0,8875.0,0.0,25.0,1.0
35360.0,9600.0,0.0,22.0,0.0
114750.0,3400.0,0.0,24.0,1.0
35360.0,12250.0,0.0,21.0,0.0
35360.0,10000.0,0.0,25.0,0.0
14000.0,3450.0,0.0,26.0,1.0
25000.0,3450.0,0.0,25.0,1.0
12000.0,3500.0,1.0,22.0,1.0
35375.0,5600.0,0.0,23.0,0.0
12996.0,3500.0,0.0,22.0,1.0
13500.0,3500.0,0.0,21.0,1.0
15600.0,3500.0,0.0,21.0,1.0
29400.0,12000.0,0.0,21.0,1.0
29400.0,12000.0,0.0,26.0,1.0
18000.0,3500.0,1.0,22.0,1.0
18456.0,3500.0,1.0,21.0,1.0
19000.0,3500.0,0.0,24.0,1.0
20000.0,3500.0,0.0,22.0,0.0
20000.0,3500.0,1.0,25.0,0.0
35500.0,9000.0,0.0,23.0,0.0
20400.0,3500.0,0.0,22.0,0.0
35500.0,4000.0,0.0,22.0,0.0
35500.0,3000.0,1.0,23.0,0.0
21600.0,3500.0,0.0,21.0,0.0
22292.0,3500.0,0.0,22.0,1.0
23000.0,3500.0,0.0,22.0,0.0
35640.0,10000.0,1.0,24.0,0.0
24000.0,3500.0,1.0,24.0,1.0
35808.0,8700.0,0.0,23.0,0.0
24000.0,3500.0,0.0,26.0,0.0
24240.0,3500.0,0.0,22.0,0.0
35900.0,6000.0,0.0,22.0,0.0
26000.0,3500.0,0.0,23.0,0.0
26400.0,3500.0,0.0,22.0,0.0
26400.0,3500.0,0.0,21.0,1.0
36000.0,11625.0,0.0,22.0,0.0
36000.0,11300.0,0.0,23.0,0.0
30000.0,3500.0,0.0,21.0,0.0
30000.0,3500.0,0.0,24.0,0.0
30000.0,3500.0,0.0,22.0,1.0
30000.0,3500.0,0.0,22.0,0.0
36000.0,18500.0,0.0,22.0,0.0
31200.0,3500.0,0.0,25.0,0.0
36000.0,5200.0,0.0,24.0,0.0
33000.0,3500.0,0.0,21.0,0.0
33000.0,3500.0,0.0,26.0,0.0
34000.0,3500.0,1.0,22.0,0.0
36000.0,12000.0,0.0,22.0,0.0
36000.0,5100.0,0.0,25.0,0.0
34200.0,3500.0,0.0,26.0,0.0
35000.0,3500.0,0.0,24.0,0.0
35000.0,3500.0,0.0,21.0,0.0
36000.0,5600.0,0.0,24.0,0.0
35000.0,3500.0,0.0,25.0,0.0
35000.0,3500.0,1.0,21.0,0.0
35100.0,3500.0,0.0,21.0,0.0
35500.0,3500.0,0.0,23.0,0.0
36000.0,3500.0,0.0,25.0,0.0
36000.0,1000.0,0.0,21.0,0.0
38000.0,3500.0,0.0,21.0,0.0
36000.0,5175.0,0.0,26.0,0.0
38400.0,3500.0,0.0,22.0,0.0
39000.0,3500.0,0.0,22.0,0.0
39336.0,3500.0,0.0,22.0,0.0
40000.0,3500.0,0.0,24.0,0.0
40000.0,3500.0,0.0,23.0,0.0
40000.0,3500.0,1.0,23.0,0.0
36000.0,3600.0,1.0,24.0,0.0
41000.0,3500.0,0.0,21.0,0.0
36000.0,8000.0,0.0,24.0,0.0
42000.0,3500.0,0.0,25.0,0.0
30000.0,4800.0,0.0,23.0,1.0
42000.0,3500.0,0.0,26.0,0.0
42000.0,3500.0,0.0,21.0,0.0
42500.0,3500.0,1.0,26.0,0.0
42500.0,3500.0,0.0,21.0,0.0
36000.0,1000.0,0.0,22.0,0.0
44000.0,3500.0,0.0,24.0,0.0
45000.0,3500.0,0.0,23.0,0.0
39000.0,3500.0,0.0,23.0,1.0
45000.0,3500.0,0.0,22.0,0.0
30000.0,12000.0,0.0,25.0,1.0
47000.0,3500.0,0.0,25.0,0.0
36000.0,8400.0,0.0,25.0,0.0
30000.0,10000.0,1.0,24.0,1.0
36000.0,5600.0,0.0,25.0,0.0
36000.0,7000.0,0.0,26.0,0.0
47496.0,3500.0,0.0,23.0,0.0
48000.0,3500.0,0.0,23.0,0.0
48000.0,3500.0,0.0,25.0,0.0
36000.0,2000.0,0.0,23.0,0.0
48562.0,3500.0,0.0,23.0,0.0
50250.0,3500.0,0.0,22.0,0.0
51996.0,3500.0,0.0,22.0,0.0
45996.0,3500.0,0.0,24.0,1.0
52000.0,3500.0,0.0,24.0,0.0
52692.0,3500.0,1.0,23.0,0.0
36000.0,14000.0,1.0,23.0,0.0
54084.0,3500.0,0.0,25.0,0.0
36000.0,2800.0,0.0,21.0,0.0
30000.0,13250.0,0.0,21.0,1.0
55000.0,3500.0,0.0,24.0,0.0
55000.0,3500.0,0.0,22.0,0.0
57000.0,3500.0,1.0,22.0,0.0
51000.0,3500.0,1.0,26.0,1.0
58000.0,3500.0,0.0,26.0,0.0
59000.0,3500.0,0.0,24.0,0.0
60000.0,3500.0,0.0,22.0,0.0
36000.0,5975.0,0.0,22.0,0.0
60000.0,3500.0,0.0,24.0,0.0
36000.0,7200.0,0.0,23.0,0.0
36000.0,4000.0,0.0,21.0,0.0
36000.0,5300.0,0.0,25.0,0.0
56400.0,3500.0,0.0,25.0,1.0
63816.0,3500.0,0.0,23.0,0.0
65000.0,3500.0,0.0,24.0,0.0
59000.0,3500.0,0.0,25.0,1.0
36000.0,6400.0,0.0,23.0,0.0
30000.0,6725.0,0.0,23.0,1.0
36000.0,5000.0,0.0,23.0,0.0
36000.0,3500.0,1.0,24.0,0.0
70000.0,3500.0,0.0,23.0,0.0
64000.0,3500.0,1.0,23.0,1.0
74000.0,3500.0,1.0,23.0,0.0
68004.0,3500.0,1.0,26.0,1.0
74400.0,3500.0,0.0,24.0,0.0
74880.0,3500.0,0.0,23.0,0.0
75000.0,3500.0,0.0,22.0,0.0
77000.0,3500.0,0.0,25.0,0.0
78000.0,3500.0,0.0,23.0,0.0
81000.0,3500.0,0.0,23.0,0.0
78000.0,3500.0,0.0,24.0,1.0
36000.0,7000.0,0.0,24.0,0.0
36000.0,4000.0,0.0,21.0,0.0
94000.0,3500.0,0.0,23.0,0.0
98000.0,3500.0,0.0,23.0,0.0
110000.0,3500.0,1.0,21.0,0.0
26000.0,3525.0,0.0,23.0,0.0
36000.0,12000.0,0.0,22.0,0.0
36000.0,3525.0,1.0,24.0,0.0
12120.0,3600.0,0.0,21.0,1.0
36000.0,7500.0,0.0,22.0,0.0
36000.0,9000.0,0.0,26.0,0.0
15000.0,3600.0,0.0,21.0,1.0
36000.0,12000.0,0.0,23.0,0.0
18000.0,3600.0,0.0,22.0,1.0
18700.0,3600.0,0.0,22.0,1.0
20000.0,3600.0,0.0,24.0,0.0
21600.0,3600.0,0.0,25.0,0.0
24000.0,3600.0,0.0,24.0,1.0
36000.0,4800.0,1.0,23.0,0.0
24000.0,3600.0,0.0,26.0,1.0
24216.0,3600.0,0.0,23.0,1.0
24996.0,3600.0,0.0,21.0,1.0
26400.0,3600.0,1.0,21.0,0.0
30000.0,3600.0,0.0,26.0,1.0
30000.0,3600.0,0.0,23.0,0.0
30000.0,3600.0,0.0,24.0,0.0
30000.0,3600.0,0.0,22.0,0.0
30000.0,3600.0,0.0,24.0,0.0
36000.0,7750.0,0.0,22.0,0.0
36000.0,15800.0,1.0,23.0,0.0
30000.0,3600.0,0.0,23.0,0.0
30000.0,3600.0,0.0,23.0,0.0
36000.0,1800.0,0.0,22.0,0.0
36000.0,4800.0,0.0,24.0,0.0
30000.0,3600.0,0.0,22.0,0.0
30000.0,3600.0,0.0,23.0,0.0
36000.0,10000.0,0.0,22.0,0.0
31000.0,3600.0,0.0,22.0,0.0
36000.0,1800.0,0.0,23.0,0.0
31200.0,3600.0,0.0,25.0,0.0
36000.0,14600.0,1.0,23.0,0.0
36000.0,6000.0,0.0,23.0,0.0
31800.0,3600.0,0.0,25.0,0.0
32000.0,3600.0,0.0,24.0,0.0
32000.0,3600.0,0.0,23.0,0.0
33000.0,3600.0,0.0,25.0,1.0
35000.0,3600.0,0.0,22.0,0.0
36000.0,12000.0,0.0,22.0,0.0
36000.0,3600.0,0.0,25.0,0.0
36000.0,3600.0,0.0,22.0,0.0
36000.0,6000.0,0.0,25.0,0.0
36000.0,3600.0,0.0,22.0,0.0
36000.0,3600.0,0.0,24.0,0.0
36000.0,10000.0,0.0,26.0,0.0
30000.0,4000.0,1.0,23.0,1.0
37008.0,3600.0,0.0,22.0,0.0
38400.0,3600.0,0.0,22.0,0.0
38400.0,3600.0,0.0,23.0,0.0
36000.0,3250.0,0.0,24.0,0.0
36000.0,8000.0,0.0,24.0,0.0
36000.0,12000.0,1.0,22.0,0.0
36000.0,1400.0,1.0,22.0,0.0
36000.0,4000.0,0.0,26.0,0.0
33772.0,3600.0,1.0,25.0,1.0
40000.0,3600.0,1.0,23.0,0.0
36000.0,4500.0,0.0,22.0,0.0
40000.0,3600.0,0.0,24.0,0.0
36000.0,4800.0,0.0,25.0,0.0
40000.0,3600.0,0.0,21.0,0.0
36000.0,5400.0,0.0,26.0,0.0
36000.0,9000.0,0.0,25.0,0.0
36000.0,4800.0,0.0,23.0,0.0
40000.0,3600.0,0.0,24.0,0.0
36000.0,8500.0,0.0,23.0,0.0
40000.0,3600.0,0.0,22.0,0.0
40000.0,3600.0,0.0,24.0,0.0
36000.0,7500.0,0.0,22.0,0.0
36000.0,6000.0,0.0,22.0,0.0
42000.0,3600.0,1.0,22.0,0.0
36000.0,15000.0,0.0,23.0,0.0
37000.0,11000.0,0.0,23.0,0.0
37950.0,11000.0,0.0,24.0,0.0
36000.0,2000.0,0.0,24.0,0.0
39500.0,11000.0,1.0,22.0,0.0
39520.0,11000.0,0.0,23.0,0.0
39996.0,11000.0,0.0,22.0,0.0
34000.0,11000.0,0.0,22.0,1.0
41000.0,11000.0,0.0,22.0,0.0
41280.0,11000.0,0.0,24.0,0.0
36000.0,10000.0,0.0,26.0,0.0
36000.0,7000.0,1.0,25.0,0.0
41808.0,11000.0,1.0,21.0,0.0
42000.0,11000.0,0.0,22.0,0.0
36000.0,11000.0,0.0,21.0,1.0
36000.0,11000.0,1.0,23.0,1.0
36000.0,8800.0,0.0,21.0,0.0
43000.0,11000.0,0.0,24.0,0.0
44975.0,11000.0,0.0,25.0,0.0
45000.0,11000.0,0.0,26.0,0.0
45000.0,11000.0,0.0,25.0,0.0
36000.0,5000.0,1.0,23.0,0.0
36000.0,5400.0,0.0,25.0,0.0
45000.0,11000.0,0.0,22.0,0.0
45000.0,11000.0,0.0,26.0,0.0
36000.0,5000.0,0.0,22.0,0.0
45504.0,11000.0,0.0,22.0,0.0
46000.0,11000.0,0.0,22.0,0.0
36000.0,4750.0,0.0,24.0,0.0
46000.0,11000.0,0.0,22.0,0.0
47160.0,11000.0,0.0,24.0,0.0
48000.0,11000.0,0.0,25.0,0.0
30000.0,9500.0,0.0,23.0,1.0
48000.0,11000.0,0.0,22.0,0.0
48996.0,11000.0,0.0,25.0,0.0
49278.0,11000.0,0.0,24.0,0.0
50000.0,11000.0,1.0,22.0,0.0
36000.0,3000.0,0.0,23.0,0.0
50000.0,11000.0,0.0,21.0,0.0
50000.0,11000.0,0.0,25.0,0.0
44000.0,11000.0,0.0,26.0,1.0
50985.0,11000.0,0.0,22.0,0.0
36000.0,6000.0,0.0,22.0,0.0
36000.0,6350.0,0.0,26.0,0.0
46000.0,11000.0,1.0,26.0,1.0
52769.0,11000.0,0.0,21.0,0.0
53004.0,11000.0,0.0,26.0,0.0
30000.0,10000.0,0.0,23.0,1.0
30000.0,1000.0,0.0,23.0,1.0
56000.0,11000.0,0.0,23.0,0.0
36000.0,8000.0,0.0,21.0,0.0
58195.0,11000.0,0.0,26.0,0.0
59000.0,11000.0,0.0,22.0,0.0
36000.0,6400.0,0.0,24.0,0.0
60000.0,11000.0,0.0,23.0,0.0
36000.0,10000.0,0.0,22.0,0.0
65000.0,11000.0,0.0,24.0,0.0
36000.0,18000.0,0.0,26.0,0.0
36000.0,6000.0,1.0,26.0,0.0
36000.0,8000.0,0.0,24.0,0.0
69996.0,11000.0,0.0,24.0,0.0
70000.0,11000.0,0.0,26.0,0.0
71200.0,11000.0,0.0,22.0,0.0
80004.0,11000.0,0.0,25.0,0.0
85000.0,11000.0,0.0,24.0,0.0
87000.0,11000.0,0.0,21.0,0.0
90000.0,11000.0,0.0,24.0,0.0
36194.0,9250.0,0.0,26.0,0.0
100000.0,11000.0,0.0,24.0,0.0
30252.0,10000.0,0.0,25.0,1.0
116000.0,11000.0,0.0,23.0,0.0
30297.0,7550.0,1.0,21.0,1.0
36300.0,9000.0,0.0,25.0,0.0
30300.0,5000.0,0.0,25.0,1.0
120000.0,11000.0,0.0,25.0,0.0
125000.0,11000.0,1.0,26.0,0.0
36396.0,5500.0,0.0,22.0,0.0
47230.0,10950.0,0.0,24.0,0.0
30400.0,9950.0,0.0,22.0,1.0
60000.0,10900.0,0.0,22.0,0.0
35500.0,10875.0,0.0,22.0,1.0
36400.0,11000.0,0.0,25.0,0.0
33000.0,10800.0,0.0,21.0,1.0
34000.0,10800.0,1.0,24.0,1.0
36480.0,10800.0,0.0,22.0,0.0
33996.0,10800.0,0.0,26.0,1.0
36500.0,2500.0,0.0,24.0,0.0
40000.0,10800.0,0.0,24.0,0.0
43680.0,10800.0,0.0,24.0,0.0
45000.0,10800.0,0.0,26.0,0.0
45996.0,10800.0,0.0,24.0,0.0
30500.0,3000.0,1.0,23.0,1.0
36500.0,3200.0,0.0,25.0,0.0
36500.0,7000.0,1.0,24.0,0.0
42000.0,10800.0,0.0,26.0,1.0
30576.0,3000.0,1.0,26.0,1.0
36600.0,9950.0,0.0,22.0,0.0
50000.0,10800.0,0.0,25.0,0.0
44400.0,10800.0,0.0,22.0,1.0
55000.0,10800.0,0.0,23.0,0.0
55000.0,10800.0,0.0,25.0,0.0
36800.0,12400.0,0.0,21.0,0.0
57000.0,10800.0,0.0,21.0,0.0
57000.0,10800.0,0.0,21.0,1.0
68000.0,10800.0,0.0,25.0,0.0
72000.0,10800.0,0.0,23.0,0.0
69000.0,10800.0,0.0,26.0,1.0
58650.0,10800.0,0.0,23.0,1.0
36933.0,10000.0,1.0,22.0,0.0
75000.0,10800.0,0.0,22.0,0.0
62165.0,10800.0,1.0,25.0,1.0
115000.0,10800.0,0.0,23.0,0.0
36996.0,10000.0,0.0,23.0,0.0
20796.0,10775.0,1.0,22.0,1.0
30000.0,10775.0,0.0,23.0,1.0
24000.0,10750.0,1.0,24.0,1.0
29950.0,10750.0,0.0,22.0,1.0
30067.0,10750.0,0.0,21.0,1.0
36000.0,10750.0,1.0,26.0,0.0
37000.0,6000.0,0.0,23.0,0.0
39000.0,10750.0,1.0,25.0,1.0
32000.0,10700.0,0.0,23.0,1.0
48000.0,10700.0,0.0,26.0,0.0
37000.0,6400.0,0.0,23.0,0.0
68000.0,10700.0,0.0,26.0,0.0
37000.0,10000.0,0.0,25.0,0.0
37000.0,3600.0,0.0,22.0,0.0
37000.0,2000.0,1.0,22.0,0.0
24000.0,10625.0,0.0,25.0,1.0
37000.0,8400.0,0.0,26.0,0.0
37000.0,7000.0,1.0,25.0,0.0
25000.0,10625.0,0.0,23.0,1.0
37000.0,15000.0,0.0,22.0,0.0
30000.0,10625.0,0.0,26.0,1.0
30000.0,10625.0,0.0,25.0,1.0
30000.0,10625.0,0.0,23.0,1.0
37000.0,6075.0,0.0,24.0,0.0
62467.0,10625.0,0.0,24.0,0.0
31200.0,10600.0,0.0,22.0,1.0
33048.0,10600.0,1.0,24.0,1.0
42000.0,10600.0,1.0,24.0,0.0
57700.0,10600.0,1.0,25.0,1.0
75000.0,10600.0,0.0,22.0,0.0
94000.0,10600.0,0.0,24.0,0.0
37000.0,2500.0,0.0,22.0,0.0
30000.0,10500.0,0.0,25.0,1.0
37000.0,15000.0,0.0,22.0,0.0
29000.0,10500.0,0.0,22.0,1.0
35220.0,10500.0,0.0,25.0,0.0
37000.0,13000.0,0.0,22.0,0.0
36000.0,10500.0,0.0,22.0,0.0
34500.0,10500.0,0.0,21.0,1.0
41900.0,10500.0,0.0,22.0,0.0
44640.0,10500.0,0.0,24.0,0.0
45000.0,10500.0,0.0,22.0,0.0
37000.0,10000.0,0.0,24.0,0.0
49000.0,10500.0,0.0,22.0,1.0
58000.0,10500.0,0.0,26.0,0.0
85000.0,10500.0,0.0,24.0,0.0
43500.0,10450.0,0.0,23.0,0.0
37000.0,10400.0,0.0,26.0,0.0
37000.0,10000.0,0.0,23.0,0.0
37000.0,5000.0,0.0,24.0,0.0
37000.0,10400.0,0.0,23.0,0.0
32400.0,10400.0,0.0,22.0,1.0
40000.0,10400.0,0.0,25.0,0.0
37000.0,7500.0,0.0,22.0,0.0
40800.0,10400.0,0.0,21.0,0.0
41004.0,10400.0,0.0,23.0,0.0
37000.0,25000.0,0.0,24.0,0.0
42000.0,10400.0,0.0,21.0,0.0
43500.0,10400.0,0.0,23.0,0.0
44000.0,10400.0,0.0,24.0,0.0
57300.0,10400.0,0.0,25.0,0.0
57460.0,10400.0,1.0,22.0,0.0
60000.0,10400.0,1.0,23.0,0.0
59000.0,10400.0,0.0,25.0,1.0
83252.0,10400.0,0.0,22.0,0.0
35280.0,10375.0,1.0,25.0,1.0
64000.0,10325.0,1.0,23.0,1.0
29856.0,10300.0,0.0,23.0,1.0
45000.0,10300.0,0.0,21.0,0.0
165000.0,10300.0,0.0,26.0,0.0
54996.0,10250.0,0.0,26.0,0.0
60000.0,10250.0,0.0,25.0,0.0
66000.0,10250.0,0.0,23.0,1.0
37200.0,13000.0,0.0,24.0,0.0
37200.0,6000.0,0.0,26.0,0.0
36000.0,10200.0,0.0,26.0,0.0
42000.0,3600.0,0.0,22.0,0.0
44094.0,3600.0,0.0,22.0,0.0
45000.0,3600.0,0.0,23.0,0.0
45000.0,3600.0,0.0,23.0,0.0
45000.0,3600.0,0.0,24.0,0.0
39600.0,3600.0,1.0,22.0,1.0
41000.0,3600.0,1.0,22.0,1.0
37308.0,8400.0,0.0,22.0,0.0
37344.0,3200.0,1.0,23.0,0.0
48000.0,3600.0,0.0,23.0,0.0
31417.0,7000.0,0.0,25.0,1.0
44000.0,3600.0,1.0,22.0,1.0
50000.0,3600.0,0.0,24.0,0.0
50350.0,3600.0,0.0,21.0,0.0
51300.0,3600.0,0.0,25.0,0.0
54000.0,3600.0,0.0,23.0,0.0
54804.0,3600.0,1.0,23.0,0.0
37459.0,5600.0,0.0,21.0,0.0
37460.0,7125.0,0.0,23.0,0.0
55000.0,3600.0,0.0,25.0,0.0
55000.0,3600.0,0.0,23.0,0.0
55200.0,3600.0,0.0,25.0,0.0
60000.0,3600.0,0.0,23.0,0.0
37500.0,12000.0,0.0,21.0,0.0
60000.0,3600.0,0.0,23.0,0.0
37500.0,7000.0,0.0,26.0,0.0
60900.0,3600.0,0.0,25.0,0.0
63000.0,3600.0,0.0,26.0,0.0
37500.0,5600.0,0.0,24.0,0.0
65000.0,3600.0,0.0,23.0,0.0
65000.0,3600.0,0.0,23.0,0.0
65000.0,3600.0,0.0,24.0,0.0
67000.0,3600.0,0.0,25.0,0.0
51850.0,3600.0,0.0,25.0,1.0
37560.0,5000.0,0.0,25.0,0.0
72000.0,3600.0,0.0,26.0,0.0
37596.0,12000.0,0.0,25.0,0.0
75000.0,3600.0,0.0,26.0,0.0
80000.0,3600.0,0.0,22.0,0.0
37700.0,8000.0,1.0,23.0,0.0
84996.0,3600.0,0.0,26.0,0.0
31785.0,6000.0,0.0,23.0,1.0
37800.0,7200.0,0.0,22.0,0.0
93000.0,3600.0,1.0,22.0,1.0
31800.0,10000.0,0.0,25.0,1.0
19800.0,3625.0,0.0,25.0,1.0
24000.0,3625.0,0.0,26.0,1.0
52000.0,3625.0,0.0,25.0,0.0
52000.0,3625.0,0.0,23.0,1.0
37980.0,3500.0,0.0,25.0,0.0
38000.0,8875.0,0.0,26.0,0.0
38000.0,4000.0,0.0,23.0,0.0
27996.0,3700.0,0.0,21.0,0.0
36000.0,3700.0,0.0,23.0,0.0
38000.0,5400.0,0.0,23.0,0.0
60000.0,3700.0,0.0,22.0,0.0
75000.0,3700.0,0.0,23.0,0.0
38000.0,8000.0,0.0,23.0,0.0
33000.0,3725.0,0.0,23.0,0.0
120000.0,3725.0,0.0,23.0,0.0
21000.0,3750.0,0.0,23.0,1.0
38000.0,7000.0,1.0,21.0,0.0
38000.0,6000.0,0.0,22.0,0.0
27804.0,3750.0,1.0,22.0,0.0
38000.0,5400.0,0.0,25.0,0.0
38000.0,18000.0,0.0,22.0,0.0
11000.0,3800.0,0.0,22.0,1.0
19200.0,3800.0,1.0,25.0,1.0
25000.0,3800.0,0.0,21.0,0.0
26400.0,3800.0,0.0,23.0,0.0
30004.0,3800.0,0.0,25.0,1.0
34000.0,3800.0,1.0,22.0,1.0
43000.0,3800.0,0.0,22.0,0.0
47000.0,3800.0,0.0,26.0,0.0
55000.0,3800.0,0.0,23.0,0.0
69000.0,3800.0,1.0,23.0,1.0
108000.0,3800.0,1.0,23.0,0.0
26000.0,3825.0,0.0,26.0,0.0
38000.0,8500.0,0.0,22.0,0.0
28500.0,3825.0,0.0,22.0,1.0
38000.0,8000.0,0.0,22.0,0.0
40000.0,3825.0,0.0,24.0,0.0
38000.0,9000.0,0.0,25.0,0.0
38000.0,5000.0,0.0,23.0,0.0
32000.0,3850.0,1.0,24.0,0.0
38000.0,4500.0,0.0,22.0,0.0
48500.0,3850.0,0.0,23.0,0.0
38000.0,5000.0,0.0,24.0,0.0
26000.0,3900.0,0.0,22.0,0.0
38000.0,6000.0,0.0,25.0,0.0
40000.0,3900.0,1.0,24.0,0.0
44500.0,3900.0,0.0,25.0,0.0
38000.0,17500.0,0.0,23.0,0.0
45000.0,3950.0,0.0,22.0,0.0
12000.0,4000.0,0.0,22.0,1.0
12600.0,4000.0,0.0,22.0,1.0
38000.0,4200.0,0.0,22.0,0.0
32000.0,8000.0,0.0,25.0,1.0
13000.0,4000.0,0.0,24.0,1.0
38000.0,4800.0,0.0,22.0,0.0
13000.0,4000.0,1.0,25.0,1.0
13200.0,4000.0,1.0,24.0,1.0
13200.0,4000.0,0.0,24.0,1.0
13200.0,4000.0,0.0,21.0,1.0
14400.0,4000.0,0.0,22.0,1.0
38000.0,4000.0,0.0,22.0,0.0
38000.0,8000.0,0.0,24.0,0.0
14400.0,4000.0,0.0,23.0,1.0
38000.0,14000.0,0.0,21.0,0.0
38000.0,8500.0,0.0,24.0,0.0
14400.0,4000.0,0.0,22.0,1.0
14400.0,4000.0,1.0,22.0,1.0
38000.0,1500.0,0.0,25.0,0.0
15000.0,4000.0,0.0,22.0,1.0
32000.0,15000.0,0.0,26.0,1.0
15600.0,4000.0,0.0,24.0,1.0
15996.0,4000.0,1.0,22.0,1.0
16800.0,4000.0,0.0,22.0,1.0
16800.0,4000.0,0.0,22.0,1.0
17500.0,4000.0,1.0,21.0,1.0
38000.0,16000.0,0.0,24.0,0.0
18000.0,4000.0,0.0,22.0,1.0
18000.0,4000.0,0.0,23.0,1.0
18000.0,4000.0,1.0,24.0,1.0
18000.0,4000.0,1.0,25.0,1.0
18000.0,4000.0,1.0,22.0,1.0
18720.0,4000.0,0.0,23.0,1.0
19000.0,4000.0,1.0,21.0,1.0
19200.0,4000.0,1.0,25.0,1.0
38000.0,5000.0,0.0,21.0,0.0
19200.0,4000.0,1.0,24.0,1.0
38000.0,10000.0,0.0,22.0,0.0
38000.0,4000.0,1.0,22.0,0.0
19200.0,4000.0,0.0,22.0,1.0
19404.0,4000.0,0.0,25.0,1.0
38000.0,1950.0,0.0,22.0,0.0
20000.0,4000.0,0.0,25.0,0.0
20000.0,4000.0,1.0,23.0,0.0
20000.0,4000.0,0.0,22.0,0.0
20000.0,4000.0,1.0,26.0,0.0
20000.0,4000.0,0.0,22.0,0.0
20004.0,4000.0,0.0,26.0,0.0
20400.0,4000.0,0.0,23.0,0.0
21000.0,4000.0,0.0,24.0,0.0
21000.0,4000.0,0.0,21.0,0.0
21000.0,4000.0,0.0,26.0,0.0
38004.0,10000.0,0.0,26.0,0.0
22000.0,4000.0,0.0,24.0,1.0
22000.0,4000.0,0.0,24.0,0.0
23400.0,4000.0,0.0,25.0,0.0
23920.0,4000.0,0.0,25.0,0.0
24000.0,4000.0,1.0,21.0,1.0
38014.0,10000.0,0.0,25.0,0.0
24000.0,4000.0,0.0,24.0,0.0
24000.0,4000.0,0.0,24.0,0.0
38100.0,3900.0,0.0,26.0,0.0
24000.0,4000.0,0.0,23.0,0.0
38117.0,13500.0,0.0,22.0,0.0
24000.0,4000.0,0.0,25.0,0.0
38160.0,12000.0,0.0,23.0,0.0
24996.0,4000.0,0.0,24.0,0.0
25000.0,4000.0,0.0,22.0,0.0
25000.0,4000.0,0.0,22.0,0.0
25200.0,4000.0,0.0,21.0,0.0
32213.0,8000.0,1.0,22.0,1.0
38244.0,18000.0,0.0,26.0,0.0
25440.0,4000.0,0.0,22.0,0.0
26000.0,4000.0,0.0,23.0,0.0
26000.0,4000.0,1.0,23.0,1.0
38376.0,14500.0,0.0,26.0,0.0
26400.0,4000.0,0.0,26.0,0.0
26400.0,4000.0,0.0,23.0,1.0
26400.0,4000.0,0.0,24.0,0.0
27000.0,4000.0,0.0,22.0,0.0
27000.0,4000.0,0.0,24.0,0.0
38400.0,8000.0,0.0,23.0,0.0
27000.0,4000.0,0.0,22.0,0.0
27000.0,4000.0,1.0,21.0,1.0
27040.0,4000.0,1.0,23.0,0.0
27600.0,4000.0,0.0,22.0,0.0
38400.0,1000.0,0.0,25.0,0.0
27993.0,4000.0,0.0,25.0,0.0
28000.0,4000.0,0.0,23.0,0.0
28000.0,4000.0,0.0,21.0,0.0
28000.0,4000.0,0.0,25.0,0.0
28008.0,4000.0,0.0,25.0,0.0
28704.0,4000.0,0.0,24.0,0.0
38400.0,10000.0,0.0,22.0,0.0
28800.0,4000.0,0.0,23.0,0.0
28800.0,4000.0,0.0,22.0,0.0
38400.0,5550.0,0.0,26.0,0.0
29000.0,4000.0,0.0,24.0,0.0
38400.0,15000.0,0.0,24.0,0.0
38400.0,15500.0,0.0,26.0,0.0
29700.0,4000.0,0.0,23.0,0.0
30000.0,4000.0,0.0,22.0,0.0
30000.0,4000.0,0.0,24.0,0.0
30000.0,4000.0,0.0,24.0,0.0
38400.0,10000.0,0.0,24.0,0.0
30000.0,4000.0,1.0,25.0,0.0
38400.0,12500.0,1.0,25.0,0.0
30000.0,4000.0,1.0,25.0,0.0
30000.0,4000.0,0.0,22.0,0.0
38400.0,10000.0,0.0,22.0,0.0
38400.0,7675.0,0.0,23.0,0.0
38400.0,10000.0,0.0,25.0,0.0
38400.0,5000.0,0.0,23.0,0.0
30000.0,4000.0,0.0,23.0,0.0
30000.0,4000.0,0.0,23.0,0.0
38400.0,5000.0,0.0,23.0,0.0
30000.0,4000.0,0.0,26.0,0.0
30000.0,4000.0,0.0,22.0,1.0
38400.0,5700.0,0.0,25.0,0.0
38400.0,6000.0,0.0,26.0,0.0
30000.0,4000.0,0.0,26.0,1.0
30000.0,4000.0,0.0,25.0,0.0
30000.0,4000.0,0.0,24.0,0.0
30900.0,4000.0,0.0,25.0,1.0
38400.0,10000.0,0.0,24.0,0.0
31104.0,4000.0,0.0,26.0,0.0
31200.0,4000.0,0.0,24.0,0.0
38400.0,12000.0,0.0,25.0,0.0
38400.0,10000.0,0.0,22.0,0.0
38400.0,8500.0,0.0,22.0,0.0
31200.0,4000.0,0.0,23.0,0.0
31609.0,4000.0,1.0,24.0,0.0
32400.0,1750.0,1.0,21.0,1.0
32000.0,4000.0,0.0,22.0,0.0
38400.0,10000.0,0.0,23.0,0.0
32000.0,4000.0,0.0,25.0,0.0
32000.0,4000.0,0.0,24.0,1.0
32000.0,4000.0,0.0,23.0,0.0
32400.0,4000.0,0.0,26.0,0.0
32400.0,4000.0,0.0,25.0,0.0
32500.0,4000.0,1.0,24.0,0.0
38400.0,8000.0,1.0,24.0,0.0
38400.0,6000.0,1.0,23.0,0.0
32640.0,4000.0,1.0,25.0,0.0
32993.0,4000.0,0.0,23.0,1.0
38423.0,2000.0,0.0,22.0,0.0
38450.0,5500.0,0.0,24.0,0.0
32484.0,6250.0,0.0,22.0,1.0
38496.0,8000.0,0.0,25.0,0.0
32496.0,4200.0,0.0,26.0,1.0
33000.0,4000.0,0.0,22.0,0.0
33000.0,4000.0,0.0,23.0,0.0
33227.0,4000.0,0.0,26.0,0.0
38500.0,6500.0,0.0,21.0,0.0
34000.0,4000.0,0.0,23.0,0.0
34500.0,4000.0,0.0,23.0,0.0
38628.0,4800.0,0.0,22.0,0.0
32644.0,13750.0,1.0,22.0,1.0
32652.0,6000.0,0.0,20.0,1.0
38667.0,4800.0,0.0,23.0,0.0
35000.0,4000.0,1.0,25.0,0.0
29000.0,4000.0,1.0,25.0,1.0
29000.0,4000.0,0.0,21.0,1.0
35000.0,4000.0,0.0,25.0,0.0
38880.0,9500.0,0.0,25.0,0.0
29000.0,4000.0,1.0,22.0,1.0
29000.0,4000.0,0.0,24.0,1.0
38904.0,10000.0,0.0,26.0,0.0
35500.0,4000.0,0.0,25.0,0.0
30000.0,4000.0,1.0,26.0,1.0
36000.0,4000.0,0.0,22.0,0.0
36000.0,4000.0,0.0,22.0,0.0
36000.0,4000.0,1.0,25.0,0.0
30000.0,4000.0,1.0,22.0,1.0
36000.0,4000.0,0.0,24.0,0.0
36000.0,4000.0,0.0,22.0,0.0
36000.0,4000.0,0.0,26.0,0.0
36300.0,4000.0,0.0,23.0,0.0
37000.0,4000.0,0.0,22.0,0.0
37000.0,4000.0,0.0,21.0,0.0
37200.0,4000.0,1.0,21.0,0.0
38000.0,4000.0,0.0,23.0,0.0
39000.0,3250.0,0.0,22.0,0.0
39000.0,3000.0,1.0,25.0,0.0
38400.0,4000.0,0.0,22.0,0.0
38400.0,4000.0,0.0,23.0,0.0
38400.0,4000.0,0.0,22.0,0.0
39000.0,1000.0,0.0,21.0,0.0
38400.0,4000.0,0.0,24.0,0.0
38400.0,4000.0,0.0,25.0,0.0
38850.0,4000.0,1.0,23.0,0.0
39000.0,4000.0,0.0,25.0,0.0
39000.0,4000.0,1.0,24.0,0.0
39000.0,5600.0,0.0,24.0,0.0
39000.0,5000.0,0.0,23.0,0.0
39000.0,9500.0,0.0,26.0,0.0
39000.0,4500.0,0.0,25.0,0.0
33000.0,9000.0,0.0,26.0,1.0
39000.0,6000.0,0.0,25.0,0.0
40000.0,4000.0,0.0,22.0,0.0
40000.0,4000.0,1.0,23.0,0.0
40000.0,4000.0,0.0,24.0,0.0
39000.0,10000.0,0.0,23.0,0.0
33000.0,3250.0,0.0,21.0,1.0
40000.0,4000.0,0.0,21.0,0.0
40000.0,4000.0,0.0,22.0,0.0
40000.0,4000.0,0.0,22.0,0.0
40200.0,4000.0,0.0,26.0,0.0
35000.0,4000.0,0.0,23.0,1.0
39000.0,3000.0,1.0,23.0,0.0
41004.0,4000.0,0.0,23.0,0.0
35200.0,4000.0,1.0,24.0,1.0
42000.0,4000.0,0.0,21.0,0.0
42000.0,4000.0,0.0,23.0,0.0
33000.0,12000.0,1.0,26.0,1.0
36000.0,4000.0,0.0,21.0,1.0
36000.0,4000.0,0.0,23.0,1.0
39120.0,7000.0,0.0,23.0,0.0
39124.0,5000.0,0.0,22.0,0.0
33168.0,6000.0,0.0,25.0,1.0
36000.0,4000.0,0.0,26.0,1.0
42000.0,4000.0,0.0,22.0,0.0
42000.0,4000.0,0.0,22.0,0.0
39216.0,10000.0,0.0,23.0,0.0
42000.0,4000.0,0.0,23.0,0.0
39300.0,7000.0,0.0,22.0,0.0
39300.0,5325.0,1.0,22.0,0.0
42000.0,4000.0,0.0,22.0,0.0
42500.0,4000.0,0.0,25.0,0.0
39396.0,5000.0,0.0,22.0,0.0
43000.0,4000.0,0.0,24.0,0.0
39456.0,1325.0,0.0,24.0,0.0
39456.0,14000.0,0.0,23.0,0.0
43000.0,4000.0,0.0,25.0,0.0
39600.0,4000.0,0.0,26.0,1.0
45600.0,4000.0,0.0,25.0,0.0
39500.0,10000.0,1.0,23.0,0.0
41000.0,4000.0,0.0,22.0,1.0
41000.0,4000.0,1.0,25.0,1.0
47004.0,4000.0,1.0,23.0,0.0
47088.0,4000.0,0.0,24.0,0.0
48000.0,4000.0,0.0,22.0,0.0
39600.0,3500.0,0.0,21.0,0.0
48000.0,4000.0,0.0,26.0,0.0
48000.0,4000.0,0.0,25.0,0.0
39600.0,4800.0,0.0,25.0,0.0
42000.0,4000.0,0.0,24.0,1.0
42000.0,4000.0,1.0,24.0,1.0
39600.0,5000.0,0.0,25.0,0.0
39600.0,6000.0,0.0,23.0,0.0
39600.0,8250.0,0.0,23.0,0.0
33660.0,4500.0,0.0,26.0,1.0
44000.0,4000.0,0.0,24.0,1.0
50000.0,4000.0,0.0,24.0,0.0
39672.0,11500.0,0.0,26.0,0.0
39689.0,13000.0,1.0,23.0,0.0
39700.0,8400.0,0.0,23.0,0.0
50000.0,4000.0,0.0,24.0,0.0
50000.0,4000.0,0.0,25.0,0.0
50000.0,4000.0,0.0,23.0,0.0
39800.0,9750.0,0.0,23.0,0.0
50000.0,4000.0,0.0,25.0,0.0
50000.0,4000.0,1.0,23.0,0.0
50000.0,4000.0,0.0,24.0,0.0
50000.0,4000.0,0.0,23.0,0.0
50000.0,4000.0,0.0,22.0,0.0
50000.0,4000.0,0.0,25.0,0.0
50004.0,4000.0,0.0,22.0,0.0
50004.0,4000.0,0.0,24.0,0.0
44582.0,4000.0,0.0,22.0,1.0
39990.0,2400.0,1.0,26.0,0.0
50808.0,4000.0,0.0,21.0,0.0
39996.0,6000.0,0.0,22.0,0.0
39996.0,3000.0,0.0,24.0,0.0
50952.0,4000.0,1.0,23.0,0.0
45000.0,4000.0,0.0,24.0,1.0
51600.0,4000.0,0.0,23.0,0.0
39996.0,5000.0,1.0,24.0,0.0
45630.0,4000.0,1.0,23.0,1.0
51996.0,4000.0,1.0,23.0,0.0
52000.0,4000.0,0.0,24.0,0.0
39996.0,11000.0,0.0,23.0,0.0
52000.0,4000.0,0.0,24.0,0.0
46392.0,4000.0,1.0,25.0,1.0
53285.0,4000.0,0.0,22.0,0.0
53636.0,4000.0,0.0,24.0,0.0
48000.0,4000.0,0.0,23.0,1.0
54000.0,4000.0,0.0,25.0,0.0
54996.0,4000.0,0.0,26.0,0.0
55000.0,4000.0,0.0,23.0,0.0
55000.0,4000.0,0.0,26.0,0.0
55000.0,4000.0,1.0,21.0,0.0
55000.0,4000.0,0.0,23.0,0.0
55000.0,4000.0,0.0,23.0,0.0
55000.0,4000.0,0.0,24.0,0.0
56000.0,4000.0,1.0,23.0,0.0
39996.0,10000.0,0.0,23.0,0.0
57000.0,4000.0,0.0,21.0,0.0
39996.0,8000.0,0.0,21.0,0.0
57500.0,4000.0,0.0,23.0,0.0
39996.0,3600.0,0.0,23.0,0.0
39996.0,13000.0,0.0,21.0,0.0
57600.0,4000.0,0.0,23.0,0.0
39996.0,7000.0,1.0,26.0,0.0
58000.0,4000.0,0.0,23.0,0.0
58000.0,4000.0,0.0,22.0,0.0
58320.0,4000.0,0.0,23.0,0.0
39996.0,6000.0,0.0,22.0,0.0
52800.0,4000.0,0.0,26.0,1.0
60000.0,4000.0,0.0,22.0,0.0
60000.0,4000.0,1.0,23.0,0.0
60000.0,4000.0,0.0,23.0,0.0
54000.0,4000.0,0.0,26.0,1.0
60000.0,4000.0,0.0,22.0,0.0
39996.0,7500.0,0.0,24.0,0.0
62000.0,4000.0,1.0,26.0,0.0
39996.0,6500.0,0.0,26.0,0.0
62000.0,4000.0,1.0,23.0,0.0
56400.0,4000.0,1.0,24.0,1.0
62500.0,4000.0,0.0,25.0,0.0
62500.0,4000.0,0.0,25.0,0.0
63000.0,4000.0,0.0,21.0,0.0
40000.0,14400.0,0.0,22.0,0.0
40000.0,9875.0,0.0,22.0,0.0
65000.0,4000.0,0.0,24.0,0.0
65000.0,4000.0,0.0,25.0,0.0
40000.0,12000.0,0.0,26.0,0.0
65000.0,4000.0,0.0,24.0,0.0
65000.0,4000.0,0.0,23.0,0.0
65499.0,4000.0,0.0,25.0,0.0
40000.0,18000.0,0.0,23.0,0.0
61000.0,4000.0,1.0,23.0,1.0
67450.0,4000.0,0.0,23.0,0.0
40000.0,12000.0,0.0,22.0,0.0
68000.0,4000.0,0.0,25.0,0.0
63000.0,4000.0,0.0,22.0,1.0
69360.0,4000.0,0.0,23.0,0.0
70000.0,4000.0,0.0,21.0,0.0
70000.0,4000.0,0.0,26.0,0.0
70000.0,4000.0,1.0,24.0,0.0
40000.0,6000.0,0.0,23.0,0.0
70000.0,4000.0,1.0,26.0,0.0
70000.0,4000.0,0.0,26.0,0.0
34000.0,12000.0,0.0,23.0,1.0
72000.0,4000.0,0.0,24.0,0.0
75000.0,4000.0,0.0,25.0,0.0
40000.0,5000.0,0.0,22.0,0.0
34000.0,4500.0,0.0,22.0,1.0
40000.0,2100.0,0.0,25.0,0.0
40000.0,5000.0,0.0,23.0,0.0
40000.0,7500.0,0.0,24.0,0.0
77250.0,4000.0,0.0,22.0,0.0
40000.0,5400.0,0.0,24.0,0.0
80000.0,4000.0,0.0,25.0,0.0
40000.0,10000.0,0.0,22.0,0.0
80000.0,4000.0,1.0,23.0,0.0
80000.0,4000.0,0.0,22.0,0.0
40000.0,6700.0,0.0,22.0,0.0
81996.0,4000.0,0.0,24.0,0.0
82000.0,4000.0,0.0,26.0,0.0
34000.0,5500.0,0.0,26.0,1.0
92000.0,4000.0,0.0,23.0,0.0
93000.0,4000.0,0.0,24.0,0.0
95000.0,4000.0,0.0,24.0,0.0
95000.0,4000.0,0.0,23.0,0.0
40000.0,15000.0,0.0,23.0,0.0
40000.0,6400.0,0.0,24.0,0.0
98000.0,4000.0,0.0,26.0,0.0
40000.0,7500.0,0.0,22.0,0.0
88000.0,4000.0,0.0,23.0,1.0
40000.0,4500.0,0.0,24.0,0.0
40000.0,2000.0,0.0,22.0,0.0
40000.0,2500.0,0.0,21.0,0.0
34000.0,4000.0,0.0,26.0,1.0
130000.0,4000.0,0.0,26.0,0.0
118068.0,4000.0,0.0,24.0,1.0
131000.0,4000.0,1.0,26.0,0.0
40000.0,5000.0,0.0,21.0,0.0
158000.0,4000.0,0.0,26.0,1.0
15000.0,4200.0,1.0,24.0,1.0
40000.0,10000.0,0.0,24.0,0.0
21600.0,4200.0,0.0,23.0,0.0
22560.0,4200.0,1.0,22.0,1.0
40000.0,4000.0,0.0,23.0,0.0
24996.0,4200.0,1.0,25.0,0.0
26000.0,4200.0,0.0,24.0,1.0
30000.0,4200.0,0.0,26.0,0.0
30000.0,4200.0,0.0,26.0,1.0
30000.0,4200.0,0.0,25.0,0.0
12000.0,4350.0,1.0,25.0,1.0
22000.0,4350.0,0.0,22.0,0.0
40000.0,5000.0,0.0,23.0,0.0
40000.0,4000.0,0.0,23.0,0.0
40000.0,2200.0,0.0,26.0,0.0
40000.0,3600.0,0.0,25.0,0.0
40000.0,4000.0,0.0,23.0,0.0
40000.0,6000.0,0.0,26.0,0.0
15000.0,4375.0,0.0,26.0,1.0
22044.0,4375.0,1.0,24.0,1.0
24480.0,4375.0,0.0,26.0,0.0
50000.0,4375.0,0.0,23.0,0.0
14400.0,4400.0,0.0,22.0,1.0
19200.0,4400.0,0.0,22.0,1.0
20000.0,4400.0,0.0,21.0,0.0
25000.0,4400.0,0.0,24.0,0.0
40000.0,2000.0,1.0,21.0,0.0
32496.0,4400.0,0.0,22.0,0.0
40000.0,5000.0,0.0,23.0,0.0
40000.0,6000.0,0.0,23.0,0.0
40000.0,7200.0,0.0,26.0,0.0
34000.0,15000.0,1.0,22.0,1.0
38000.0,4400.0,0.0,23.0,0.0
43000.0,4400.0,0.0,23.0,1.0
40000.0,5000.0,1.0,22.0,0.0
49000.0,4400.0,1.0,24.0,1.0
60000.0,4400.0,1.0,22.0,0.0
80000.0,4400.0,1.0,24.0,0.0
40000.0,13000.0,0.0,23.0,0.0
95459.0,4400.0,0.0,26.0,0.0
33600.0,4450.0,0.0,24.0,0.0
42200.0,4450.0,0.0,24.0,0.0
40000.0,5400.0,0.0,22.0,0.0
40000.0,14000.0,0.0,22.0,0.0
14400.0,4500.0,0.0,22.0,1.0
40000.0,4500.0,0.0,25.0,0.0
40000.0,3500.0,0.0,25.0,0.0
40000.0,3200.0,0.0,24.0,0.0
15600.0,4500.0,0.0,23.0,1.0
15600.0,4500.0,0.0,25.0,1.0
40000.0,7500.0,0.0,22.0,0.0
40000.0,2800.0,0.0,24.0,0.0
40000.0,11000.0,0.0,25.0,0.0
40000.0,15000.0,0.0,24.0,0.0
40000.0,3000.0,0.0,24.0,0.0
40000.0,2000.0,0.0,23.0,0.0
18000.0,4500.0,0.0,21.0,1.0
40000.0,2500.0,0.0,24.0,0.0
18000.0,4500.0,0.0,23.0,1.0
18200.0,4500.0,0.0,24.0,1.0
40000.0,10000.0,0.0,24.0,0.0
18204.0,4500.0,0.0,25.0,1.0
40000.0,4300.0,0.0,26.0,0.0
20000.0,4500.0,0.0,21.0,0.0
40000.0,2125.0,0.0,24.0,0.0
20004.0,4500.0,0.0,21.0,0.0
20400.0,4500.0,0.0,21.0,0.0
21000.0,4500.0,0.0,25.0,0.0
21000.0,4500.0,1.0,25.0,1.0
40000.0,10850.0,0.0,22.0,0.0
21600.0,4500.0,0.0,23.0,1.0
23421.0,4500.0,1.0,23.0,1.0
34000.0,4000.0,0.0,23.0,1.0
40000.0,7200.0,0.0,23.0,0.0
23916.0,4500.0,0.0,21.0,0.0
24000.0,4500.0,0.0,26.0,0.0
40000.0,5000.0,0.0,24.0,0.0
24000.0,4500.0,0.0,26.0,0.0
24000.0,4500.0,0.0,22.0,0.0
40000.0,4000.0,0.0,25.0,0.0
24500.0,4500.0,0.0,22.0,0.0
25596.0,4500.0,0.0,23.0,0.0
26000.0,4500.0,0.0,23.0,1.0
30996.0,4500.0,0.0,25.0,0.0
32400.0,4500.0,0.0,23.0,0.0
40000.0,4800.0,0.0,22.0,0.0
33000.0,4500.0,0.0,22.0,0.0
33000.0,4500.0,0.0,23.0,1.0
40000.0,8000.0,0.0,21.0,0.0
35000.0,4500.0,1.0,22.0,0.0
35000.0,4500.0,0.0,23.0,0.0
35000.0,4500.0,1.0,24.0,0.0
40000.0,8000.0,0.0,22.0,0.0
36000.0,4500.0,0.0,21.0,0.0
34000.0,12250.0,0.0,26.0,1.0
36000.0,4500.0,0.0,22.0,0.0
36000.0,4500.0,0.0,24.0,0.0
40000.0,6000.0,0.0,22.0,0.0
37342.0,4500.0,1.0,22.0,0.0
40000.0,7000.0,0.0,23.0,0.0
37500.0,4500.0,0.0,24.0,0.0
40000.0,6900.0,0.0,24.0,0.0
32000.0,4500.0,0.0,22.0,1.0
38000.0,4500.0,0.0,24.0,0.0
38004.0,4500.0,0.0,23.0,0.0
34000.0,7000.0,0.0,24.0,1.0
39000.0,4500.0,0.0,24.0,0.0
39996.0,4500.0,0.0,22.0,0.0
40000.0,4500.0,0.0,22.0,0.0
40000.0,4500.0,0.0,26.0,0.0
40000.0,12000.0,0.0,25.0,0.0
40000.0,4500.0,0.0,24.0,0.0
40000.0,4000.0,0.0,22.0,0.0
34068.0,4500.0,0.0,24.0,1.0
41000.0,4500.0,0.0,23.0,0.0
40000.0,5000.0,1.0,25.0,0.0
36000.0,4500.0,0.0,21.0,1.0
40000.0,3500.0,0.0,24.0,0.0
40000.0,5300.0,0.0,26.0,0.0
42000.0,4500.0,0.0,21.0,0.0
42000.0,4500.0,0.0,22.0,0.0
40000.0,6000.0,0.0,21.0,0.0
42000.0,4500.0,0.0,26.0,0.0
43500.0,4500.0,0.0,25.0,0.0
43738.0,4500.0,0.0,25.0,0.0
44004.0,4500.0,0.0,26.0,0.0
45000.0,4500.0,0.0,23.0,0.0
41000.0,4500.0,0.0,21.0,1.0
48000.0,4500.0,0.0,26.0,0.0
48500.0,4500.0,0.0,23.0,0.0
44000.0,4500.0,0.0,22.0,1.0
40000.0,2500.0,0.0,21.0,0.0
40000.0,1000.0,0.0,24.0,0.0
52800.0,4500.0,0.0,23.0,0.0
54100.0,4500.0,0.0,24.0,0.0
40000.0,10000.0,0.0,26.0,0.0
48300.0,4500.0,0.0,22.0,1.0
34000.0,7750.0,0.0,22.0,1.0
40000.0,4000.0,0.0,23.0,0.0
40000.0,2000.0,0.0,24.0,0.0
55000.0,4500.0,0.0,24.0,0.0
55000.0,4500.0,0.0,23.0,0.0
55000.0,4500.0,0.0,22.0,0.0
40000.0,15250.0,1.0,24.0,0.0
58947.0,4500.0,0.0,26.0,0.0
59000.0,4500.0,1.0,23.0,0.0
40000.0,8000.0,0.0,25.0,0.0
54000.0,4500.0,0.0,23.0,1.0
62000.0,4500.0,0.0,23.0,0.0
40000.0,8100.0,0.0,22.0,0.0
60000.0,4500.0,0.0,25.0,1.0
74000.0,4500.0,0.0,24.0,0.0
78996.0,4500.0,0.0,25.0,0.0
80000.0,4500.0,0.0,25.0,0.0
82560.0,4500.0,0.0,25.0,0.0
84000.0,4500.0,0.0,25.0,0.0
40000.0,10500.0,0.0,24.0,0.0
40000.0,10000.0,0.0,24.0,0.0
40000.0,5600.0,0.0,21.0,0.0
138000.0,4500.0,0.0,25.0,0.0
20664.0,4550.0,1.0,23.0,0.0
34000.0,10000.0,0.0,21.0,1.0
29976.0,4550.0,0.0,22.0,0.0
42000.0,4550.0,0.0,23.0,0.0
130000.0,4550.0,1.0,26.0,0.0
24000.0,4600.0,1.0,21.0,0.0
27864.0,4600.0,0.0,23.0,0.0
40000.0,6000.0,0.0,26.0,0.0
33000.0,4600.0,0.0,23.0,0.0
40000.0,4600.0,0.0,23.0,0.0
40000.0,10000.0,0.0,25.0,0.0
40000.0,9000.0,0.0,21.0,0.0
44000.0,4600.0,0.0,26.0,1.0
51996.0,4600.0,0.0,21.0,0.0
52000.0,4600.0,0.0,23.0,1.0
52800.0,4600.0,1.0,26.0,1.0
40000.0,4000.0,0.0,24.0,0.0
40000.0,12000.0,0.0,23.0,0.0
34000.0,5800.0,1.0,25.0,1.0
40000.0,4000.0,1.0,22.0,0.0
73000.0,4600.0,0.0,24.0,0.0
100000.0,4600.0,0.0,24.0,0.0
40000.0,6400.0,1.0,22.0,0.0
40000.0,15000.0,0.0,24.0,0.0
40000.0,10000.0,0.0,24.0,0.0
31970.0,4650.0,0.0,21.0,0.0
48000.0,4650.0,0.0,22.0,0.0
31776.0,4700.0,0.0,24.0,0.0
40000.0,4700.0,1.0,25.0,0.0
40000.0,9000.0,0.0,24.0,0.0
41000.0,4700.0,0.0,23.0,0.0
40000.0,1750.0,0.0,26.0,0.0
45000.0,4700.0,0.0,24.0,0.0
19800.0,4725.0,0.0,26.0,1.0
27600.0,4725.0,0.0,26.0,0.0
40000.0,7500.0,0.0,24.0,0.0
12000.0,4750.0,0.0,24.0,1.0
13806.0,4750.0,1.0,21.0,1.0
14000.0,4750.0,0.0,22.0,1.0
14040.0,4750.0,0.0,26.0,1.0
14400.0,4750.0,0.0,23.0,1.0
40000.0,9000.0,0.0,21.0,0.0
15000.0,4750.0,0.0,26.0,1.0
15600.0,4750.0,0.0,25.0,1.0
16000.0,4750.0,0.0,22.0,1.0
40000.0,12000.0,0.0,23.0,0.0
20400.0,4750.0,0.0,22.0,0.0
20400.0,4750.0,1.0,25.0,0.0
40000.0,3400.0,0.0,24.0,0.0
24000.0,4750.0,0.0,25.0,0.0
24000.0,4750.0,0.0,24.0,0.0
26400.0,4750.0,0.0,21.0,0.0
34000.0,10000.0,1.0,24.0,1.0
40000.0,6000.0,0.0,22.0,0.0
40000.0,3000.0,0.0,24.0,0.0
40000.0,4000.0,0.0,23.0,0.0
13440.0,4800.0,0.0,22.0,1.0
15000.0,4800.0,0.0,21.0,1.0
15000.0,4800.0,0.0,24.0,1.0
15996.0,4800.0,1.0,21.0,1.0
20000.0,4800.0,0.0,26.0,0.0
20000.0,4800.0,0.0,24.0,0.0
40000.0,5000.0,0.0,24.0,0.0
40000.0,7000.0,0.0,22.0,0.0
40000.0,10750.0,1.0,26.0,0.0
40000.0,3500.0,0.0,23.0,0.0
21000.0,4800.0,0.0,22.0,0.0
21000.0,4800.0,0.0,26.0,0.0
21600.0,4800.0,0.0,22.0,0.0
22000.0,4800.0,0.0,21.0,0.0
40000.0,3250.0,0.0,26.0,0.0
34000.0,9600.0,1.0,21.0,1.0
24000.0,4800.0,0.0,22.0,0.0
24500.0,4800.0,0.0,22.0,0.0
26000.0,4800.0,0.0,25.0,0.0
26004.0,4800.0,0.0,22.0,0.0
26085.0,4800.0,1.0,24.0,0.0
27000.0,4800.0,0.0,21.0,0.0
40000.0,8000.0,1.0,22.0,0.0
27700.0,4800.0,0.0,21.0,0.0
27880.0,4800.0,0.0,26.0,0.0
29000.0,4800.0,1.0,22.0,0.0
34000.0,3000.0,0.0,25.0,1.0
29534.0,4800.0,0.0,22.0,0.0
40000.0,1200.0,0.0,23.0,0.0
30000.0,4800.0,0.0,24.0,0.0
30000.0,4800.0,0.0,23.0,0.0
30000.0,4800.0,0.0,24.0,0.0
30000.0,4800.0,0.0,24.0,0.0
40000.0,5200.0,0.0,26.0,0.0
30000.0,4800.0,1.0,25.0,0.0
40000.0,1000.0,0.0,24.0,0.0
40000.0,5000.0,0.0,22.0,0.0
32000.0,4800.0,0.0,24.0,0.0
32000.0,4800.0,1.0,22.0,1.0
32000.0,4800.0,0.0,22.0,0.0
32000.0,4800.0,0.0,25.0,0.0
40000.0,8000.0,0.0,22.0,0.0
32000.0,4800.0,0.0,22.0,0.0
32640.0,4800.0,0.0,23.0,0.0
33000.0,4800.0,0.0,26.0,0.0
33000.0,4800.0,0.0,22.0,0.0
40000.0,13025.0,0.0,22.0,0.0
40000.0,15000.0,0.0,26.0,0.0
33000.0,4800.0,1.0,24.0,1.0
40000.0,5000.0,0.0,24.0,0.0
34000.0,2525.0,0.0,23.0,1.0
33000.0,4800.0,1.0,23.0,1.0
34000.0,15450.0,0.0,25.0,1.0
33600.0,4800.0,0.0,24.0,0.0
35000.0,4800.0,0.0,26.0,0.0
40058.0,6000.0,0.0,22.0,0.0
35000.0,4800.0,0.0,22.0,0.0
35000.0,4800.0,0.0,25.0,0.0
35000.0,4800.0,0.0,25.0,0.0
40104.0,10000.0,1.0,23.0,0.0
40113.0,5000.0,0.0,24.0,0.0
36000.0,4800.0,0.0,23.0,0.0
40200.0,7200.0,0.0,21.0,0.0
30000.0,4800.0,1.0,25.0,1.0
40224.0,7000.0,0.0,26.0,0.0
40269.0,6625.0,1.0,22.0,0.0
40272.0,10000.0,0.0,26.0,0.0
40308.0,5000.0,0.0,23.0,0.0
38000.0,4800.0,0.0,25.0,0.0
32400.0,4800.0,1.0,22.0,1.0
38790.0,4800.0,1.0,22.0,0.0
39996.0,4800.0,0.0,26.0,0.0
40499.0,11500.0,0.0,22.0,0.0
40800.0,4800.0,1.0,24.0,0.0
41300.0,4800.0,0.0,22.0,0.0
40500.0,6500.0,0.0,25.0,0.0
41504.0,4800.0,0.0,22.0,0.0
42000.0,4800.0,0.0,22.0,0.0
42000.0,4800.0,0.0,25.0,0.0
42996.0,4800.0,0.0,22.0,0.0
44600.0,4800.0,0.0,26.0,0.0
45000.0,4800.0,0.0,25.0,0.0
45000.0,4800.0,0.0,26.0,0.0
39000.0,4800.0,0.0,23.0,1.0
40610.0,3500.0,0.0,26.0,0.0
40720.0,10000.0,1.0,26.0,0.0
45000.0,4800.0,1.0,26.0,0.0
45000.0,4800.0,0.0,21.0,0.0
45000.0,4800.0,1.0,23.0,0.0
45000.0,4800.0,1.0,23.0,0.0
45000.0,4800.0,0.0,25.0,0.0
45243.0,4800.0,0.0,26.0,0.0
45840.0,4800.0,0.0,24.0,0.0
46000.0,4800.0,0.0,24.0,0.0
40800.0,8000.0,0.0,24.0,0.0
40800.0,7975.0,0.0,22.0,0.0
40800.0,9700.0,0.0,25.0,0.0
47664.0,4800.0,0.0,21.0,0.0
40800.0,10400.0,0.0,23.0,0.0
48000.0,4800.0,0.0,23.0,0.0
42000.0,4800.0,0.0,26.0,1.0
42000.0,4800.0,1.0,24.0,1.0
40800.0,10000.0,1.0,22.0,0.0
48000.0,4800.0,0.0,23.0,0.0
48000.0,4800.0,1.0,22.0,0.0
40800.0,14400.0,0.0,24.0,0.0
40800.0,7500.0,0.0,26.0,0.0
48000.0,4800.0,0.0,24.0,0.0
48600.0,4800.0,0.0,23.0,0.0
48756.0,4800.0,0.0,23.0,0.0
40800.0,10000.0,0.0,23.0,0.0
50000.0,4800.0,0.0,25.0,0.0
40800.0,6000.0,0.0,24.0,0.0
50000.0,4800.0,0.0,25.0,0.0
40872.0,13750.0,0.0,22.0,0.0
40900.0,12200.0,0.0,23.0,0.0
34900.0,3600.0,0.0,22.0,1.0
50000.0,4800.0,0.0,23.0,0.0
50000.0,4800.0,0.0,22.0,0.0
50000.0,4800.0,0.0,24.0,0.0
52000.0,4800.0,0.0,26.0,0.0
52000.0,4800.0,0.0,23.0,0.0
55000.0,4800.0,0.0,24.0,0.0
55000.0,4800.0,0.0,21.0,0.0
49000.0,4800.0,1.0,25.0,1.0
41000.0,6000.0,0.0,23.0,0.0
55200.0,4800.0,0.0,25.0,0.0
41000.0,12000.0,0.0,22.0,0.0
56928.0,4800.0,0.0,23.0,0.0
41000.0,7000.0,0.0,21.0,0.0
52000.0,4800.0,0.0,26.0,1.0
41000.0,8000.0,0.0,26.0,0.0
53000.0,4800.0,1.0,26.0,1.0
60000.0,4800.0,0.0,26.0,0.0
60000.0,4800.0,0.0,24.0,0.0
41000.0,6400.0,0.0,22.0,0.0
62000.0,4800.0,0.0,24.0,0.0
41000.0,1000.0,0.0,22.0,0.0
65000.0,4800.0,0.0,26.0,0.0
65000.0,4800.0,0.0,24.0,0.0
41000.0,2500.0,0.0,24.0,0.0
65004.0,4800.0,0.0,25.0,0.0
41000.0,8200.0,0.0,21.0,0.0
35000.0,5000.0,1.0,23.0,1.0
41000.0,6000.0,0.0,22.0,0.0
69000.0,4800.0,0.0,23.0,0.0
72000.0,4800.0,0.0,26.0,0.0
72096.0,4800.0,0.0,24.0,0.0
67200.0,4800.0,1.0,22.0,1.0
69000.0,4800.0,0.0,24.0,1.0
75000.0,4800.0,0.0,22.0,0.0
41000.0,10000.0,0.0,24.0,0.0
41000.0,9000.0,0.0,24.0,0.0
41000.0,10000.0,1.0,23.0,0.0
41000.0,7750.0,0.0,22.0,0.0
86000.0,4800.0,0.0,23.0,0.0
90000.0,4800.0,0.0,21.0,0.0
92000.0,4800.0,0.0,23.0,0.0
41000.0,2500.0,1.0,22.0,0.0
41000.0,6000.0,0.0,22.0,0.0
103641.0,4800.0,0.0,24.0,0.0
41000.0,3000.0,0.0,22.0,0.0
41000.0,5000.0,0.0,21.0,0.0
115000.0,4800.0,0.0,22.0,0.0
120000.0,4800.0,0.0,25.0,0.0
41000.0,6000.0,0.0,23.0,0.0
125000.0,4800.0,0.0,24.0,0.0
41000.0,4500.0,0.0,23.0,0.0
23000.0,4850.0,1.0,22.0,0.0
40000.0,4850.0,0.0,24.0,0.0
54000.0,4850.0,0.0,24.0,0.0
41000.0,7500.0,0.0,23.0,0.0
41000.0,5500.0,0.0,23.0,0.0
21600.0,4900.0,1.0,25.0,0.0
41004.0,24250.0,0.0,21.0,0.0
41004.0,4000.0,0.0,25.0,0.0
95000.0,10000.0,0.0,23.0,0.0
41004.0,16000.0,0.0,26.0,0.0
41004.0,10000.0,0.0,23.0,0.0
83000.0,10000.0,0.0,25.0,1.0
96000.0,10000.0,0.0,23.0,0.0
96000.0,10000.0,1.0,26.0,0.0
41033.0,5700.0,0.0,21.0,0.0
41100.0,9200.0,0.0,24.0,0.0
97000.0,10000.0,0.0,23.0,0.0
97850.0,10000.0,0.0,24.0,0.0
98000.0,10000.0,0.0,25.0,0.0
41196.0,16000.0,0.0,23.0,0.0
99000.0,10000.0,0.0,26.0,0.0
99275.0,10000.0,1.0,25.0,0.0
41200.0,8000.0,0.0,21.0,0.0
87996.0,10000.0,1.0,24.0,1.0
99996.0,10000.0,0.0,22.0,0.0
100000.0,10000.0,0.0,22.0,0.0
100000.0,10000.0,0.0,24.0,0.0
100000.0,10000.0,0.0,25.0,0.0
88000.0,10000.0,1.0,25.0,1.0
100000.0,10000.0,1.0,24.0,0.0
100000.0,10000.0,0.0,23.0,0.0
102000.0,10000.0,0.0,26.0,0.0
107000.0,10000.0,0.0,25.0,0.0
41500.0,8500.0,0.0,24.0,0.0
107500.0,10000.0,0.0,23.0,0.0
96000.0,10000.0,1.0,26.0,1.0
41508.0,1600.0,1.0,25.0,0.0
98000.0,10000.0,0.0,23.0,1.0
41520.0,4400.0,0.0,25.0,0.0
110000.0,10000.0,0.0,23.0,0.0
41600.0,12000.0,0.0,22.0,0.0
41600.0,6800.0,0.0,22.0,0.0
41600.0,7000.0,0.0,23.0,0.0
113000.0,10000.0,1.0,26.0,0.0
41600.0,10000.0,0.0,24.0,0.0
41600.0,3000.0,0.0,22.0,0.0
114800.0,10000.0,0.0,24.0,0.0
41664.0,4000.0,0.0,25.0,0.0
115000.0,10000.0,0.0,25.0,0.0
41717.0,20000.0,0.0,22.0,0.0
41718.0,5000.0,0.0,25.0,0.0
115000.0,10000.0,0.0,25.0,0.0
116000.0,10000.0,1.0,25.0,0.0
41784.0,5000.0,0.0,22.0,0.0
41800.0,3100.0,0.0,22.0,0.0
41820.0,2500.0,0.0,22.0,0.0
120000.0,10000.0,0.0,21.0,0.0
120000.0,10000.0,0.0,21.0,0.0
120000.0,10000.0,0.0,26.0,0.0
35941.0,3500.0,0.0,23.0,1.0
120000.0,10000.0,0.0,24.0,0.0
120000.0,10000.0,1.0,24.0,0.0
120000.0,10000.0,0.0,25.0,0.0
120000.0,10000.0,0.0,23.0,0.0
42000.0,19200.0,0.0,24.0,0.0
122500.0,10000.0,0.0,26.0,0.0
124000.0,10000.0,0.0,23.0,0.0
42000.0,10500.0,0.0,22.0,0.0
125000.0,10000.0,0.0,26.0,0.0
130000.0,10000.0,0.0,25.0,0.0
36000.0,4000.0,0.0,22.0,1.0
36000.0,5000.0,1.0,21.0,1.0
42000.0,12000.0,0.0,25.0,0.0
42000.0,6000.0,0.0,23.0,0.0
42000.0,13975.0,0.0,25.0,0.0
132000.0,10000.0,1.0,25.0,0.0
42000.0,15000.0,1.0,22.0,0.0
140000.0,10000.0,0.0,22.0,0.0
140000.0,10000.0,0.0,24.0,0.0
42000.0,4900.0,0.0,24.0,0.0
42000.0,8000.0,0.0,24.0,0.0
42000.0,5400.0,0.0,22.0,0.0
145000.0,10000.0,0.0,26.0,0.0
42000.0,8675.0,0.0,24.0,0.0
157500.0,10000.0,0.0,23.0,0.0
160000.0,10000.0,0.0,22.0,0.0
153000.0,10000.0,1.0,25.0,1.0
165000.0,10000.0,0.0,24.0,0.0
42000.0,3125.0,0.0,24.0,0.0
175000.0,10000.0,1.0,25.0,0.0
238000.0,10000.0,0.0,24.0,1.0
42000.0,9350.0,0.0,22.0,0.0
24148.0,9975.0,0.0,24.0,1.0
46000.0,9975.0,1.0,24.0,0.0
60000.0,9975.0,0.0,22.0,0.0
42000.0,3000.0,0.0,22.0,0.0
65000.0,9975.0,0.0,23.0,0.0
42000.0,6500.0,0.0,23.0,0.0
72000.0,9975.0,0.0,22.0,0.0
42000.0,10000.0,0.0,22.0,0.0
26880.0,4900.0,1.0,25.0,0.0
42000.0,5000.0,0.0,21.0,0.0
26400.0,9900.0,0.0,22.0,1.0
30000.0,9875.0,0.0,22.0,1.0
42000.0,8000.0,0.0,23.0,0.0
28000.0,9800.0,0.0,26.0,1.0
36000.0,9800.0,0.0,25.0,0.0
48000.0,9800.0,0.0,23.0,0.0
44000.0,9800.0,0.0,23.0,1.0
42000.0,12000.0,0.0,24.0,0.0
44000.0,9800.0,0.0,23.0,1.0
42000.0,1000.0,0.0,24.0,0.0
36000.0,11000.0,0.0,26.0,1.0
53500.0,9800.0,0.0,24.0,0.0
60000.0,9800.0,0.0,23.0,0.0
82500.0,9800.0,0.0,24.0,0.0
66300.0,9800.0,1.0,23.0,1.0
93000.0,9800.0,0.0,26.0,0.0
42000.0,7200.0,1.0,25.0,0.0
107000.0,9800.0,0.0,26.0,0.0
36000.0,6725.0,0.0,23.0,1.0
42000.0,7000.0,1.0,21.0,0.0
36504.0,4900.0,0.0,23.0,0.0
32400.0,4900.0,0.0,25.0,1.0
42000.0,4900.0,1.0,23.0,0.0
42000.0,14750.0,0.0,22.0,0.0
42000.0,6000.0,1.0,22.0,0.0
42000.0,5000.0,0.0,22.0,0.0
36000.0,4500.0,0.0,26.0,1.0
50000.0,4900.0,0.0,23.0,0.0
50000.0,4900.0,0.0,21.0,0.0
51630.0,4900.0,0.0,24.0,0.0
42000.0,8000.0,0.0,23.0,0.0
69600.0,4900.0,0.0,24.0,0.0
42000.0,12000.0,1.0,23.0,0.0
42000.0,8000.0,0.0,21.0,0.0
74000.0,4900.0,0.0,24.0,0.0
107000.0,4900.0,0.0,23.0,0.0
15000.0,4950.0,0.0,22.0,1.0
42000.0,11000.0,0.0,24.0,0.0
42000.0,10000.0,0.0,24.0,0.0
36000.0,4000.0,1.0,24.0,1.0
34000.0,4975.0,0.0,22.0,1.0
75000.0,4975.0,0.0,24.0,0.0
95000.0,4975.0,0.0,22.0,0.0
42000.0,6000.0,0.0,23.0,0.0
27972.0,5000.0,0.0,23.0,0.0
27996.0,5000.0,0.0,22.0,1.0
42000.0,1200.0,0.0,24.0,0.0
42000.0,2500.0,0.0,24.0,0.0
28000.0,5000.0,0.0,23.0,1.0
28000.0,5000.0,0.0,23.0,0.0
28000.0,5000.0,0.0,24.0,0.0
28800.0,5000.0,0.0,25.0,0.0
28800.0,5000.0,0.0,22.0,0.0
28800.0,5000.0,0.0,23.0,0.0
42000.0,7600.0,0.0,23.0,0.0
28800.0,5000.0,0.0,23.0,0.0
29100.0,5000.0,0.0,23.0,0.0
29120.0,5000.0,0.0,24.0,0.0
29730.0,5000.0,0.0,23.0,0.0
29865.0,5000.0,0.0,22.0,1.0
42000.0,2500.0,0.0,21.0,0.0
30000.0,5000.0,0.0,26.0,1.0
42000.0,22250.0,0.0,24.0,0.0
30000.0,5000.0,0.0,24.0,1.0
42000.0,9000.0,0.0,22.0,0.0
30000.0,5000.0,0.0,22.0,1.0
30000.0,5000.0,0.0,25.0,0.0
42000.0,12000.0,0.0,24.0,0.0
30000.0,5000.0,0.0,22.0,0.0
30000.0,5000.0,0.0,23.0,0.0
30000.0,5000.0,0.0,21.0,0.0
30000.0,5000.0,0.0,21.0,1.0
42000.0,3250.0,0.0,25.0,0.0
30000.0,5000.0,0.0,21.0,0.0
30000.0,5000.0,0.0,24.0,0.0
36000.0,14000.0,0.0,21.0,1.0
30000.0,5000.0,0.0,26.0,1.0
30000.0,5000.0,1.0,23.0,0.0
30000.0,5000.0,0.0,22.0,0.0
30159.0,5000.0,0.0,23.0,0.0
42000.0,10000.0,0.0,25.0,0.0
30900.0,5000.0,0.0,22.0,0.0
42000.0,1500.0,0.0,23.0,0.0
31000.0,5000.0,1.0,26.0,0.0
31000.0,5000.0,0.0,22.0,0.0
31000.0,5000.0,0.0,25.0,0.0
31200.0,5000.0,0.0,26.0,0.0
31404.0,5000.0,0.0,22.0,0.0
31920.0,5000.0,0.0,23.0,0.0
42000.0,11000.0,0.0,23.0,0.0
42000.0,12250.0,0.0,21.0,0.0
32000.0,5000.0,1.0,25.0,1.0
32000.0,5000.0,0.0,23.0,1.0
32000.0,5000.0,0.0,26.0,0.0
36000.0,7000.0,0.0,22.0,1.0
32000.0,5000.0,0.0,23.0,0.0
42000.0,9250.0,0.0,24.0,0.0
32000.0,5000.0,0.0,26.0,0.0
32000.0,5000.0,1.0,26.0,0.0
32000.0,5000.0,0.0,21.0,0.0
32004.0,5000.0,0.0,24.0,0.0
32004.0,5000.0,0.0,25.0,0.0
42000.0,12000.0,0.0,24.0,0.0
42000.0,4200.0,0.0,24.0,0.0
36000.0,6000.0,0.0,24.0,1.0
32760.0,5000.0,1.0,22.0,0.0
32968.0,5000.0,0.0,22.0,1.0
33000.0,5000.0,0.0,26.0,0.0
36000.0,6000.0,0.0,26.0,1.0
33000.0,5000.0,0.0,23.0,0.0
42000.0,11000.0,0.0,23.0,0.0
33000.0,5000.0,0.0,22.0,0.0
33000.0,5000.0,0.0,21.0,0.0
42000.0,3000.0,0.0,24.0,0.0
33280.0,5000.0,0.0,26.0,1.0
33600.0,5000.0,1.0,23.0,0.0
33600.0,5000.0,0.0,21.0,0.0
42000.0,13750.0,0.0,21.0,0.0
33996.0,5000.0,0.0,21.0,0.0
33996.0,5000.0,0.0,25.0,0.0
42000.0,8500.0,0.0,24.0,0.0
34000.0,5000.0,0.0,23.0,0.0
42000.0,3500.0,0.0,21.0,0.0
34000.0,5000.0,0.0,22.0,0.0
34400.0,5000.0,0.0,25.0,0.0
34800.0,5000.0,0.0,23.0,1.0
42000.0,10000.0,1.0,23.0,0.0
34900.0,5000.0,0.0,24.0,0.0
35000.0,5000.0,0.0,24.0,0.0
35000.0,5000.0,0.0,25.0,0.0
35000.0,5000.0,0.0,21.0,0.0
35000.0,5000.0,0.0,22.0,0.0
35000.0,5000.0,0.0,23.0,0.0
29000.0,5000.0,1.0,26.0,1.0
42000.0,5200.0,0.0,23.0,0.0
35000.0,5000.0,0.0,25.0,0.0
35000.0,5000.0,0.0,22.0,0.0
35000.0,5000.0,0.0,24.0,0.0
35000.0,5000.0,0.0,22.0,0.0
42000.0,7000.0,0.0,25.0,0.0
36000.0,13750.0,0.0,25.0,1.0
42000.0,4500.0,0.0,26.0,0.0
29000.0,5000.0,1.0,25.0,1.0
42000.0,5000.0,0.0,22.0,0.0
29004.0,5000.0,0.0,24.0,1.0
35004.0,5000.0,1.0,23.0,0.0
42000.0,6000.0,0.0,25.0,0.0
42000.0,7000.0,0.0,24.0,0.0
35004.0,5000.0,0.0,25.0,0.0
35520.0,5000.0,0.0,23.0,0.0
35880.0,5000.0,0.0,26.0,0.0
30000.0,5000.0,0.0,22.0,1.0
42000.0,12000.0,1.0,21.0,0.0
36000.0,5000.0,0.0,23.0,0.0
36000.0,5000.0,0.0,21.0,0.0
30000.0,5000.0,1.0,23.0,1.0
36000.0,5000.0,0.0,26.0,0.0
42000.0,5750.0,0.0,23.0,0.0
30000.0,5000.0,0.0,22.0,1.0
30000.0,5000.0,0.0,22.0,1.0
42000.0,15000.0,0.0,26.0,0.0
42000.0,4400.0,0.0,23.0,0.0
30000.0,5000.0,1.0,22.0,1.0
30000.0,5000.0,1.0,24.0,1.0
36000.0,5000.0,0.0,23.0,0.0
36100.0,5000.0,0.0,23.0,0.0
42000.0,8000.0,0.0,25.0,0.0
36225.0,5000.0,0.0,26.0,0.0
36396.0,5000.0,0.0,24.0,0.0
36400.0,5000.0,0.0,26.0,0.0
36480.0,5000.0,0.0,25.0,0.0
36996.0,5000.0,0.0,22.0,0.0
42000.0,5400.0,0.0,23.0,0.0
42000.0,7500.0,0.0,24.0,0.0
36996.0,5000.0,0.0,22.0,0.0
42000.0,2000.0,0.0,24.0,0.0
37000.0,5000.0,0.0,22.0,0.0
36000.0,5000.0,1.0,26.0,1.0
37500.0,5000.0,1.0,22.0,0.0
42000.0,15075.0,0.0,26.0,0.0
42048.0,8500.0,0.0,23.0,0.0
38000.0,5000.0,0.0,24.0,0.0
38000.0,5000.0,0.0,22.0,0.0
42179.0,10000.0,0.0,23.0,0.0
38000.0,5000.0,0.0,23.0,0.0
32000.0,5000.0,1.0,25.0,1.0
32000.0,5000.0,0.0,23.0,1.0
38004.0,5000.0,0.0,23.0,0.0
42240.0,8000.0,0.0,25.0,0.0
42240.0,5500.0,0.0,23.0,0.0
42252.0,8000.0,0.0,24.0,0.0
32352.0,5000.0,0.0,26.0,1.0
38400.0,5000.0,0.0,21.0,0.0
38400.0,5000.0,0.0,24.0,0.0
38400.0,5000.0,0.0,24.0,0.0
39000.0,5000.0,0.0,23.0,0.0
39000.0,5000.0,0.0,22.0,0.0
39000.0,5000.0,0.0,25.0,0.0
33000.0,5000.0,0.0,24.0,1.0
42500.0,4800.0,0.0,24.0,0.0
42500.0,7500.0,0.0,23.0,0.0
42500.0,2000.0,0.0,25.0,0.0
42500.0,10000.0,0.0,24.0,0.0
39516.0,5000.0,0.0,26.0,0.0
39862.0,5000.0,0.0,24.0,0.0
39996.0,5000.0,0.0,25.0,0.0
39996.0,5000.0,0.0,25.0,0.0
33996.0,5000.0,0.0,21.0,1.0
33996.0,5000.0,1.0,23.0,1.0
33996.0,5000.0,0.0,24.0,1.0
39996.0,5000.0,1.0,25.0,0.0
39996.0,5000.0,0.0,25.0,0.0
39996.0,5000.0,0.0,23.0,0.0
33996.0,5000.0,0.0,24.0,1.0
42500.0,7000.0,1.0,21.0,0.0
40000.0,5000.0,0.0,23.0,0.0
40000.0,5000.0,0.0,26.0,0.0
40000.0,5000.0,0.0,24.0,0.0
42504.0,10000.0,0.0,25.0,0.0
40000.0,5000.0,0.0,21.0,0.0
36588.0,1000.0,0.0,21.0,1.0
40000.0,5000.0,0.0,24.0,0.0
40000.0,5000.0,0.0,21.0,0.0
34000.0,5000.0,0.0,24.0,1.0
42642.0,10000.0,1.0,25.0,0.0
42806.0,1000.0,0.0,23.0,0.0
34000.0,5000.0,1.0,22.0,1.0
40000.0,5000.0,0.0,25.0,0.0
40000.0,5000.0,1.0,26.0,0.0
34000.0,5000.0,0.0,21.0,1.0
40000.0,5000.0,1.0,26.0,0.0
42900.0,2000.0,0.0,22.0,0.0
42900.0,1000.0,0.0,23.0,0.0
40000.0,5000.0,0.0,26.0,0.0
40000.0,5000.0,0.0,22.0,0.0
42996.0,12000.0,0.0,25.0,0.0
34500.0,5000.0,0.0,22.0,1.0
34800.0,5000.0,1.0,25.0,1.0
34800.0,5000.0,1.0,22.0,1.0
40992.0,5000.0,0.0,23.0,0.0
35000.0,5000.0,0.0,22.0,1.0
41000.0,5000.0,0.0,25.0,0.0
42996.0,7200.0,0.0,25.0,0.0
35000.0,5000.0,0.0,21.0,1.0
41000.0,5000.0,0.0,23.0,0.0
35280.0,5000.0,0.0,25.0,1.0
42000.0,5000.0,0.0,22.0,0.0
43000.0,9500.0,0.0,24.0,0.0
42000.0,5000.0,0.0,24.0,0.0
42000.0,5000.0,0.0,26.0,0.0
36000.0,5000.0,0.0,22.0,1.0
43000.0,7000.0,0.0,21.0,0.0
43000.0,6600.0,1.0,22.0,0.0
43000.0,9000.0,0.0,22.0,0.0
42000.0,5000.0,0.0,24.0,0.0
43000.0,22800.0,0.0,22.0,0.0
43000.0,6000.0,0.0,24.0,0.0
36000.0,5000.0,0.0,22.0,1.0
43000.0,6000.0,1.0,24.0,0.0
43000.0,15000.0,0.0,26.0,0.0
42000.0,5000.0,0.0,25.0,0.0
36000.0,5000.0,0.0,24.0,1.0
42000.0,5000.0,0.0,22.0,0.0
43000.0,2500.0,1.0,24.0,0.0
36000.0,5000.0,0.0,23.0,1.0
43000.0,7200.0,0.0,23.0,0.0
42000.0,5000.0,0.0,21.0,0.0
43000.0,8800.0,0.0,26.0,0.0
42000.0,5000.0,1.0,26.0,0.0
43000.0,3600.0,0.0,23.0,0.0
43000.0,3500.0,0.0,22.0,0.0
36100.0,5000.0,1.0,24.0,1.0
42288.0,5000.0,0.0,25.0,0.0
42500.0,5000.0,0.0,22.0,0.0
42500.0,5000.0,1.0,22.0,0.0
42996.0,5000.0,0.0,24.0,0.0
42996.0,5000.0,0.0,25.0,0.0
43000.0,6650.0,0.0,22.0,0.0
43000.0,5000.0,0.0,25.0,0.0
37000.0,5000.0,0.0,24.0,1.0
43000.0,7750.0,0.0,22.0,0.0
43200.0,5000.0,0.0,22.0,0.0
43000.0,7000.0,0.0,24.0,0.0
43200.0,5000.0,1.0,24.0,0.0
43200.0,5000.0,1.0,23.0,0.0
43680.0,5000.0,0.0,26.0,0.0
37900.0,5000.0,0.0,22.0,1.0
43000.0,4000.0,0.0,22.0,0.0
44000.0,5000.0,0.0,26.0,0.0
44004.0,5000.0,0.0,22.0,0.0
38500.0,5000.0,0.0,24.0,1.0
43000.0,5000.0,0.0,22.0,0.0
37000.0,6250.0,0.0,24.0,1.0
45000.0,5000.0,0.0,22.0,0.0
45000.0,5000.0,0.0,22.0,0.0
43000.0,10000.0,0.0,25.0,0.0
43000.0,8000.0,0.0,25.0,0.0
43000.0,7000.0,0.0,22.0,0.0
43000.0,11500.0,0.0,24.0,0.0
43000.0,9250.0,0.0,24.0,0.0
39000.0,5000.0,1.0,24.0,1.0
45000.0,5000.0,0.0,25.0,0.0
45000.0,5000.0,0.0,22.0,0.0
43000.0,9800.0,0.0,23.0,0.0
39000.0,5000.0,1.0,22.0,1.0
45000.0,5000.0,0.0,24.0,0.0
45000.0,5000.0,0.0,22.0,0.0
43000.0,6000.0,0.0,22.0,0.0
45000.0,5000.0,0.0,23.0,0.0
39000.0,5000.0,1.0,23.0,1.0
45000.0,5000.0,1.0,24.0,0.0
45000.0,5000.0,0.0,25.0,0.0
45000.0,5000.0,0.0,23.0,0.0
39600.0,5000.0,1.0,23.0,1.0
45600.0,5000.0,0.0,23.0,0.0
45984.0,5000.0,0.0,23.0,0.0
39996.0,5000.0,1.0,24.0,1.0
40000.0,5000.0,1.0,26.0,1.0
46000.0,5000.0,0.0,22.0,0.0
43000.0,9000.0,0.0,23.0,0.0
37000.0,8500.0,1.0,24.0,1.0
43000.0,8500.0,1.0,22.0,0.0
46500.0,5000.0,0.0,22.0,0.0
46800.0,5000.0,0.0,25.0,0.0
46800.0,5000.0,0.0,21.0,0.0
43008.0,11200.0,0.0,21.0,0.0
46809.0,5000.0,0.0,24.0,0.0
47000.0,5000.0,0.0,25.0,0.0
47000.0,5000.0,0.0,23.0,0.0
47000.0,5000.0,0.0,23.0,0.0
47000.0,5000.0,0.0,26.0,0.0
43200.0,17000.0,1.0,26.0,0.0
43200.0,8400.0,0.0,22.0,0.0
43200.0,10000.0,0.0,23.0,0.0
47184.0,5000.0,0.0,23.0,0.0
47233.0,5000.0,0.0,23.0,0.0
43200.0,6350.0,0.0,24.0,0.0
41496.0,5000.0,0.0,25.0,1.0
43200.0,3600.0,1.0,25.0,0.0
43200.0,6000.0,0.0,26.0,0.0
42000.0,5000.0,0.0,26.0,1.0
48000.0,5000.0,0.0,22.0,0.0
37200.0,7000.0,0.0,23.0,1.0
37200.0,4000.0,0.0,23.0,1.0
48000.0,5000.0,0.0,23.0,0.0
48000.0,5000.0,0.0,24.0,0.0
48000.0,5000.0,0.0,23.0,0.0
48000.0,5000.0,0.0,22.0,0.0
48000.0,5000.0,1.0,24.0,0.0
37200.0,16800.0,0.0,21.0,1.0
43200.0,11000.0,0.0,22.0,0.0
43200.0,13000.0,0.0,23.0,0.0
43200.0,2000.0,0.0,23.0,0.0
37200.0,8000.0,0.0,24.0,1.0
48000.0,5000.0,0.0,24.0,0.0
43200.0,6000.0,0.0,22.0,0.0
37200.0,16000.0,0.0,26.0,1.0
48000.0,5000.0,0.0,22.0,0.0
48000.0,5000.0,0.0,25.0,0.0
48000.0,5000.0,0.0,23.0,0.0
48048.0,5000.0,0.0,22.0,0.0
43200.0,2500.0,0.0,26.0,0.0
48200.0,5000.0,0.0,24.0,0.0
43200.0,10000.0,1.0,24.0,0.0
43200.0,13800.0,0.0,25.0,0.0
43200.0,10000.0,0.0,22.0,0.0
43200.0,6000.0,0.0,22.0,0.0
48996.0,5000.0,0.0,26.0,0.0
48996.0,5000.0,1.0,24.0,0.0
43236.0,18000.0,0.0,23.0,0.0
49000.0,5000.0,0.0,24.0,0.0
49000.0,5000.0,0.0,22.0,0.0
49296.0,5000.0,0.0,24.0,0.0
49560.0,5000.0,0.0,22.0,0.0
43300.0,24000.0,0.0,24.0,0.0
44000.0,5000.0,0.0,23.0,1.0
50000.0,5000.0,0.0,22.0,0.0
44000.0,5000.0,0.0,24.0,1.0
50000.0,5000.0,0.0,23.0,0.0
50000.0,5000.0,0.0,24.0,0.0
55000.0,9000.0,0.0,24.0,0.0
43500.0,9000.0,0.0,25.0,0.0
55000.0,9000.0,0.0,26.0,0.0
43600.0,7000.0,0.0,23.0,0.0
56000.0,9000.0,0.0,24.0,0.0
56000.0,9000.0,0.0,23.0,0.0
57000.0,9000.0,0.0,23.0,0.0
37700.0,10000.0,0.0,23.0,1.0
37700.0,9000.0,0.0,25.0,1.0
57240.0,9000.0,0.0,26.0,0.0
57500.0,9000.0,0.0,23.0,0.0
43800.0,13000.0,0.0,25.0,0.0
57500.0,9000.0,0.0,23.0,0.0
37800.0,7000.0,0.0,26.0,1.0
57996.0,9000.0,0.0,25.0,0.0
58000.0,9000.0,0.0,24.0,0.0
43971.0,4600.0,0.0,21.0,0.0
60000.0,9000.0,0.0,23.0,0.0
44000.0,10000.0,0.0,22.0,0.0
44000.0,6400.0,0.0,23.0,0.0
60000.0,9000.0,0.0,26.0,0.0
60000.0,9000.0,0.0,22.0,0.0
60000.0,9000.0,0.0,26.0,0.0
44000.0,3200.0,0.0,23.0,0.0
60000.0,9000.0,0.0,23.0,0.0
44000.0,6000.0,1.0,24.0,0.0
44000.0,4000.0,0.0,23.0,0.0
44000.0,7000.0,0.0,25.0,0.0
44000.0,11200.0,0.0,24.0,0.0
60000.0,9000.0,0.0,23.0,0.0
60000.0,9000.0,0.0,22.0,0.0
60000.0,9000.0,0.0,22.0,0.0
60000.0,9000.0,0.0,24.0,0.0
44000.0,3500.0,0.0,22.0,0.0
44000.0,10000.0,0.0,24.0,0.0
61041.0,9000.0,0.0,23.0,0.0
62400.0,9000.0,0.0,22.0,0.0
64000.0,9000.0,0.0,26.0,0.0
44000.0,12000.0,0.0,25.0,0.0
44000.0,10000.0,0.0,26.0,0.0
65000.0,9000.0,0.0,24.0,0.0
44000.0,4000.0,0.0,25.0,0.0
44000.0,7200.0,0.0,22.0,0.0
44000.0,2000.0,0.0,24.0,0.0
65000.0,9000.0,0.0,22.0,0.0
44000.0,14500.0,0.0,24.0,0.0
59000.0,9000.0,0.0,23.0,1.0
65000.0,9000.0,0.0,26.0,0.0
44000.0,10750.0,0.0,24.0,0.0
44000.0,8475.0,0.0,26.0,0.0
44000.0,5500.0,0.0,23.0,0.0
69000.0,9000.0,0.0,23.0,0.0
70000.0,9000.0,1.0,22.0,0.0
44000.0,5000.0,0.0,23.0,0.0
72000.0,9000.0,0.0,26.0,0.0
38000.0,2500.0,0.0,24.0,1.0
72000.0,9000.0,0.0,23.0,0.0
72500.0,9000.0,0.0,25.0,0.0
74000.0,9000.0,0.0,26.0,0.0
44000.0,10000.0,1.0,25.0,0.0
75000.0,9000.0,0.0,22.0,0.0
44000.0,5000.0,0.0,25.0,0.0
44000.0,2000.0,0.0,23.0,0.0
69000.0,9000.0,0.0,23.0,1.0
69000.0,9000.0,1.0,23.0,1.0
44000.0,9000.0,1.0,24.0,0.0
77496.0,9000.0,0.0,24.0,0.0
44000.0,3600.0,0.0,25.0,0.0
80000.0,9000.0,0.0,26.0,0.0
80000.0,9000.0,0.0,22.0,0.0
80000.0,9000.0,1.0,26.0,0.0
80000.0,9000.0,1.0,26.0,0.0
80400.0,9000.0,0.0,23.0,0.0
83000.0,9000.0,0.0,23.0,0.0
44000.0,18900.0,0.0,22.0,0.0
84000.0,9000.0,0.0,25.0,0.0
38004.0,3600.0,0.0,22.0,1.0
44004.0,17000.0,0.0,23.0,0.0
84996.0,9000.0,0.0,26.0,0.0
85000.0,9000.0,0.0,24.0,0.0
44004.0,7200.0,0.0,21.0,0.0
44004.0,6300.0,1.0,22.0,0.0
86250.0,9000.0,0.0,24.0,0.0
87000.0,9000.0,0.0,25.0,0.0
44160.0,3000.0,0.0,22.0,0.0
44160.0,10000.0,0.0,24.0,0.0
44196.0,4000.0,0.0,25.0,0.0
90900.0,9000.0,1.0,25.0,0.0
44208.0,7000.0,0.0,24.0,0.0
92000.0,9000.0,0.0,23.0,0.0
83000.0,9000.0,1.0,24.0,1.0
44340.0,3000.0,1.0,23.0,0.0
38340.0,2500.0,0.0,26.0,1.0
44390.0,14300.0,0.0,23.0,0.0
38400.0,15000.0,0.0,23.0,1.0
100000.0,9000.0,1.0,25.0,0.0
44400.0,6000.0,0.0,25.0,0.0
44400.0,14125.0,0.0,25.0,0.0
110500.0,9000.0,0.0,22.0,0.0
115000.0,9000.0,0.0,25.0,0.0
44400.0,2500.0,0.0,23.0,0.0
44400.0,6500.0,0.0,23.0,0.0
133800.0,9000.0,0.0,24.0,0.0
140000.0,9000.0,0.0,23.0,0.0
44400.0,5000.0,1.0,25.0,0.0
143000.0,9000.0,1.0,24.0,1.0
24000.0,8975.0,0.0,24.0,1.0
33000.0,8975.0,1.0,26.0,0.0
44470.0,4000.0,0.0,26.0,0.0
44475.0,5000.0,0.0,24.0,0.0
52800.0,8975.0,0.0,26.0,0.0
34600.0,8950.0,0.0,25.0,0.0
33000.0,8950.0,1.0,23.0,1.0
44500.0,9250.0,0.0,23.0,0.0
63000.0,8900.0,0.0,25.0,0.0
44500.0,15000.0,1.0,22.0,0.0
19240.0,8875.0,0.0,25.0,1.0
44500.0,5000.0,1.0,21.0,0.0
21312.0,8875.0,0.0,26.0,1.0
23000.0,8875.0,0.0,23.0,1.0
23000.0,8875.0,0.0,22.0,1.0
44582.0,5600.0,0.0,24.0,0.0
44600.0,20000.0,0.0,24.0,0.0
24500.0,8875.0,0.0,26.0,1.0
26124.0,8875.0,1.0,21.0,1.0
26400.0,8875.0,0.0,24.0,1.0
30000.0,8875.0,0.0,25.0,0.0
44700.0,14400.0,1.0,24.0,0.0
44720.0,6000.0,0.0,22.0,0.0
62000.0,8850.0,0.0,24.0,0.0
23800.0,8800.0,0.0,22.0,1.0
44959.0,10000.0,0.0,26.0,0.0
46744.0,8800.0,1.0,23.0,0.0
47000.0,8800.0,0.0,22.0,0.0
48000.0,8800.0,0.0,22.0,0.0
45000.0,8650.0,0.0,23.0,0.0
60000.0,8800.0,0.0,22.0,0.0
45000.0,9000.0,0.0,25.0,0.0
45000.0,10000.0,0.0,23.0,0.0
73700.0,8800.0,1.0,22.0,0.0
75000.0,8800.0,0.0,25.0,0.0
108000.0,8800.0,0.0,24.0,0.0
45000.0,10400.0,1.0,25.0,0.0
44000.0,5000.0,1.0,23.0,1.0
44000.0,5000.0,1.0,23.0,1.0
50000.0,5000.0,0.0,24.0,0.0
45000.0,6500.0,0.0,22.0,0.0
50000.0,5000.0,0.0,24.0,0.0
45000.0,14550.0,0.0,23.0,0.0
50000.0,5000.0,0.0,23.0,0.0
50000.0,5000.0,0.0,22.0,0.0
50000.0,5000.0,0.0,24.0,0.0
45000.0,3000.0,0.0,25.0,0.0
50000.0,5000.0,0.0,23.0,0.0
50000.0,5000.0,0.0,23.0,0.0
45000.0,11000.0,0.0,26.0,0.0
50000.0,5000.0,1.0,24.0,0.0
45000.0,6000.0,0.0,24.0,0.0
50000.0,5000.0,1.0,24.0,0.0
50004.0,5000.0,0.0,24.0,0.0
50252.0,5000.0,0.0,21.0,0.0
44400.0,5000.0,1.0,23.0,1.0
50400.0,5000.0,0.0,23.0,0.0
39000.0,4150.0,1.0,24.0,1.0
50433.0,5000.0,0.0,22.0,0.0
50500.0,5000.0,0.0,21.0,0.0
50793.0,5000.0,0.0,24.0,0.0
39000.0,8500.0,0.0,25.0,1.0
45000.0,7000.0,0.0,22.0,0.0
45000.0,5600.0,0.0,23.0,0.0
21000.0,8500.0,0.0,22.0,1.0
45000.0,6000.0,1.0,26.0,0.0
24000.0,8500.0,0.0,24.0,1.0
45000.0,3800.0,0.0,25.0,0.0
24000.0,8500.0,0.0,25.0,1.0
24996.0,8500.0,0.0,26.0,1.0
25000.0,8500.0,0.0,24.0,1.0
25000.0,8500.0,0.0,23.0,1.0
25000.0,8500.0,0.0,26.0,1.0
25000.0,8500.0,1.0,25.0,1.0
25000.0,8500.0,0.0,24.0,1.0
45000.0,9050.0,0.0,24.0,0.0
25000.0,8500.0,0.0,25.0,1.0
25200.0,8500.0,1.0,21.0,1.0
45000.0,5000.0,0.0,24.0,0.0
45000.0,6800.0,0.0,25.0,0.0
45000.0,5000.0,0.0,22.0,0.0
45000.0,8000.0,0.0,26.0,0.0
27000.0,8500.0,0.0,22.0,1.0
27120.0,8500.0,0.0,21.0,1.0
28500.0,8500.0,0.0,25.0,0.0
45000.0,5000.0,0.0,22.0,0.0
28700.0,8500.0,1.0,26.0,1.0
45000.0,5800.0,0.0,25.0,0.0
29520.0,8500.0,1.0,23.0,0.0
29760.0,8500.0,0.0,21.0,0.0
30000.0,8500.0,0.0,23.0,0.0
45000.0,8000.0,0.0,22.0,0.0
45000.0,14000.0,0.0,23.0,0.0
30000.0,8500.0,1.0,25.0,0.0
32000.0,8500.0,0.0,23.0,0.0
45000.0,2000.0,1.0,25.0,0.0
34000.0,8500.0,0.0,26.0,0.0
30000.0,8500.0,1.0,22.0,1.0
45000.0,4725.0,0.0,23.0,0.0
38400.0,8500.0,0.0,25.0,0.0
40000.0,8500.0,1.0,22.0,0.0
45000.0,4075.0,0.0,24.0,0.0
34000.0,8500.0,0.0,23.0,1.0
45000.0,14125.0,1.0,26.0,0.0
42000.0,8500.0,0.0,21.0,0.0
39000.0,5600.0,1.0,26.0,1.0
45000.0,10000.0,0.0,25.0,0.0
45000.0,13000.0,0.0,23.0,0.0
45000.0,6000.0,0.0,23.0,0.0
42000.0,8500.0,0.0,23.0,0.0
42000.0,8500.0,0.0,22.0,0.0
42000.0,8500.0,0.0,26.0,0.0
42996.0,8500.0,0.0,26.0,0.0
43000.0,8500.0,0.0,21.0,0.0
45000.0,5000.0,0.0,26.0,0.0
44000.0,8500.0,0.0,22.0,0.0
44000.0,8500.0,0.0,24.0,0.0
39000.0,8500.0,1.0,25.0,1.0
45000.0,4000.0,0.0,25.0,0.0
47000.0,8500.0,0.0,25.0,0.0
45000.0,10000.0,0.0,26.0,0.0
47000.0,8500.0,0.0,25.0,0.0
49232.0,8500.0,0.0,24.0,0.0
45000.0,3000.0,0.0,21.0,0.0
44000.0,8500.0,0.0,25.0,1.0
50000.0,8500.0,0.0,21.0,0.0
44000.0,8500.0,0.0,21.0,1.0
45000.0,14650.0,0.0,26.0,0.0
50000.0,8500.0,0.0,25.0,0.0
52582.0,8500.0,0.0,24.0,0.0
45000.0,11000.0,0.0,24.0,0.0
55000.0,8500.0,0.0,24.0,0.0
55000.0,8500.0,0.0,25.0,0.0
45000.0,7200.0,0.0,24.0,0.0
59000.0,8500.0,0.0,26.0,0.0
45000.0,7000.0,0.0,23.0,0.0
62500.0,8500.0,0.0,25.0,0.0
45000.0,6250.0,0.0,21.0,0.0
63996.0,8500.0,0.0,25.0,0.0
65000.0,8500.0,1.0,23.0,0.0
65000.0,8500.0,0.0,23.0,0.0
45000.0,3000.0,0.0,25.0,0.0
74000.0,8500.0,0.0,22.0,0.0
69000.0,8500.0,0.0,25.0,1.0
38500.0,8450.0,0.0,23.0,0.0
45000.0,5000.0,0.0,24.0,0.0
100000.0,8450.0,1.0,22.0,0.0
45000.0,15000.0,0.0,24.0,0.0
45000.0,5000.0,0.0,24.0,0.0
25000.0,8400.0,0.0,22.0,1.0
45000.0,9125.0,0.0,22.0,0.0
30000.0,8400.0,0.0,23.0,0.0
52000.0,5000.0,0.0,26.0,0.0
52000.0,5000.0,0.0,23.0,0.0
52000.0,5000.0,0.0,22.0,0.0
45000.0,10000.0,0.0,23.0,0.0
52728.0,5000.0,0.0,24.0,0.0
53000.0,5000.0,0.0,22.0,0.0
53000.0,5000.0,0.0,22.0,0.0
45000.0,3000.0,0.0,25.0,0.0
45000.0,4325.0,0.0,25.0,0.0
45000.0,4000.0,0.0,25.0,0.0
53000.0,5000.0,1.0,25.0,0.0
53500.0,5000.0,0.0,26.0,0.0
53760.0,5000.0,0.0,23.0,0.0
54000.0,5000.0,0.0,26.0,0.0
54000.0,5000.0,0.0,25.0,0.0
45000.0,5000.0,1.0,22.0,0.0
45000.0,10000.0,0.0,24.0,0.0
54860.0,5000.0,0.0,23.0,0.0
54996.0,5000.0,0.0,26.0,0.0
45000.0,10000.0,0.0,26.0,0.0
54996.0,5000.0,1.0,22.0,0.0
54996.0,5000.0,0.0,24.0,0.0
49000.0,5000.0,1.0,22.0,1.0
45000.0,3000.0,0.0,25.0,0.0
55000.0,5000.0,0.0,22.0,0.0
55000.0,5000.0,1.0,26.0,0.0
55000.0,5000.0,0.0,24.0,0.0
55272.0,5000.0,0.0,21.0,0.0
56000.0,5000.0,0.0,24.0,0.0
56000.0,5000.0,0.0,26.0,0.0
45000.0,4750.0,0.0,22.0,0.0
50000.0,5000.0,0.0,24.0,1.0
45000.0,6000.0,0.0,22.0,0.0
45000.0,10000.0,0.0,22.0,0.0
56016.0,5000.0,0.0,23.0,0.0
45000.0,4000.0,0.0,21.0,0.0
51000.0,5000.0,0.0,26.0,1.0
51000.0,5000.0,1.0,24.0,1.0
51600.0,5000.0,0.0,26.0,1.0
57692.0,5000.0,1.0,24.0,0.0
57996.0,5000.0,0.0,24.0,0.0
57996.0,5000.0,0.0,24.0,0.0
58000.0,5000.0,0.0,24.0,0.0
58000.0,5000.0,0.0,22.0,0.0
45000.0,7200.0,0.0,23.0,0.0
45000.0,4500.0,0.0,21.0,0.0
45000.0,5000.0,0.0,25.0,0.0
58000.0,5000.0,0.0,23.0,0.0
45000.0,6000.0,0.0,24.0,0.0
45000.0,5000.0,0.0,21.0,0.0
58296.0,5000.0,0.0,25.0,0.0
58380.0,5000.0,0.0,22.0,0.0
45000.0,4000.0,1.0,26.0,0.0
58800.0,5000.0,0.0,24.0,0.0
58800.0,5000.0,0.0,25.0,0.0
52880.0,5000.0,0.0,22.0,1.0
45000.0,18000.0,0.0,21.0,0.0
58979.0,5000.0,0.0,26.0,0.0
53000.0,5000.0,1.0,26.0,1.0
59317.0,5000.0,0.0,22.0,0.0
59800.0,5000.0,0.0,21.0,0.0
45000.0,15000.0,0.0,22.0,0.0
45000.0,5000.0,0.0,23.0,0.0
45000.0,1500.0,0.0,26.0,0.0
60000.0,5000.0,0.0,23.0,0.0
54000.0,5000.0,1.0,22.0,1.0
45000.0,8000.0,0.0,21.0,0.0
60000.0,5000.0,1.0,23.0,0.0
60000.0,5000.0,1.0,24.0,0.0
45000.0,4200.0,0.0,24.0,0.0
60000.0,5000.0,0.0,23.0,0.0
60000.0,5000.0,0.0,21.0,0.0
60000.0,5000.0,0.0,26.0,0.0
45000.0,10000.0,0.0,21.0,0.0
60000.0,5000.0,0.0,23.0,0.0
60000.0,5000.0,0.0,25.0,0.0
45000.0,3300.0,0.0,22.0,0.0
54000.0,5000.0,0.0,22.0,1.0
60000.0,5000.0,0.0,26.0,0.0
60000.0,5000.0,1.0,23.0,0.0
39000.0,16000.0,0.0,24.0,1.0
45000.0,14500.0,1.0,23.0,0.0
60000.0,5000.0,0.0,22.0,0.0
45000.0,10400.0,0.0,25.0,0.0
54000.0,5000.0,1.0,22.0,1.0
54000.0,5000.0,1.0,23.0,1.0
45000.0,5000.0,1.0,22.0,0.0
61000.0,5000.0,0.0,22.0,0.0
45000.0,13000.0,0.0,24.0,0.0
45000.0,1275.0,0.0,24.0,0.0
61000.0,5000.0,0.0,22.0,0.0
62000.0,5000.0,0.0,25.0,0.0
62400.0,5000.0,0.0,22.0,0.0
62400.0,5000.0,0.0,25.0,0.0
63000.0,5000.0,0.0,25.0,0.0
63000.0,5000.0,1.0,23.0,0.0
63000.0,5000.0,0.0,22.0,0.0
45000.0,14500.0,0.0,23.0,0.0
63000.0,5000.0,0.0,24.0,0.0
63800.0,5000.0,0.0,23.0,0.0
64000.0,5000.0,1.0,25.0,0.0
45000.0,6000.0,0.0,25.0,0.0
64151.0,5000.0,0.0,24.0,0.0
64424.0,5000.0,0.0,21.0,0.0
45000.0,4000.0,0.0,26.0,0.0
64600.0,5000.0,0.0,24.0,0.0
45000.0,10000.0,1.0,25.0,0.0
45000.0,3000.0,0.0,23.0,0.0
65000.0,5000.0,0.0,26.0,0.0
65000.0,5000.0,0.0,22.0,0.0
59000.0,5000.0,1.0,25.0,1.0
45000.0,4000.0,0.0,22.0,0.0
45000.0,4000.0,0.0,25.0,0.0
45000.0,7000.0,0.0,22.0,0.0
39000.0,16000.0,0.0,23.0,1.0
45000.0,5950.0,0.0,25.0,0.0
65000.0,5000.0,0.0,23.0,0.0
45000.0,14550.0,0.0,22.0,0.0
65000.0,5000.0,1.0,23.0,0.0
45000.0,8000.0,0.0,22.0,0.0
59000.0,5000.0,0.0,21.0,1.0
45000.0,3200.0,0.0,25.0,0.0
45000.0,1500.0,0.0,26.0,0.0
45000.0,9925.0,0.0,23.0,0.0
65000.0,5000.0,0.0,24.0,0.0
65000.0,5000.0,1.0,23.0,0.0
59004.0,5000.0,0.0,22.0,1.0
45000.0,8000.0,1.0,23.0,0.0
39000.0,8000.0,0.0,23.0,1.0
45000.0,10000.0,0.0,23.0,0.0
45000.0,7000.0,0.0,23.0,0.0
45000.0,5000.0,0.0,22.0,0.0
66000.0,5000.0,0.0,23.0,0.0
45000.0,9200.0,0.0,24.0,0.0
39000.0,12000.0,0.0,24.0,1.0
67500.0,5000.0,0.0,22.0,0.0
67500.0,5000.0,0.0,26.0,0.0
45000.0,17000.0,0.0,25.0,0.0
67596.0,5000.0,0.0,23.0,0.0
45000.0,16750.0,1.0,23.0,0.0
45000.0,7750.0,1.0,26.0,0.0
68000.0,5000.0,0.0,22.0,0.0
68648.0,5000.0,0.0,24.0,0.0
63900.0,5000.0,0.0,23.0,1.0
69996.0,5000.0,0.0,24.0,0.0
70000.0,5000.0,0.0,25.0,0.0
54400.0,5000.0,0.0,23.0,1.0
70000.0,5000.0,0.0,26.0,0.0
70500.0,5000.0,0.0,22.0,0.0
55488.0,5000.0,0.0,23.0,1.0
71400.0,5000.0,1.0,22.0,0.0
39000.0,5000.0,1.0,22.0,1.0
72000.0,5000.0,0.0,26.0,0.0
45000.0,7375.0,0.0,22.0,0.0
72000.0,5000.0,0.0,22.0,0.0
39000.0,5000.0,0.0,26.0,1.0
45000.0,8000.0,0.0,23.0,0.0
56950.0,5000.0,0.0,25.0,1.0
73000.0,5000.0,0.0,24.0,0.0
73500.0,5000.0,0.0,24.0,0.0
74500.0,5000.0,0.0,26.0,0.0
45000.0,7500.0,0.0,24.0,0.0
45000.0,7500.0,0.0,25.0,0.0
69000.0,5000.0,0.0,23.0,1.0
75000.0,5000.0,0.0,23.0,0.0
75000.0,5000.0,0.0,22.0,0.0
75000.0,5000.0,0.0,22.0,0.0
39000.0,25000.0,0.0,22.0,1.0
45000.0,21000.0,0.0,23.0,0.0
75000.0,5000.0,0.0,22.0,0.0
45000.0,9000.0,0.0,25.0,0.0
45000.0,7500.0,0.0,25.0,0.0
75000.0,5000.0,1.0,24.0,0.0
45000.0,6500.0,1.0,25.0,0.0
76000.0,5000.0,0.0,25.0,0.0
76000.0,5000.0,0.0,25.0,0.0
76344.0,5000.0,0.0,25.0,0.0
76500.0,5000.0,0.0,25.0,0.0
78000.0,5000.0,0.0,25.0,0.0
45192.0,11700.0,0.0,21.0,0.0
78300.0,5000.0,0.0,24.0,0.0
39200.0,4000.0,0.0,26.0,1.0
80000.0,5000.0,0.0,23.0,0.0
45204.0,4750.0,0.0,23.0,0.0
74000.0,5000.0,0.0,24.0,1.0
74000.0,5000.0,1.0,22.0,1.0
45288.0,20500.0,0.0,23.0,0.0
80000.0,5000.0,0.0,23.0,0.0
45300.0,5550.0,1.0,23.0,0.0
62900.0,5000.0,0.0,23.0,1.0
39325.0,2800.0,0.0,23.0,1.0
45336.0,10000.0,0.0,24.0,0.0
81000.0,5000.0,0.0,24.0,0.0
45378.0,6000.0,0.0,23.0,0.0
45432.0,5000.0,0.0,21.0,0.0
83100.0,5000.0,0.0,24.0,0.0
84996.0,5000.0,1.0,22.0,0.0
73000.0,5000.0,1.0,26.0,1.0
45500.0,14000.0,1.0,23.0,0.0
39500.0,15250.0,0.0,26.0,1.0
85000.0,5000.0,0.0,23.0,0.0
45600.0,6000.0,0.0,21.0,0.0
45600.0,14000.0,0.0,23.0,0.0
85272.0,5000.0,0.0,23.0,0.0
45600.0,12000.0,1.0,23.0,0.0
45600.0,10000.0,1.0,26.0,0.0
88000.0,5000.0,0.0,23.0,0.0
45600.0,10000.0,1.0,23.0,0.0
45600.0,13000.0,0.0,25.0,0.0
76000.0,5000.0,1.0,25.0,1.0
90000.0,5000.0,1.0,26.0,0.0
78000.0,5000.0,0.0,23.0,1.0
90000.0,5000.0,1.0,23.0,0.0
90000.0,5000.0,0.0,24.0,0.0
90000.0,5000.0,0.0,24.0,0.0
45600.0,7200.0,0.0,24.0,0.0
45600.0,15000.0,0.0,25.0,0.0
39600.0,6400.0,0.0,21.0,1.0
90000.0,5000.0,1.0,22.0,0.0
45600.0,2000.0,0.0,22.0,0.0
45600.0,1000.0,0.0,23.0,0.0
80000.0,5000.0,1.0,25.0,1.0
94000.0,5000.0,0.0,20.0,0.0
45600.0,9500.0,0.0,22.0,0.0
95004.0,5000.0,0.0,23.0,0.0
45600.0,1800.0,0.0,22.0,0.0
97500.0,5000.0,0.0,26.0,0.0
45600.0,1600.0,0.0,22.0,0.0
86004.0,5000.0,0.0,23.0,1.0
39600.0,4650.0,0.0,22.0,1.0
45608.0,11000.0,0.0,26.0,0.0
45673.0,7000.0,0.0,22.0,0.0
45691.0,7000.0,0.0,22.0,0.0
100000.0,5000.0,0.0,23.0,0.0
100000.0,5000.0,0.0,23.0,0.0
45843.0,11000.0,0.0,23.0,0.0
39868.0,2400.0,1.0,22.0,1.0
102240.0,5000.0,0.0,22.0,0.0
39896.0,9250.0,0.0,25.0,1.0
45900.0,6400.0,0.0,22.0,0.0
103992.0,5000.0,0.0,26.0,0.0
45900.0,11500.0,0.0,26.0,0.0
106000.0,5000.0,0.0,23.0,0.0
45992.0,10000.0,0.0,23.0,0.0
108000.0,5000.0,0.0,24.0,0.0
45996.0,10000.0,0.0,21.0,0.0
108000.0,5000.0,0.0,23.0,0.0
110000.0,5000.0,0.0,25.0,0.0
111460.0,5000.0,0.0,22.0,0.0
112000.0,5000.0,0.0,25.0,0.0
45996.0,25000.0,0.0,25.0,0.0
115000.0,5000.0,0.0,24.0,0.0
116300.0,5000.0,1.0,24.0,0.0
45996.0,10000.0,0.0,23.0,0.0
120000.0,5000.0,0.0,26.0,0.0
120000.0,5000.0,0.0,25.0,0.0
114000.0,5000.0,0.0,22.0,1.0
135000.0,5000.0,0.0,26.0,0.0
137481.0,5000.0,0.0,24.0,0.0
46000.0,10075.0,0.0,24.0,0.0
46000.0,5000.0,0.0,23.0,0.0
150000.0,5000.0,0.0,23.0,0.0
138000.0,5000.0,0.0,23.0,1.0
117300.0,5000.0,1.0,24.0,1.0
159996.0,5000.0,1.0,25.0,0.0
46000.0,11000.0,0.0,26.0,0.0
21600.0,5200.0,0.0,25.0,1.0
24000.0,5200.0,1.0,22.0,0.0
25000.0,5200.0,1.0,25.0,0.0
46000.0,2125.0,1.0,25.0,0.0
46000.0,3000.0,0.0,23.0,0.0
26000.0,5200.0,0.0,21.0,0.0
30000.0,5200.0,1.0,23.0,0.0
46000.0,15000.0,0.0,23.0,0.0
30000.0,5200.0,0.0,25.0,1.0
32160.0,5200.0,0.0,25.0,0.0
35000.0,5200.0,0.0,23.0,0.0
36850.0,5200.0,0.0,22.0,0.0
38000.0,5200.0,0.0,25.0,0.0
38000.0,5200.0,0.0,23.0,0.0
46000.0,6000.0,1.0,22.0,0.0
24000.0,5250.0,0.0,23.0,1.0
46000.0,2000.0,0.0,24.0,0.0
46000.0,4000.0,0.0,22.0,0.0
45000.0,5275.0,0.0,23.0,0.0
57600.0,5275.0,1.0,24.0,0.0
46000.0,10000.0,0.0,23.0,0.0
23340.0,5300.0,0.0,23.0,0.0
24996.0,5300.0,1.0,22.0,0.0
46000.0,10000.0,0.0,24.0,0.0
26400.0,5300.0,0.0,25.0,0.0
28800.0,5300.0,0.0,24.0,0.0
30000.0,5300.0,0.0,25.0,0.0
30000.0,5300.0,1.0,22.0,1.0
30000.0,5300.0,1.0,24.0,1.0
46000.0,23500.0,0.0,25.0,0.0
47000.0,5300.0,0.0,21.0,0.0
50004.0,5300.0,1.0,22.0,0.0
65000.0,5300.0,0.0,22.0,0.0
40000.0,15000.0,0.0,25.0,1.0
32000.0,5325.0,1.0,21.0,0.0
46000.0,8000.0,0.0,23.0,0.0
24000.0,5375.0,0.0,24.0,0.0
26000.0,5375.0,1.0,24.0,0.0
18000.0,5400.0,1.0,24.0,1.0
18000.0,5400.0,0.0,22.0,1.0
46000.0,6000.0,0.0,22.0,0.0
24000.0,5400.0,0.0,26.0,0.0
25300.0,5400.0,1.0,26.0,1.0
46000.0,10000.0,1.0,21.0,0.0
26400.0,5400.0,0.0,23.0,0.0
30000.0,5400.0,0.0,26.0,0.0
32000.0,5400.0,0.0,22.0,1.0
35000.0,5400.0,0.0,23.0,0.0
46113.0,9000.0,1.0,23.0,0.0
46116.0,10000.0,0.0,25.0,0.0
46144.0,1500.0,0.0,25.0,0.0
35000.0,5400.0,0.0,23.0,0.0
45000.0,5400.0,0.0,22.0,0.0
54000.0,5400.0,0.0,25.0,0.0
55000.0,5400.0,0.0,23.0,0.0
46325.0,3600.0,0.0,24.0,0.0
57500.0,5400.0,0.0,22.0,0.0
46350.0,9750.0,0.0,25.0,0.0
46394.0,15000.0,0.0,23.0,0.0
60000.0,5400.0,0.0,23.0,0.0
63000.0,5400.0,0.0,23.0,0.0
46450.0,10000.0,0.0,23.0,0.0
46464.0,15000.0,0.0,26.0,0.0
58617.0,5400.0,0.0,22.0,1.0
46500.0,13000.0,0.0,22.0,0.0
69108.0,5400.0,1.0,22.0,1.0
112000.0,5400.0,1.0,24.0,0.0
22718.0,5425.0,0.0,22.0,0.0
46500.0,4000.0,0.0,22.0,0.0
40500.0,8500.0,0.0,24.0,1.0
46500.0,1300.0,0.0,21.0,0.0
83004.0,5450.0,0.0,26.0,0.0
46500.0,16000.0,1.0,24.0,0.0
46500.0,12000.0,0.0,22.0,0.0
46551.0,15000.0,0.0,23.0,0.0
12000.0,5500.0,0.0,22.0,1.0
14400.0,5500.0,0.0,21.0,1.0
15192.0,5500.0,1.0,21.0,1.0
18000.0,5500.0,0.0,25.0,1.0
19136.0,5500.0,1.0,23.0,1.0
46776.0,15000.0,0.0,23.0,0.0
40800.0,7000.0,0.0,25.0,1.0
46800.0,12725.0,0.0,26.0,0.0
46800.0,12000.0,0.0,24.0,0.0
21600.0,5500.0,0.0,23.0,0.0
46800.0,3600.0,0.0,22.0,0.0
21700.0,5500.0,0.0,21.0,1.0
22000.0,5500.0,0.0,23.0,0.0
23000.0,5500.0,0.0,24.0,0.0
23004.0,5500.0,0.0,22.0,0.0
46800.0,11500.0,0.0,22.0,0.0
24000.0,5500.0,1.0,24.0,0.0
46800.0,6000.0,1.0,24.0,0.0
24000.0,5500.0,0.0,23.0,0.0
24000.0,5500.0,0.0,23.0,0.0
46800.0,13000.0,0.0,23.0,0.0
25000.0,5500.0,0.0,23.0,0.0
25200.0,5500.0,0.0,23.0,0.0
26400.0,5500.0,1.0,22.0,0.0
46976.0,11000.0,1.0,22.0,0.0
26784.0,5500.0,0.0,22.0,1.0
27996.0,5500.0,0.0,23.0,0.0
47000.0,9600.0,0.0,24.0,0.0
28800.0,5500.0,0.0,25.0,0.0
30000.0,5500.0,0.0,22.0,0.0
30000.0,5500.0,0.0,22.0,0.0
41000.0,7000.0,0.0,22.0,1.0
30000.0,5500.0,0.0,25.0,0.0
47000.0,12000.0,1.0,24.0,0.0
47000.0,7000.0,0.0,25.0,0.0
33000.0,5500.0,0.0,24.0,0.0
47000.0,3000.0,0.0,24.0,0.0
47000.0,6600.0,0.0,26.0,0.0
47000.0,10600.0,1.0,22.0,0.0
33000.0,5500.0,1.0,23.0,0.0
47000.0,8000.0,0.0,23.0,0.0
47000.0,4000.0,0.0,25.0,0.0
47000.0,5400.0,0.0,21.0,0.0
33900.0,5500.0,0.0,24.0,0.0
33996.0,5500.0,1.0,23.0,0.0
34000.0,5500.0,1.0,26.0,0.0
34000.0,5500.0,0.0,26.0,0.0
47000.0,12500.0,0.0,26.0,0.0
47000.0,10400.0,0.0,25.0,0.0
36000.0,5500.0,0.0,26.0,0.0
36000.0,5500.0,1.0,23.0,0.0
36500.0,5500.0,0.0,21.0,0.0
37000.0,5500.0,0.0,24.0,0.0
38400.0,5500.0,0.0,24.0,0.0
47000.0,6000.0,0.0,23.0,0.0
38500.0,5500.0,0.0,22.0,0.0
47000.0,3000.0,0.0,22.0,0.0
47000.0,15000.0,0.0,24.0,0.0
47000.0,15000.0,0.0,24.0,0.0
40440.0,5500.0,0.0,23.0,0.0
47000.0,13850.0,1.0,23.0,0.0
47000.0,3000.0,0.0,26.0,0.0
37000.0,5500.0,1.0,23.0,1.0
43000.0,5500.0,0.0,23.0,0.0
37004.0,5500.0,0.0,24.0,1.0
44400.0,5500.0,0.0,22.0,0.0
47000.0,15000.0,0.0,22.0,0.0
47000.0,6000.0,0.0,24.0,0.0
47000.0,6000.0,0.0,24.0,0.0
45000.0,5500.0,0.0,22.0,0.0
48000.0,5500.0,0.0,22.0,0.0
48000.0,5500.0,0.0,25.0,0.0
48880.0,5500.0,0.0,23.0,0.0
44000.0,5500.0,0.0,21.0,1.0
50000.0,5500.0,0.0,22.0,0.0
47000.0,7000.0,0.0,23.0,0.0
47000.0,7000.0,0.0,21.0,0.0
47000.0,7500.0,0.0,23.0,0.0
54000.0,5500.0,0.0,23.0,0.0
54000.0,5500.0,0.0,24.0,0.0
55000.0,5500.0,0.0,23.0,0.0
56000.0,5500.0,0.0,22.0,0.0
47000.0,9000.0,0.0,24.0,0.0
51000.0,5500.0,1.0,26.0,1.0
57000.0,5500.0,0.0,25.0,0.0
51600.0,5500.0,0.0,26.0,1.0
59000.0,5500.0,0.0,21.0,0.0
41000.0,10000.0,0.0,22.0,1.0
60000.0,5500.0,0.0,22.0,0.0
47000.0,10000.0,1.0,24.0,0.0
47000.0,12000.0,0.0,24.0,0.0
41000.0,5000.0,1.0,25.0,1.0
62000.0,5500.0,0.0,23.0,0.0
62400.0,5500.0,0.0,26.0,0.0
41000.0,6600.0,0.0,24.0,1.0
62472.0,5500.0,0.0,24.0,0.0
64000.0,5500.0,0.0,24.0,0.0
72000.0,5500.0,0.0,24.0,0.0
72996.0,5500.0,0.0,24.0,0.0
73700.0,5500.0,0.0,24.0,0.0
90000.0,5525.0,0.0,26.0,0.0
47110.0,11000.0,0.0,24.0,0.0
22000.0,5550.0,0.0,24.0,1.0
24000.0,5550.0,0.0,23.0,0.0
31000.0,5550.0,0.0,22.0,1.0
47004.0,5550.0,0.0,22.0,0.0
47200.0,7000.0,0.0,21.0,0.0
47211.0,10000.0,0.0,24.0,0.0
28800.0,5575.0,0.0,25.0,0.0
41244.0,11500.0,0.0,22.0,1.0
14400.0,5600.0,1.0,22.0,1.0
18000.0,5600.0,0.0,21.0,1.0
47300.0,6000.0,0.0,26.0,0.0
47300.0,9500.0,0.0,24.0,0.0
19200.0,5600.0,0.0,24.0,1.0
19800.0,5600.0,0.0,24.0,1.0
47412.0,6500.0,0.0,25.0,0.0
47472.0,20000.0,0.0,22.0,0.0
24000.0,5600.0,0.0,24.0,0.0
47484.0,5325.0,0.0,22.0,0.0
25000.0,5600.0,0.0,23.0,0.0
25000.0,5600.0,0.0,21.0,0.0
26000.0,5600.0,0.0,22.0,0.0
47500.0,12000.0,0.0,24.0,0.0
47500.0,6000.0,0.0,22.0,0.0
28000.0,5600.0,1.0,24.0,1.0
47500.0,13750.0,0.0,24.0,0.0
30000.0,5600.0,0.0,21.0,1.0
30000.0,5600.0,1.0,21.0,0.0
30996.0,5600.0,0.0,24.0,0.0
47500.0,7000.0,0.0,24.0,0.0
32000.0,5600.0,0.0,22.0,0.0
33600.0,5600.0,0.0,25.0,0.0
47540.0,12250.0,0.0,22.0,0.0
47580.0,4000.0,0.0,22.0,0.0
47580.0,14000.0,0.0,21.0,0.0
29004.0,5600.0,0.0,25.0,1.0
36000.0,5600.0,0.0,23.0,0.0
41682.0,18000.0,1.0,26.0,1.0
47700.0,12375.0,0.0,25.0,0.0
36276.0,5600.0,0.0,25.0,0.0
38000.0,5600.0,0.0,24.0,0.0
47748.0,4500.0,0.0,22.0,0.0
47760.0,15000.0,0.0,21.0,0.0
47800.0,1500.0,1.0,22.0,0.0
47800.0,15000.0,0.0,22.0,0.0
33000.0,5600.0,1.0,22.0,1.0
40000.0,5600.0,0.0,23.0,0.0
40000.0,5600.0,1.0,25.0,0.0
40800.0,5600.0,0.0,25.0,0.0
41000.0,5600.0,0.0,26.0,0.0
42000.0,5600.0,0.0,25.0,0.0
43860.0,5600.0,0.0,26.0,0.0
48000.0,11000.0,0.0,26.0,0.0
39000.0,5600.0,0.0,22.0,1.0
48000.0,7350.0,0.0,21.0,0.0
48000.0,2200.0,1.0,24.0,0.0
47700.0,5600.0,0.0,24.0,0.0
48000.0,5600.0,0.0,24.0,0.0
48000.0,5600.0,0.0,24.0,0.0
50000.0,5600.0,0.0,23.0,0.0
50000.0,5600.0,1.0,23.0,0.0
50004.0,5600.0,0.0,23.0,0.0
51000.0,5600.0,0.0,26.0,0.0
52000.0,5600.0,0.0,24.0,0.0
52800.0,5600.0,0.0,22.0,0.0
54000.0,5600.0,0.0,24.0,0.0
48000.0,10000.0,0.0,23.0,0.0
54000.0,5600.0,0.0,22.0,0.0
48000.0,2400.0,0.0,23.0,0.0
55692.0,5600.0,0.0,21.0,0.0
56000.0,5600.0,0.0,24.0,0.0
56000.0,5600.0,0.0,26.0,0.0
56000.0,5600.0,0.0,22.0,0.0
48000.0,23500.0,1.0,25.0,0.0
48000.0,12000.0,0.0,22.0,0.0
60000.0,5600.0,0.0,22.0,0.0
60000.0,5600.0,0.0,23.0,0.0
60000.0,5600.0,0.0,21.0,0.0
48000.0,1500.0,0.0,22.0,0.0
63000.0,5600.0,0.0,23.0,0.0
60500.0,5600.0,0.0,24.0,1.0
68515.0,5600.0,0.0,25.0,0.0
69000.0,5600.0,0.0,24.0,0.0
48000.0,5000.0,0.0,22.0,0.0
48000.0,2500.0,0.0,23.0,0.0
69996.0,5600.0,1.0,23.0,0.0
70000.0,5600.0,0.0,25.0,0.0
48000.0,20000.0,0.0,23.0,0.0
48000.0,13800.0,1.0,26.0,0.0
70000.0,5600.0,0.0,22.0,0.0
72000.0,5600.0,0.0,23.0,0.0
48000.0,10500.0,0.0,23.0,0.0
48000.0,10000.0,0.0,23.0,0.0
48000.0,6000.0,0.0,25.0,0.0
58650.0,5600.0,0.0,25.0,1.0
79000.0,5600.0,0.0,23.0,0.0
81600.0,5600.0,0.0,25.0,0.0
89610.0,5600.0,0.0,21.0,0.0
48000.0,2500.0,0.0,23.0,0.0
102552.0,5600.0,0.0,26.0,0.0
25000.0,5625.0,0.0,24.0,0.0
48000.0,3500.0,0.0,25.0,0.0
51000.0,5650.0,0.0,22.0,0.0
48000.0,2000.0,0.0,26.0,0.0
48000.0,1400.0,1.0,25.0,0.0
48000.0,4400.0,0.0,22.0,0.0
67200.0,5650.0,0.0,23.0,0.0
11476.0,5700.0,0.0,24.0,1.0
35000.0,5700.0,0.0,22.0,0.0
37000.0,5700.0,0.0,22.0,0.0
48000.0,13000.0,0.0,22.0,0.0
46000.0,5700.0,0.0,24.0,0.0
48000.0,5000.0,0.0,26.0,0.0
52500.0,5700.0,0.0,26.0,0.0
17000.0,5750.0,0.0,21.0,1.0
34000.0,5750.0,0.0,24.0,0.0
48000.0,10000.0,0.0,24.0,0.0
45900.0,5750.0,0.0,22.0,0.0
70000.0,5750.0,0.0,25.0,0.0
48000.0,10000.0,1.0,22.0,0.0
85000.0,5750.0,0.0,25.0,0.0
48000.0,4400.0,0.0,24.0,0.0
147750.0,5750.0,0.0,25.0,0.0
30900.0,5775.0,0.0,23.0,1.0
48000.0,3000.0,0.0,25.0,0.0
120000.0,5775.0,0.0,24.0,0.0
18000.0,5800.0,1.0,21.0,1.0
48000.0,3200.0,0.0,25.0,0.0
20400.0,5800.0,0.0,22.0,0.0
25000.0,5800.0,0.0,23.0,0.0
48000.0,4200.0,0.0,24.0,0.0
48000.0,5000.0,1.0,23.0,0.0
27000.0,5800.0,0.0,26.0,0.0
27252.0,5800.0,0.0,23.0,0.0
48000.0,4000.0,0.0,26.0,0.0
35020.0,5800.0,0.0,24.0,0.0
48000.0,4800.0,0.0,22.0,0.0
41300.0,5800.0,0.0,22.0,0.0
48000.0,5000.0,0.0,24.0,0.0
48000.0,3200.0,0.0,24.0,0.0
48000.0,1000.0,1.0,25.0,0.0
45000.0,5800.0,0.0,22.0,0.0
48000.0,8000.0,0.0,26.0,0.0
42000.0,1800.0,1.0,23.0,1.0
144000.0,5800.0,0.0,26.0,0.0
48000.0,3600.0,0.0,26.0,0.0
12000.0,5825.0,0.0,23.0,1.0
25000.0,5825.0,0.0,22.0,0.0
26000.0,5825.0,1.0,26.0,0.0
42000.0,10500.0,0.0,23.0,1.0
50000.0,5825.0,0.0,23.0,0.0
48000.0,4000.0,0.0,22.0,0.0
48000.0,7000.0,0.0,23.0,0.0
48000.0,4000.0,0.0,24.0,0.0
60000.0,5850.0,0.0,24.0,0.0
48000.0,4800.0,0.0,25.0,0.0
19200.0,5875.0,0.0,25.0,1.0
40000.0,5875.0,0.0,26.0,0.0
49680.0,5875.0,1.0,26.0,0.0
56000.0,5875.0,0.0,23.0,0.0
14400.0,5900.0,0.0,21.0,1.0
23000.0,5900.0,0.0,24.0,0.0
30000.0,5900.0,0.0,23.0,0.0
36800.0,5900.0,0.0,26.0,0.0
34000.0,5925.0,0.0,25.0,1.0
48000.0,15000.0,0.0,24.0,0.0
29376.0,5950.0,0.0,23.0,0.0
48000.0,12000.0,0.0,24.0,0.0
78000.0,5950.0,0.0,25.0,0.0
46000.0,5975.0,1.0,24.0,1.0
12000.0,6000.0,0.0,22.0,1.0
13440.0,6000.0,0.0,25.0,1.0
14880.0,6000.0,0.0,24.0,1.0
15000.0,6000.0,0.0,22.0,1.0
15000.0,6000.0,0.0,22.0,1.0
16000.0,6000.0,0.0,21.0,1.0
48000.0,4800.0,0.0,24.0,0.0
16800.0,6000.0,1.0,24.0,1.0
17376.0,6000.0,0.0,26.0,1.0
48000.0,10000.0,0.0,26.0,0.0
18000.0,6000.0,0.0,22.0,1.0
18000.0,6000.0,0.0,24.0,1.0
18200.0,6000.0,0.0,22.0,1.0
18996.0,6000.0,1.0,22.0,1.0
42000.0,2000.0,1.0,23.0,1.0
48000.0,3500.0,0.0,22.0,0.0
19000.0,6000.0,0.0,23.0,1.0
19200.0,6000.0,0.0,24.0,1.0
19200.0,6000.0,0.0,25.0,1.0
19200.0,6000.0,0.0,21.0,1.0
19200.0,6000.0,1.0,25.0,1.0
48000.0,6500.0,0.0,22.0,0.0
20000.0,6000.0,0.0,24.0,0.0
48000.0,17000.0,0.0,24.0,0.0
48000.0,3000.0,0.0,24.0,0.0
20400.0,6000.0,0.0,26.0,0.0
21300.0,6000.0,1.0,22.0,0.0
48000.0,2550.0,0.0,23.0,0.0
21600.0,6000.0,0.0,26.0,0.0
21600.0,6000.0,0.0,23.0,1.0
21812.0,6000.0,1.0,25.0,0.0
21996.0,6000.0,1.0,23.0,0.0
48000.0,9600.0,0.0,22.0,0.0
22600.0,6000.0,0.0,21.0,0.0
22800.0,6000.0,0.0,25.0,1.0
48000.0,9600.0,0.0,22.0,0.0
22880.0,6000.0,1.0,22.0,0.0
22884.0,6000.0,0.0,23.0,0.0
23000.0,6000.0,0.0,21.0,0.0
48000.0,4000.0,0.0,22.0,0.0
23040.0,6000.0,0.0,21.0,1.0
23198.0,6000.0,0.0,25.0,0.0
24000.0,6000.0,0.0,22.0,0.0
48000.0,4000.0,0.0,25.0,0.0
24000.0,6000.0,0.0,26.0,0.0
48000.0,7350.0,0.0,25.0,0.0
24000.0,6000.0,0.0,26.0,0.0
48000.0,1200.0,0.0,24.0,0.0
24000.0,6000.0,0.0,23.0,0.0
24000.0,6000.0,0.0,24.0,0.0
48000.0,3200.0,0.0,23.0,0.0
48000.0,15000.0,0.0,26.0,0.0
48000.0,24250.0,0.0,25.0,0.0
48000.0,7000.0,0.0,22.0,0.0
48000.0,5000.0,0.0,22.0,0.0
24000.0,6000.0,0.0,21.0,0.0
24000.0,6000.0,0.0,22.0,1.0
24996.0,6000.0,0.0,21.0,0.0
24996.0,6000.0,0.0,21.0,0.0
25000.0,6000.0,0.0,23.0,0.0
48000.0,6500.0,0.0,22.0,0.0
25000.0,6000.0,0.0,25.0,1.0
25000.0,6000.0,0.0,26.0,0.0
48000.0,15000.0,0.0,25.0,0.0
48000.0,15000.0,0.0,22.0,0.0
25200.0,6000.0,0.0,24.0,0.0
48000.0,4200.0,0.0,26.0,0.0
48000.0,5500.0,0.0,24.0,0.0
25200.0,6000.0,0.0,21.0,0.0
25200.0,6000.0,1.0,23.0,1.0
48000.0,12000.0,0.0,23.0,0.0
25200.0,6000.0,0.0,21.0,0.0
25200.0,6000.0,0.0,25.0,0.0
25800.0,6000.0,0.0,24.0,0.0
26000.0,6000.0,0.0,21.0,0.0
26400.0,6000.0,0.0,26.0,0.0
48000.0,7800.0,0.0,25.0,0.0
26400.0,6000.0,0.0,26.0,0.0
26400.0,6000.0,0.0,22.0,0.0
26500.0,6000.0,0.0,25.0,0.0
48000.0,7500.0,0.0,25.0,0.0
26500.0,6000.0,1.0,24.0,0.0
26780.0,6000.0,0.0,25.0,0.0
27000.0,6000.0,0.0,25.0,0.0
42000.0,3500.0,0.0,24.0,1.0
27000.0,6000.0,0.0,23.0,0.0
48000.0,2800.0,0.0,22.0,0.0
27031.0,6000.0,0.0,26.0,0.0
48000.0,3100.0,0.0,24.0,0.0
27040.0,6000.0,0.0,25.0,0.0
48000.0,15750.0,0.0,23.0,0.0
27600.0,6000.0,0.0,22.0,0.0
48000.0,4400.0,0.0,24.0,0.0
48000.0,16750.0,1.0,26.0,0.0
48000.0,6000.0,1.0,23.0,0.0
48000.0,8000.0,0.0,22.0,0.0
28000.0,6000.0,0.0,25.0,1.0
28000.0,6000.0,0.0,23.0,0.0
28000.0,6000.0,1.0,22.0,0.0
48000.0,10000.0,0.0,26.0,0.0
28000.0,6000.0,0.0,23.0,0.0
28284.0,6000.0,0.0,23.0,0.0
48000.0,10800.0,0.0,21.0,0.0
28675.0,6000.0,0.0,25.0,0.0
28800.0,6000.0,1.0,21.0,0.0
28800.0,6000.0,0.0,21.0,1.0
28800.0,6000.0,0.0,23.0,0.0
28800.0,6000.0,1.0,25.0,1.0
29000.0,6000.0,0.0,24.0,0.0
29000.0,6000.0,0.0,23.0,0.0
29000.0,6000.0,0.0,23.0,0.0
29000.0,6000.0,0.0,22.0,0.0
29000.0,6000.0,0.0,22.0,0.0
48000.0,2800.0,1.0,24.0,0.0
29820.0,6000.0,0.0,23.0,0.0
30000.0,6000.0,0.0,22.0,0.0
48000.0,10400.0,0.0,24.0,0.0
30000.0,6000.0,0.0,22.0,0.0
30000.0,6000.0,0.0,22.0,1.0
48000.0,9925.0,0.0,22.0,0.0
30000.0,6000.0,0.0,24.0,0.0
48000.0,7800.0,0.0,24.0,0.0
30000.0,6000.0,0.0,24.0,0.0
48000.0,10000.0,0.0,23.0,0.0
30000.0,6000.0,0.0,24.0,0.0
30000.0,6000.0,0.0,22.0,0.0
30000.0,6000.0,0.0,24.0,0.0
30000.0,6000.0,0.0,22.0,0.0
48000.0,1300.0,0.0,24.0,0.0
48000.0,4800.0,0.0,22.0,0.0
48000.0,2400.0,0.0,22.0,0.0
48000.0,7000.0,1.0,25.0,0.0
30000.0,6000.0,0.0,24.0,0.0
30000.0,6000.0,0.0,23.0,0.0
48000.0,5000.0,0.0,23.0,0.0
48000.0,5000.0,0.0,24.0,0.0
30000.0,6000.0,1.0,23.0,0.0
30000.0,6000.0,0.0,22.0,1.0
30000.0,6000.0,0.0,23.0,0.0
30000.0,6000.0,1.0,24.0,1.0
30000.0,6000.0,0.0,22.0,0.0
30000.0,6000.0,0.0,26.0,0.0
30000.0,6000.0,1.0,23.0,0.0
30000.0,6000.0,0.0,21.0,0.0
48000.0,3500.0,0.0,24.0,0.0
30000.0,6000.0,0.0,21.0,0.0
30000.0,6000.0,0.0,26.0,0.0
48152.0,9500.0,0.0,23.0,0.0
31000.0,6000.0,0.0,21.0,0.0
48235.0,20000.0,0.0,23.0,0.0
48360.0,6000.0,0.0,25.0,0.0
31200.0,6000.0,0.0,26.0,0.0
31200.0,6000.0,0.0,21.0,1.0
31200.0,6000.0,0.0,25.0,1.0
31200.0,6000.0,0.0,22.0,0.0
31680.0,6000.0,0.0,22.0,0.0
32000.0,6000.0,0.0,24.0,1.0
48500.0,13000.0,0.0,26.0,0.0
48500.0,6000.0,0.0,23.0,0.0
32000.0,6000.0,0.0,21.0,0.0
32000.0,6000.0,0.0,25.0,1.0
48500.0,19500.0,0.0,25.0,1.0
42500.0,7000.0,1.0,22.0,1.0
32000.0,6000.0,1.0,25.0,1.0
48526.0,13500.0,0.0,22.0,0.0
32004.0,6000.0,0.0,24.0,1.0
48600.0,5000.0,0.0,23.0,0.0
32496.0,6000.0,0.0,22.0,0.0
48600.0,6000.0,0.0,23.0,0.0
48600.0,19000.0,0.0,23.0,0.0
33000.0,6000.0,0.0,26.0,1.0
33000.0,6000.0,0.0,22.0,0.0
48661.0,8000.0,0.0,24.0,0.0
33276.0,6000.0,1.0,23.0,0.0
33280.0,6000.0,1.0,21.0,0.0
33600.0,6000.0,0.0,26.0,0.0
33650.0,6000.0,0.0,22.0,1.0
48732.0,3500.0,0.0,24.0,0.0
48800.0,9000.0,0.0,24.0,0.0
33996.0,6000.0,1.0,21.0,0.0
48852.0,10300.0,0.0,24.0,0.0
34000.0,6000.0,0.0,24.0,0.0
34000.0,6000.0,0.0,26.0,0.0
48960.0,10000.0,0.0,24.0,0.0
34000.0,6000.0,1.0,23.0,1.0
48996.0,5000.0,0.0,22.0,0.0
48996.0,10525.0,0.0,23.0,0.0
29000.0,6000.0,0.0,25.0,1.0
35000.0,6000.0,0.0,22.0,0.0
42996.0,12000.0,0.0,22.0,1.0
29000.0,6000.0,0.0,23.0,1.0
35000.0,6000.0,1.0,24.0,0.0
35004.0,6000.0,0.0,24.0,0.0
29004.0,6000.0,0.0,24.0,1.0
29004.0,6000.0,0.0,26.0,1.0
49000.0,9600.0,0.0,23.0,0.0
43000.0,4000.0,0.0,24.0,1.0
49000.0,3500.0,0.0,23.0,0.0
43000.0,10000.0,1.0,24.0,1.0
29364.0,6000.0,1.0,26.0,1.0
43000.0,3000.0,0.0,24.0,1.0
49000.0,4000.0,0.0,23.0,0.0
35392.0,6000.0,0.0,25.0,0.0
49000.0,7000.0,0.0,25.0,0.0
29916.0,6000.0,0.0,22.0,1.0
49000.0,2700.0,0.0,24.0,0.0
49000.0,2400.0,0.0,22.0,0.0
49000.0,2400.0,0.0,23.0,0.0
49000.0,18225.0,0.0,25.0,0.0
49000.0,20000.0,0.0,26.0,0.0
30000.0,6000.0,0.0,22.0,1.0
30000.0,6000.0,1.0,22.0,1.0
36000.0,6000.0,0.0,22.0,0.0
30000.0,6000.0,0.0,26.0,1.0
49000.0,6000.0,0.0,23.0,0.0
49000.0,14000.0,0.0,26.0,0.0
36000.0,6000.0,0.0,22.0,0.0
49000.0,3500.0,0.0,24.0,0.0
49000.0,2500.0,0.0,25.0,0.0
36000.0,6000.0,0.0,22.0,0.0
36000.0,6000.0,0.0,23.0,0.0
36000.0,6000.0,0.0,25.0,0.0
49000.0,4000.0,0.0,22.0,0.0
49000.0,8500.0,0.0,22.0,0.0
36000.0,6000.0,0.0,22.0,0.0
36000.0,6000.0,0.0,21.0,0.0
49000.0,7000.0,0.0,22.0,0.0
30000.0,6000.0,1.0,23.0,1.0
36000.0,6000.0,0.0,23.0,0.0
49000.0,20000.0,1.0,24.0,0.0
49000.0,7000.0,1.0,24.0,0.0
36000.0,6000.0,0.0,22.0,0.0
49032.0,2400.0,0.0,22.0,0.0
49140.0,3000.0,0.0,22.0,0.0
49152.0,3000.0,0.0,25.0,0.0
36000.0,6000.0,0.0,24.0,0.0
30000.0,6000.0,1.0,24.0,1.0
30000.0,6000.0,1.0,25.0,1.0
30000.0,6000.0,1.0,21.0,1.0
49200.0,4800.0,0.0,22.0,0.0
49200.0,5600.0,0.0,25.0,0.0
30000.0,6000.0,0.0,26.0,1.0
49200.0,6000.0,0.0,25.0,0.0
49200.0,4000.0,0.0,24.0,0.0
49200.0,10750.0,0.0,26.0,0.0
49200.0,4800.0,0.0,26.0,0.0
36100.0,6000.0,0.0,23.0,0.0
36250.0,6000.0,1.0,22.0,0.0
36450.0,6000.0,0.0,21.0,0.0
36628.0,6000.0,0.0,22.0,0.0
36852.0,6000.0,0.0,25.0,0.0
31000.0,6000.0,0.0,23.0,1.0
37000.0,6000.0,0.0,24.0,0.0
49344.0,8500.0,0.0,24.0,0.0
37000.0,6000.0,0.0,24.0,0.0
37000.0,6000.0,0.0,22.0,0.0
49441.0,12000.0,0.0,26.0,0.0
37200.0,6000.0,0.0,21.0,0.0
37200.0,6000.0,0.0,24.0,0.0
37500.0,6000.0,0.0,22.0,0.0
37920.0,6000.0,0.0,24.0,0.0
49500.0,10000.0,0.0,22.0,0.0
32000.0,6000.0,1.0,25.0,1.0
49500.0,2400.0,0.0,25.0,0.0
38000.0,6000.0,0.0,25.0,0.0
38000.0,6000.0,1.0,22.0,0.0
49500.0,9250.0,1.0,25.0,0.0
38000.0,6000.0,0.0,24.0,0.0
38000.0,6000.0,0.0,23.0,0.0
49536.0,5200.0,0.0,22.0,0.0
38004.0,6000.0,0.0,25.0,0.0
43590.0,8000.0,0.0,24.0,1.0
49600.0,10000.0,1.0,22.0,0.0
49600.0,2500.0,0.0,24.0,0.0
49600.0,10000.0,1.0,25.0,0.0
43633.0,9000.0,0.0,25.0,1.0
33000.0,6000.0,0.0,24.0,1.0
49713.0,12000.0,0.0,25.0,0.0
49716.0,8000.0,0.0,25.0,0.0
39000.0,6000.0,0.0,21.0,0.0
39000.0,6000.0,0.0,22.0,0.0
33600.0,6000.0,1.0,25.0,1.0
39900.0,6000.0,0.0,21.0,0.0
39996.0,6000.0,0.0,23.0,0.0
39996.0,6000.0,0.0,25.0,0.0
39996.0,6000.0,0.0,23.0,0.0
49920.0,3325.0,0.0,25.0,0.0
40000.0,6000.0,0.0,25.0,0.0
40000.0,6000.0,0.0,22.0,0.0
49920.0,10000.0,0.0,22.0,0.0
49992.0,6000.0,0.0,26.0,0.0
49995.0,10000.0,0.0,26.0,0.0
40000.0,6000.0,0.0,24.0,0.0
50000.0,10000.0,0.0,23.0,0.0
40000.0,6000.0,1.0,24.0,0.0
40000.0,6000.0,0.0,25.0,0.0
50000.0,22000.0,0.0,22.0,0.0
40000.0,6000.0,0.0,22.0,0.0
50000.0,10000.0,1.0,25.0,0.0
40000.0,6000.0,0.0,23.0,0.0
40000.0,6000.0,0.0,25.0,0.0
50000.0,20000.0,0.0,25.0,0.0
40000.0,6000.0,0.0,22.0,0.0
40000.0,6000.0,0.0,23.0,0.0
50000.0,6000.0,0.0,24.0,0.0
50000.0,13000.0,0.0,22.0,0.0
40000.0,6000.0,1.0,22.0,0.0
40000.0,6000.0,0.0,23.0,0.0
50000.0,9000.0,0.0,21.0,0.0
40000.0,6000.0,0.0,22.0,0.0
40000.0,6000.0,0.0,21.0,0.0
34255.0,6000.0,1.0,23.0,1.0
50000.0,7000.0,0.0,23.0,0.0
41000.0,6000.0,0.0,24.0,0.0
50000.0,18650.0,0.0,24.0,0.0
50000.0,4800.0,0.0,22.0,0.0
41000.0,6000.0,0.0,23.0,0.0
44000.0,20000.0,1.0,26.0,1.0
41004.0,6000.0,0.0,24.0,0.0
41124.0,6000.0,0.0,23.0,0.0
50000.0,6000.0,0.0,22.0,0.0
44000.0,2200.0,0.0,24.0,1.0
35196.0,6000.0,0.0,25.0,1.0
50000.0,18650.0,0.0,25.0,0.0
42000.0,6000.0,0.0,25.0,0.0
42000.0,6000.0,0.0,22.0,0.0
42000.0,6000.0,0.0,23.0,0.0
42000.0,6000.0,0.0,26.0,0.0
50000.0,17000.0,0.0,23.0,0.0
50000.0,3000.0,0.0,23.0,0.0
50000.0,11200.0,1.0,25.0,0.0
42000.0,6000.0,0.0,24.0,0.0
50000.0,12500.0,0.0,25.0,0.0
50000.0,15000.0,0.0,24.0,0.0
42000.0,6000.0,0.0,26.0,0.0
42000.0,6000.0,0.0,26.0,0.0
50000.0,20000.0,0.0,25.0,0.0
42996.0,6000.0,1.0,23.0,0.0
50000.0,17000.0,0.0,25.0,0.0
50000.0,8000.0,0.0,26.0,0.0
50000.0,8000.0,0.0,25.0,0.0
50000.0,2000.0,0.0,23.0,0.0
50000.0,3500.0,0.0,21.0,0.0
50000.0,2600.0,0.0,25.0,0.0
44000.0,3500.0,0.0,26.0,1.0
44000.0,6000.0,0.0,25.0,0.0
44000.0,6000.0,1.0,23.0,0.0
50000.0,8000.0,0.0,22.0,0.0
44000.0,6000.0,0.0,24.0,0.0
50000.0,12600.0,0.0,23.0,0.0
50000.0,5000.0,0.0,24.0,0.0
50000.0,10000.0,0.0,25.0,0.0
45000.0,6000.0,0.0,26.0,0.0
50000.0,7500.0,0.0,24.0,0.0
50000.0,20000.0,0.0,24.0,0.0
45000.0,6000.0,0.0,26.0,0.0
50000.0,13700.0,0.0,24.0,0.0
39000.0,6000.0,1.0,25.0,1.0
50000.0,15000.0,0.0,22.0,0.0
39000.0,6000.0,0.0,23.0,1.0
50000.0,10000.0,0.0,23.0,0.0
50000.0,12000.0,0.0,24.0,0.0
50000.0,9825.0,0.0,26.0,0.0
45000.0,6000.0,0.0,26.0,0.0
50000.0,17200.0,0.0,26.0,0.0
50000.0,9175.0,0.0,25.0,0.0
39000.0,6000.0,1.0,23.0,1.0
45000.0,6000.0,0.0,26.0,0.0
45000.0,6000.0,0.0,22.0,0.0
45000.0,6000.0,0.0,23.0,0.0
45000.0,6000.0,0.0,23.0,0.0
50000.0,12000.0,0.0,22.0,0.0
50000.0,7800.0,0.0,22.0,0.0
50000.0,5400.0,0.0,26.0,0.0
39000.0,6000.0,1.0,22.0,1.0
45000.0,6000.0,0.0,23.0,0.0
45000.0,6000.0,0.0,21.0,0.0
39396.0,6000.0,1.0,25.0,1.0
50000.0,3000.0,0.0,26.0,0.0
50000.0,7200.0,0.0,26.0,0.0
39600.0,6000.0,0.0,26.0,1.0
50000.0,15000.0,0.0,24.0,0.0
50000.0,1000.0,0.0,22.0,0.0
46000.0,6000.0,1.0,25.0,0.0
50000.0,22800.0,0.0,24.0,0.0
50000.0,9000.0,0.0,25.0,0.0
46151.0,6000.0,0.0,24.0,0.0
50000.0,8000.0,0.0,25.0,0.0
46443.0,6000.0,0.0,23.0,0.0
50000.0,4200.0,1.0,26.0,0.0
50000.0,8000.0,0.0,24.0,0.0
46500.0,6000.0,0.0,25.0,0.0
40680.0,6000.0,0.0,22.0,1.0
47000.0,6000.0,0.0,24.0,0.0
50000.0,6400.0,0.0,23.0,0.0
47000.0,6000.0,0.0,25.0,0.0
47000.0,6000.0,0.0,24.0,0.0
47000.0,6000.0,0.0,24.0,0.0
47000.0,6000.0,0.0,22.0,0.0
47000.0,6000.0,1.0,25.0,0.0
47000.0,6000.0,0.0,26.0,0.0
41500.0,6000.0,0.0,23.0,1.0
50000.0,14400.0,0.0,26.0,0.0
41628.0,6000.0,1.0,24.0,1.0
47928.0,6000.0,0.0,24.0,0.0
44000.0,5400.0,0.0,23.0,1.0
44000.0,10000.0,0.0,26.0,1.0
50000.0,2800.0,0.0,23.0,0.0
42000.0,6000.0,0.0,23.0,1.0
50000.0,8000.0,0.0,26.0,0.0
48000.0,6000.0,1.0,25.0,0.0
48000.0,6000.0,0.0,22.0,0.0
48000.0,6000.0,0.0,25.0,0.0
50000.0,11000.0,0.0,24.0,0.0
50000.0,12375.0,0.0,26.0,0.0
50000.0,3600.0,0.0,23.0,0.0
48000.0,6000.0,0.0,21.0,0.0
44000.0,6400.0,1.0,22.0,1.0
44000.0,9800.0,0.0,25.0,1.0
42000.0,6000.0,1.0,24.0,1.0
48000.0,6000.0,0.0,26.0,0.0
50000.0,7500.0,0.0,26.0,0.0
50000.0,10000.0,0.0,23.0,0.0
50000.0,9000.0,0.0,22.0,0.0
48000.0,6000.0,0.0,23.0,0.0
42000.0,6000.0,0.0,23.0,1.0
50000.0,2050.0,0.0,23.0,0.0
42000.0,6000.0,0.0,23.0,1.0
48000.0,6000.0,1.0,24.0,0.0
48500.0,6000.0,0.0,23.0,0.0
44000.0,10000.0,0.0,23.0,1.0
49000.0,6000.0,0.0,23.0,0.0
50000.0,6000.0,1.0,24.0,0.0
49152.0,6000.0,0.0,23.0,0.0
49200.0,6000.0,0.0,21.0,0.0
50000.0,8000.0,0.0,22.0,0.0
49500.0,6000.0,1.0,24.0,0.0
50000.0,5375.0,0.0,21.0,0.0
50000.0,6000.0,0.0,22.0,0.0
50000.0,6000.0,0.0,23.0,0.0
50000.0,15000.0,0.0,23.0,0.0
50000.0,6000.0,0.0,24.0,0.0
50000.0,6000.0,0.0,24.0,0.0
50000.0,6000.0,1.0,22.0,0.0
50000.0,6000.0,1.0,25.0,0.0
50000.0,9600.0,0.0,24.0,0.0
50000.0,6000.0,0.0,23.0,0.0
50000.0,6000.0,1.0,25.0,0.0
50000.0,5000.0,0.0,22.0,0.0
50000.0,3500.0,0.0,24.0,0.0
50000.0,6000.0,0.0,24.0,0.0
50000.0,12000.0,0.0,26.0,0.0
50000.0,6000.0,0.0,23.0,0.0
50000.0,7000.0,0.0,21.0,0.0
50000.0,6000.0,0.0,25.0,0.0
50000.0,6000.0,0.0,21.0,0.0
50000.0,6000.0,0.0,22.0,0.0
50000.0,15000.0,0.0,24.0,0.0
50000.0,6000.0,0.0,23.0,0.0
44000.0,5000.0,0.0,22.0,1.0
50000.0,10800.0,0.0,26.0,0.0
50000.0,4800.0,0.0,23.0,0.0
50000.0,6000.0,0.0,22.0,0.0
50000.0,7000.0,0.0,23.0,0.0
50000.0,6000.0,0.0,22.0,0.0
50000.0,6400.0,0.0,22.0,0.0
44000.0,11500.0,0.0,26.0,1.0
50508.0,6000.0,0.0,22.0,0.0
50000.0,5000.0,0.0,24.0,0.0
50000.0,6000.0,0.0,23.0,0.0
50650.0,6000.0,0.0,22.0,0.0
50000.0,3000.0,0.0,24.0,0.0
50740.0,6000.0,0.0,24.0,0.0
45000.0,6000.0,0.0,24.0,1.0
50000.0,10000.0,0.0,25.0,0.0
51356.0,6000.0,0.0,26.0,0.0
51500.0,6000.0,0.0,26.0,0.0
51541.0,6000.0,0.0,25.0,0.0
45928.0,6000.0,0.0,26.0,1.0
52000.0,6000.0,0.0,23.0,0.0
50000.0,8000.0,0.0,25.0,0.0
52000.0,6000.0,1.0,25.0,0.0
52000.0,6000.0,1.0,25.0,0.0
52000.0,6000.0,0.0,26.0,0.0
52800.0,6000.0,0.0,24.0,0.0
50000.0,6400.0,0.0,22.0,0.0
53000.0,6000.0,0.0,25.0,0.0
50000.0,5000.0,0.0,22.0,0.0
53000.0,6000.0,0.0,24.0,0.0
50000.0,6000.0,0.0,23.0,0.0
53819.0,6000.0,0.0,22.0,0.0
50000.0,6800.0,0.0,22.0,0.0
50000.0,6000.0,0.0,22.0,0.0
54000.0,6000.0,0.0,22.0,0.0
54000.0,6000.0,0.0,24.0,0.0
48000.0,6000.0,0.0,26.0,1.0
54000.0,6000.0,0.0,25.0,0.0
54000.0,6000.0,1.0,23.0,0.0
50000.0,8800.0,0.0,22.0,0.0
50000.0,12000.0,0.0,22.0,0.0
50000.0,4000.0,1.0,25.0,0.0
48700.0,6000.0,0.0,26.0,1.0
54996.0,6000.0,0.0,22.0,0.0
50000.0,15000.0,0.0,26.0,0.0
55000.0,6000.0,0.0,25.0,0.0
55000.0,6000.0,1.0,22.0,0.0
50000.0,14400.0,0.0,23.0,0.0
55000.0,6000.0,0.0,22.0,0.0
55000.0,6000.0,0.0,24.0,0.0
55000.0,6000.0,0.0,22.0,0.0
50000.0,7000.0,0.0,24.0,0.0
55000.0,6000.0,0.0,23.0,0.0
55000.0,6000.0,0.0,22.0,0.0
49000.0,6000.0,0.0,21.0,1.0
55000.0,6000.0,0.0,26.0,0.0
55000.0,6000.0,0.0,22.0,0.0
50000.0,5150.0,0.0,22.0,0.0
50000.0,12000.0,0.0,24.0,0.0
49000.0,6000.0,1.0,21.0,1.0
55000.0,6000.0,0.0,26.0,0.0
55000.0,6000.0,0.0,21.0,0.0
55000.0,6000.0,0.0,22.0,0.0
50000.0,7000.0,0.0,22.0,0.0
49200.0,6000.0,1.0,26.0,1.0
56000.0,6000.0,0.0,23.0,0.0
50000.0,6600.0,1.0,25.0,0.0
50000.0,6000.0,0.0,24.0,0.0
56000.0,6000.0,0.0,25.0,0.0
50000.0,5000.0,0.0,25.0,0.0
50000.0,12800.0,0.0,22.0,0.0
50000.0,6000.0,0.0,23.0,1.0
57000.0,6000.0,0.0,24.0,0.0
57000.0,6000.0,0.0,25.0,0.0
58000.0,6000.0,0.0,22.0,0.0
58000.0,6000.0,0.0,25.0,0.0
50000.0,15000.0,0.0,21.0,0.0
50000.0,15250.0,0.0,23.0,0.0
58000.0,6000.0,1.0,24.0,0.0
52800.0,6000.0,0.0,22.0,1.0
50000.0,10000.0,0.0,22.0,0.0
50000.0,8000.0,0.0,22.0,0.0
59366.0,6000.0,0.0,25.0,0.0
59400.0,6000.0,0.0,24.0,0.0
50000.0,25000.0,1.0,24.0,0.0
59785.0,6000.0,0.0,23.0,0.0
50000.0,12800.0,0.0,22.0,0.0
50000.0,2500.0,0.0,25.0,0.0
60000.0,6000.0,0.0,22.0,0.0
50000.0,5600.0,0.0,22.0,0.0
60000.0,6000.0,0.0,22.0,0.0
54000.0,6000.0,1.0,23.0,1.0
54000.0,6000.0,0.0,24.0,1.0
60000.0,6000.0,1.0,25.0,0.0
54000.0,6000.0,1.0,23.0,1.0
50000.0,1800.0,0.0,26.0,0.0
50000.0,10000.0,0.0,26.0,0.0
50000.0,9000.0,0.0,24.0,0.0
50000.0,4800.0,1.0,25.0,0.0
60000.0,6000.0,0.0,24.0,0.0
50000.0,1500.0,0.0,23.0,0.0
50000.0,8000.0,0.0,23.0,0.0
54000.0,6000.0,0.0,23.0,1.0
60000.0,6000.0,0.0,24.0,0.0
50000.0,5000.0,0.0,22.0,0.0
50000.0,3250.0,0.0,26.0,0.0
44000.0,8500.0,0.0,23.0,1.0
50000.0,4000.0,0.0,23.0,0.0
50000.0,12000.0,0.0,25.0,0.0
62000.0,6000.0,0.0,21.0,0.0
24000.0,7125.0,0.0,22.0,0.0
50000.0,15000.0,0.0,22.0,0.0
25279.0,7125.0,1.0,23.0,0.0
26124.0,7125.0,0.0,22.0,0.0
70000.0,7125.0,0.0,24.0,0.0
50000.0,10000.0,0.0,22.0,0.0
15000.0,7100.0,0.0,26.0,1.0
25000.0,7100.0,0.0,23.0,0.0
50000.0,5000.0,0.0,25.0,0.0
33000.0,7100.0,1.0,25.0,1.0
50000.0,20000.0,0.0,23.0,0.0
44400.0,7100.0,0.0,23.0,1.0
95000.0,7100.0,0.0,25.0,0.0
96000.0,7075.0,0.0,25.0,0.0
50000.0,2500.0,0.0,22.0,0.0
30500.0,7025.0,0.0,22.0,1.0
10000.0,7000.0,0.0,22.0,1.0
50000.0,18000.0,0.0,25.0,0.0
50000.0,6000.0,0.0,22.0,0.0
15090.0,7000.0,0.0,22.0,1.0
18000.0,7000.0,0.0,22.0,1.0
50000.0,6000.0,0.0,25.0,0.0
18000.0,7000.0,0.0,23.0,1.0
18000.0,7000.0,0.0,21.0,1.0
50000.0,6250.0,0.0,22.0,0.0
19200.0,7000.0,0.0,21.0,1.0
19200.0,7000.0,1.0,25.0,1.0
21600.0,7000.0,0.0,23.0,1.0
21600.0,7000.0,1.0,21.0,1.0
22480.0,7000.0,0.0,26.0,1.0
22500.0,7000.0,0.0,22.0,1.0
22680.0,7000.0,0.0,24.0,1.0
50000.0,7000.0,1.0,23.0,0.0
22884.0,7000.0,0.0,26.0,1.0
44000.0,2000.0,1.0,23.0,1.0
50000.0,9000.0,0.0,23.0,0.0
50000.0,10000.0,0.0,26.0,0.0
23000.0,7000.0,1.0,25.0,1.0
50000.0,2500.0,0.0,22.0,0.0
24000.0,7000.0,0.0,22.0,0.0
24000.0,7000.0,0.0,26.0,0.0
24000.0,7000.0,0.0,24.0,1.0
50000.0,2000.0,0.0,22.0,0.0
50000.0,5000.0,0.0,23.0,0.0
50000.0,6000.0,0.0,22.0,0.0
50000.0,5000.0,0.0,26.0,0.0
44000.0,15000.0,0.0,24.0,1.0
24000.0,7000.0,1.0,25.0,1.0
24996.0,7000.0,0.0,22.0,0.0
25000.0,7000.0,0.0,21.0,0.0
50000.0,10500.0,1.0,22.0,0.0
63000.0,6000.0,0.0,22.0,0.0
63000.0,6000.0,0.0,26.0,0.0
63402.0,6000.0,0.0,23.0,0.0
57500.0,6000.0,0.0,25.0,1.0
58668.0,6000.0,1.0,24.0,1.0
65000.0,6000.0,0.0,23.0,0.0
65000.0,6000.0,0.0,23.0,0.0
65000.0,6000.0,1.0,26.0,0.0
59000.0,6000.0,0.0,25.0,1.0
44000.0,15000.0,0.0,23.0,1.0
50000.0,11000.0,0.0,22.0,0.0
65000.0,6000.0,1.0,25.0,0.0
59000.0,6000.0,0.0,24.0,1.0
65000.0,6000.0,0.0,23.0,0.0
65004.0,6000.0,0.0,25.0,0.0
65004.0,6000.0,0.0,21.0,0.0
50000.0,20000.0,0.0,22.0,0.0
65100.0,6000.0,0.0,22.0,0.0
66000.0,6000.0,0.0,22.0,0.0
44000.0,5550.0,1.0,25.0,1.0
66400.0,6000.0,0.0,26.0,0.0
67644.0,6000.0,0.0,24.0,0.0
50000.0,3000.0,0.0,24.0,0.0
62065.0,6000.0,0.0,26.0,1.0
44000.0,12000.0,1.0,26.0,1.0
68250.0,6000.0,1.0,22.0,0.0
50000.0,12500.0,0.0,24.0,0.0
68496.0,6000.0,0.0,25.0,0.0
69000.0,6000.0,0.0,22.0,0.0
44000.0,16000.0,1.0,22.0,1.0
69000.0,6000.0,0.0,23.0,0.0
63400.0,6000.0,1.0,26.0,1.0
69500.0,6000.0,0.0,22.0,0.0
50000.0,9800.0,1.0,22.0,0.0
69528.0,6000.0,1.0,22.0,0.0
69780.0,6000.0,0.0,26.0,0.0
69996.0,6000.0,0.0,24.0,0.0
70000.0,6000.0,0.0,26.0,0.0
44000.0,15000.0,0.0,21.0,1.0
70000.0,6000.0,0.0,23.0,0.0
50000.0,6400.0,0.0,22.0,0.0
50000.0,15000.0,0.0,26.0,0.0
70000.0,6000.0,0.0,25.0,0.0
70000.0,6000.0,0.0,26.0,0.0
50000.0,6000.0,0.0,24.0,0.0
50000.0,11400.0,0.0,24.0,0.0
70000.0,6000.0,0.0,23.0,0.0
70000.0,6000.0,0.0,22.0,0.0
50000.0,4000.0,0.0,22.0,0.0
50000.0,8600.0,0.0,23.0,0.0
50000.0,10000.0,1.0,26.0,0.0
50000.0,10200.0,0.0,23.0,0.0
50000.0,1000.0,0.0,24.0,0.0
65074.0,6000.0,1.0,23.0,1.0
50000.0,5000.0,0.0,24.0,0.0
50000.0,7500.0,1.0,25.0,0.0
44000.0,7500.0,0.0,24.0,1.0
66000.0,6000.0,1.0,26.0,1.0
50000.0,14000.0,0.0,23.0,0.0
72000.0,6000.0,0.0,21.0,0.0
72000.0,6000.0,0.0,24.0,0.0
44000.0,7500.0,0.0,25.0,1.0
44000.0,7500.0,0.0,21.0,1.0
72000.0,6000.0,0.0,25.0,0.0
50000.0,16000.0,0.0,22.0,0.0
73000.0,6000.0,0.0,23.0,0.0
50000.0,13000.0,1.0,26.0,0.0
73500.0,6000.0,1.0,23.0,0.0
50000.0,15000.0,0.0,22.0,0.0
57800.0,6000.0,0.0,23.0,1.0
44000.0,6000.0,0.0,21.0,1.0
50000.0,6400.0,0.0,25.0,0.0
50000.0,20000.0,0.0,26.0,0.0
74000.0,6000.0,0.0,23.0,0.0
74500.0,6000.0,0.0,25.0,0.0
74970.0,6000.0,0.0,26.0,0.0
75000.0,6000.0,0.0,23.0,0.0
75000.0,6000.0,0.0,23.0,0.0
75000.0,6000.0,0.0,23.0,0.0
50004.0,2700.0,0.0,23.0,0.0
69000.0,6000.0,1.0,23.0,1.0
50004.0,10000.0,0.0,25.0,0.0
75000.0,6000.0,1.0,23.0,0.0
75000.0,6000.0,0.0,23.0,0.0
50004.0,10000.0,0.0,24.0,0.0
50004.0,14000.0,0.0,22.0,0.0
78000.0,6000.0,0.0,23.0,0.0
78000.0,6000.0,0.0,25.0,0.0
50004.0,16000.0,0.0,23.0,0.0
50004.0,5000.0,1.0,22.0,0.0
50004.0,5000.0,0.0,26.0,0.0
44004.0,9000.0,1.0,22.0,1.0
80000.0,6000.0,0.0,25.0,0.0
80490.0,6000.0,0.0,24.0,0.0
50004.0,12000.0,0.0,22.0,0.0
44004.0,11000.0,0.0,22.0,1.0
80607.0,6000.0,0.0,23.0,0.0
50004.0,2500.0,0.0,22.0,0.0
50004.0,5000.0,0.0,26.0,0.0
82000.0,6000.0,0.0,25.0,0.0
82000.0,6000.0,0.0,26.0,0.0
50004.0,2000.0,1.0,23.0,0.0
50004.0,11000.0,1.0,26.0,0.0
84000.0,6000.0,0.0,23.0,0.0
50031.0,2000.0,0.0,21.0,0.0
84000.0,6000.0,0.0,25.0,0.0
50052.0,15000.0,0.0,23.0,0.0
84996.0,6000.0,0.0,24.0,0.0
50129.0,11400.0,0.0,23.0,0.0
85000.0,6000.0,0.0,25.0,0.0
50205.0,5300.0,0.0,23.0,0.0
73000.0,6000.0,0.0,25.0,1.0
86000.0,6000.0,0.0,21.0,0.0
50280.0,10000.0,0.0,25.0,0.0
50285.0,7000.0,1.0,22.0,0.0
50300.0,1000.0,1.0,25.0,0.0
86000.0,6000.0,0.0,22.0,0.0
50364.0,6000.0,0.0,22.0,0.0
50400.0,8375.0,0.0,23.0,0.0
50400.0,24000.0,0.0,26.0,0.0
50400.0,12000.0,0.0,22.0,0.0
50400.0,3000.0,0.0,25.0,0.0
89772.0,6000.0,1.0,24.0,0.0
90000.0,6000.0,0.0,25.0,0.0
78000.0,6000.0,0.0,26.0,1.0
44400.0,6000.0,0.0,25.0,1.0
50400.0,7000.0,0.0,23.0,0.0
50400.0,2500.0,0.0,23.0,0.0
50400.0,11200.0,0.0,23.0,0.0
90000.0,6000.0,0.0,25.0,0.0
90000.0,6000.0,0.0,23.0,0.0
79650.0,6000.0,1.0,24.0,1.0
92000.0,6000.0,0.0,23.0,0.0
81000.0,6000.0,0.0,26.0,1.0
50400.0,12000.0,0.0,25.0,0.0
50400.0,12000.0,0.0,22.0,0.0
95000.0,6000.0,0.0,26.0,0.0
95000.0,6000.0,0.0,24.0,0.0
50400.0,6000.0,0.0,25.0,0.0
50400.0,6725.0,0.0,26.0,0.0
96000.0,6000.0,0.0,25.0,0.0
96500.0,6000.0,0.0,24.0,0.0
98000.0,6000.0,0.0,26.0,0.0
100000.0,6000.0,0.0,25.0,0.0
50460.0,6000.0,0.0,21.0,0.0
50496.0,3000.0,0.0,24.0,0.0
100000.0,6000.0,0.0,22.0,0.0
100000.0,6000.0,1.0,22.0,0.0
100000.0,6000.0,1.0,25.0,0.0
92000.0,6000.0,0.0,26.0,1.0
105000.0,6000.0,0.0,22.0,0.0
50500.0,6000.0,0.0,22.0,0.0
93000.0,6000.0,0.0,22.0,1.0
105500.0,6000.0,0.0,22.0,0.0
95000.0,6000.0,0.0,23.0,1.0
50508.0,7500.0,0.0,23.0,0.0
50600.0,3000.0,0.0,25.0,0.0
50648.0,8000.0,0.0,26.0,0.0
50700.0,4500.0,0.0,24.0,0.0
120000.0,6000.0,0.0,24.0,0.0
120000.0,6000.0,0.0,26.0,0.0
125000.0,6000.0,0.0,26.0,0.0
140000.0,6000.0,0.0,26.0,0.0
150000.0,6000.0,0.0,25.0,0.0
50750.0,10000.0,0.0,22.0,0.0
38000.0,6025.0,0.0,26.0,0.0
42000.0,6025.0,0.0,23.0,0.0
50000.0,6075.0,0.0,25.0,0.0
50988.0,4200.0,0.0,25.0,0.0
51000.0,16000.0,0.0,22.0,0.0
19200.0,6150.0,0.0,25.0,1.0
35713.0,6150.0,1.0,24.0,0.0
45000.0,10625.0,1.0,24.0,1.0
77385.0,6150.0,0.0,24.0,0.0
51000.0,4000.0,0.0,23.0,0.0
51000.0,10000.0,0.0,23.0,0.0
19200.0,6200.0,0.0,23.0,1.0
51000.0,9000.0,0.0,26.0,0.0
20000.0,6200.0,0.0,26.0,1.0
51000.0,6000.0,0.0,23.0,0.0
26000.0,6200.0,0.0,24.0,1.0
51000.0,10000.0,0.0,22.0,0.0
29004.0,6200.0,1.0,22.0,0.0
39996.0,6200.0,0.0,26.0,0.0
40000.0,6200.0,0.0,22.0,0.0
42500.0,6200.0,0.0,23.0,0.0
45000.0,6200.0,0.0,22.0,0.0
51000.0,8000.0,0.0,23.0,0.0
51000.0,4000.0,0.0,26.0,0.0
46200.0,6200.0,0.0,22.0,0.0
51000.0,15825.0,0.0,26.0,0.0
51000.0,3000.0,0.0,25.0,0.0
51000.0,2400.0,0.0,23.0,0.0
56000.0,6200.0,0.0,23.0,0.0
60000.0,6200.0,0.0,23.0,0.0
51000.0,4200.0,0.0,25.0,0.0
51000.0,12000.0,0.0,26.0,0.0
45000.0,5000.0,0.0,23.0,1.0
51000.0,16750.0,0.0,25.0,0.0
65000.0,6200.0,0.0,24.0,0.0
69000.0,6200.0,0.0,26.0,0.0
51000.0,6000.0,0.0,22.0,0.0
51000.0,12000.0,0.0,26.0,0.0
72000.0,6200.0,0.0,22.0,0.0
51000.0,7600.0,0.0,25.0,0.0
45000.0,6225.0,1.0,23.0,0.0
63250.0,6225.0,0.0,21.0,0.0
51000.0,7000.0,0.0,22.0,0.0
51000.0,10000.0,0.0,23.0,0.0
51000.0,9000.0,0.0,24.0,0.0
19200.0,6250.0,0.0,22.0,1.0
19200.0,6250.0,1.0,25.0,1.0
51000.0,6000.0,0.0,24.0,0.0
19250.0,6250.0,1.0,23.0,1.0
51000.0,13000.0,1.0,22.0,0.0
21000.0,6250.0,0.0,21.0,0.0
23000.0,6250.0,1.0,21.0,0.0
23000.0,6250.0,0.0,22.0,0.0
51000.0,7000.0,0.0,25.0,0.0
51000.0,16000.0,1.0,23.0,0.0
24000.0,6250.0,1.0,25.0,0.0
24000.0,6250.0,0.0,23.0,0.0
26000.0,6250.0,0.0,24.0,0.0
51000.0,6000.0,0.0,21.0,0.0
27000.0,6250.0,1.0,22.0,1.0
55000.0,7000.0,0.0,22.0,0.0
51000.0,3600.0,0.0,24.0,0.0
55000.0,7000.0,0.0,24.0,0.0
51000.0,15200.0,0.0,22.0,0.0
51000.0,10000.0,1.0,24.0,0.0
51000.0,10000.0,0.0,26.0,0.0
56000.0,7000.0,0.0,22.0,0.0
45000.0,8000.0,1.0,21.0,1.0
56000.0,7000.0,0.0,24.0,0.0
51000.0,8500.0,0.0,24.0,0.0
56000.0,7000.0,0.0,26.0,0.0
50000.0,7000.0,0.0,25.0,1.0
56004.0,7000.0,0.0,25.0,0.0
57960.0,7000.0,1.0,23.0,0.0
52000.0,7000.0,0.0,23.0,1.0
51000.0,8000.0,0.0,24.0,0.0
60000.0,7000.0,0.0,26.0,0.0
51024.0,2000.0,1.0,24.0,0.0
51036.0,15000.0,0.0,23.0,0.0
60000.0,7000.0,0.0,22.0,0.0
60000.0,7000.0,0.0,23.0,0.0
51072.0,13000.0,0.0,24.0,0.0
54000.0,7000.0,0.0,25.0,1.0
51168.0,15500.0,0.0,22.0,0.0
54000.0,7000.0,1.0,24.0,1.0
60000.0,7000.0,0.0,25.0,0.0
60000.0,7000.0,0.0,25.0,0.0
60000.0,7000.0,0.0,23.0,0.0
60000.0,7000.0,0.0,26.0,0.0
51300.0,11000.0,0.0,25.0,0.0
60000.0,7000.0,0.0,25.0,0.0
60000.0,7000.0,0.0,24.0,0.0
51300.0,11200.0,1.0,22.0,0.0
60000.0,7000.0,0.0,25.0,0.0
51319.0,20000.0,0.0,23.0,0.0
60000.0,7000.0,0.0,22.0,0.0
60000.0,7000.0,0.0,22.0,0.0
54000.0,7000.0,1.0,22.0,1.0
60000.0,7000.0,0.0,24.0,0.0
54000.0,7000.0,0.0,22.0,1.0
60000.0,7000.0,0.0,24.0,0.0
60140.0,7000.0,0.0,24.0,0.0
51480.0,12000.0,0.0,24.0,0.0
51480.0,3000.0,0.0,22.0,0.0
45480.0,4400.0,0.0,23.0,1.0
51492.0,13800.0,0.0,25.0,0.0
60500.0,7000.0,0.0,22.0,0.0
51500.0,15000.0,0.0,26.0,0.0
51500.0,6300.0,0.0,24.0,0.0
62000.0,7000.0,0.0,23.0,0.0
51500.0,9600.0,1.0,26.0,0.0
51500.0,4000.0,0.0,24.0,0.0
51500.0,7500.0,0.0,22.0,0.0
62000.0,7000.0,0.0,25.0,0.0
51600.0,7200.0,0.0,23.0,0.0
63000.0,7000.0,0.0,26.0,0.0
64000.0,7000.0,0.0,22.0,0.0
51600.0,4200.0,0.0,22.0,0.0
51600.0,5000.0,0.0,23.0,0.0
64600.0,7000.0,0.0,23.0,0.0
64800.0,7000.0,0.0,25.0,0.0
65000.0,7000.0,1.0,22.0,0.0
51600.0,7000.0,1.0,22.0,0.0
65000.0,7000.0,0.0,22.0,0.0
65000.0,7000.0,0.0,22.0,0.0
51600.0,15000.0,0.0,26.0,0.0
51600.0,20000.0,0.0,24.0,0.0
65000.0,7000.0,0.0,23.0,0.0
51669.0,12000.0,0.0,25.0,0.0
51684.0,4000.0,0.0,25.0,0.0
51700.0,13200.0,0.0,26.0,0.0
51800.0,7200.0,0.0,22.0,0.0
51800.0,5000.0,0.0,21.0,0.0
65000.0,7000.0,0.0,24.0,0.0
51852.0,10000.0,0.0,23.0,0.0
65000.0,7000.0,0.0,23.0,0.0
51900.0,14100.0,0.0,22.0,0.0
66000.0,7000.0,0.0,23.0,0.0
51992.0,15000.0,0.0,24.0,0.0
66000.0,7000.0,0.0,22.0,0.0
51996.0,7000.0,0.0,24.0,0.0
66000.0,7000.0,0.0,24.0,0.0
60000.0,7000.0,0.0,24.0,1.0
51996.0,18000.0,0.0,21.0,0.0
51996.0,18000.0,0.0,26.0,0.0
51996.0,5000.0,0.0,23.0,0.0
51996.0,12000.0,0.0,24.0,0.0
67000.0,7000.0,0.0,25.0,0.0
45996.0,11000.0,0.0,25.0,1.0
67550.0,7000.0,0.0,26.0,0.0
67752.0,7000.0,0.0,23.0,0.0
51996.0,8400.0,1.0,22.0,0.0
68700.0,7000.0,0.0,23.0,0.0
69500.0,7000.0,1.0,25.0,0.0
70000.0,7000.0,1.0,25.0,0.0
51996.0,6000.0,0.0,22.0,0.0
70356.0,7000.0,0.0,25.0,0.0
51996.0,6000.0,0.0,22.0,0.0
51996.0,9600.0,0.0,22.0,0.0
72000.0,7000.0,0.0,23.0,0.0
72000.0,7000.0,1.0,23.0,0.0
72000.0,7000.0,0.0,26.0,0.0
66348.0,7000.0,0.0,23.0,1.0
45996.0,17000.0,1.0,21.0,1.0
72700.0,7000.0,1.0,25.0,0.0
51996.0,1500.0,0.0,26.0,0.0
75000.0,7000.0,0.0,23.0,0.0
75000.0,7000.0,0.0,26.0,0.0
75000.0,7000.0,0.0,25.0,0.0
75000.0,7000.0,0.0,24.0,0.0
46000.0,9500.0,0.0,23.0,1.0
75000.0,7000.0,0.0,22.0,0.0
52000.0,12000.0,0.0,22.0,0.0
75800.0,7000.0,0.0,23.0,0.0
76000.0,7000.0,0.0,22.0,0.0
52000.0,6000.0,0.0,22.0,0.0
78300.0,7000.0,0.0,24.0,0.0
52000.0,18000.0,0.0,24.0,0.0
79000.0,7000.0,0.0,24.0,0.0
80000.0,7000.0,0.0,22.0,0.0
74000.0,7000.0,0.0,23.0,1.0
80000.0,7000.0,0.0,22.0,0.0
80000.0,7000.0,0.0,23.0,0.0
80400.0,7000.0,0.0,26.0,0.0
52000.0,12800.0,0.0,23.0,0.0
82000.0,7000.0,0.0,24.0,0.0
52000.0,14500.0,0.0,25.0,0.0
76000.0,7000.0,0.0,23.0,1.0
52000.0,22000.0,0.0,23.0,0.0
83000.0,7000.0,1.0,26.0,0.0
52000.0,8400.0,0.0,23.0,0.0
52000.0,13200.0,0.0,21.0,0.0
52000.0,6000.0,0.0,26.0,0.0
52000.0,10000.0,0.0,26.0,0.0
83236.0,7000.0,0.0,23.0,0.0
52000.0,5000.0,0.0,21.0,0.0
66300.0,7000.0,0.0,25.0,1.0
52000.0,2000.0,0.0,21.0,0.0
52000.0,13250.0,0.0,21.0,0.0
52000.0,3300.0,0.0,26.0,0.0
85000.0,7000.0,0.0,26.0,0.0
27311.0,6250.0,1.0,24.0,0.0
52000.0,6000.0,0.0,25.0,0.0
28500.0,6250.0,0.0,22.0,1.0
29000.0,6250.0,0.0,24.0,0.0
29100.0,6250.0,1.0,22.0,1.0
29120.0,6250.0,1.0,25.0,0.0
46000.0,7000.0,0.0,26.0,1.0
46000.0,6000.0,0.0,25.0,1.0
38400.0,6250.0,0.0,23.0,0.0
52000.0,8000.0,0.0,26.0,0.0
54000.0,6250.0,0.0,23.0,0.0
30000.0,6300.0,0.0,21.0,0.0
90000.0,7000.0,0.0,24.0,0.0
90000.0,7000.0,0.0,22.0,0.0
46000.0,29100.0,1.0,24.0,1.0
52000.0,20000.0,1.0,22.0,0.0
52000.0,2650.0,1.0,22.0,0.0
90000.0,7000.0,0.0,25.0,0.0
95000.0,7000.0,0.0,25.0,0.0
70550.0,7000.0,0.0,22.0,1.0
96000.0,7000.0,0.0,24.0,0.0
97000.0,7000.0,0.0,26.0,0.0
99100.0,7000.0,0.0,26.0,0.0
100840.0,7000.0,0.0,26.0,0.0
52000.0,9000.0,0.0,24.0,0.0
105000.0,7000.0,0.0,22.0,0.0
110000.0,7000.0,0.0,24.0,0.0
52000.0,3000.0,0.0,24.0,0.0
52000.0,15000.0,0.0,24.0,0.0
111000.0,7000.0,0.0,23.0,0.0
52000.0,14500.0,0.0,24.0,0.0
115200.0,7000.0,0.0,22.0,0.0
52000.0,8500.0,0.0,25.0,0.0
52000.0,9750.0,0.0,22.0,0.0
52000.0,5000.0,1.0,26.0,0.0
118000.0,7000.0,0.0,24.0,0.0
52000.0,6500.0,0.0,26.0,0.0
120000.0,7000.0,0.0,23.0,0.0
52000.0,6000.0,0.0,25.0,0.0
52000.0,24500.0,0.0,25.0,0.0
150000.0,7000.0,0.0,26.0,0.0
28000.0,6975.0,0.0,22.0,0.0
52000.0,10750.0,0.0,26.0,0.0
25000.0,6950.0,1.0,24.0,1.0
30000.0,6300.0,0.0,23.0,0.0
52000.0,7000.0,1.0,24.0,0.0
30000.0,6300.0,1.0,22.0,0.0
37000.0,6300.0,0.0,26.0,0.0
42504.0,6300.0,0.0,21.0,0.0
46000.0,12000.0,1.0,24.0,1.0
50724.0,6300.0,1.0,22.0,0.0
52000.0,1200.0,1.0,24.0,0.0
46000.0,12000.0,0.0,24.0,1.0
52000.0,12000.0,0.0,25.0,0.0
52000.0,3000.0,0.0,22.0,0.0
54503.0,6300.0,0.0,25.0,0.0
58650.0,6300.0,1.0,24.0,1.0
84000.0,6300.0,0.0,25.0,0.0
25000.0,6325.0,0.0,25.0,0.0
55000.0,6325.0,0.0,26.0,0.0
60200.0,6325.0,0.0,22.0,0.0
74415.0,6350.0,1.0,23.0,1.0
32000.0,6375.0,0.0,26.0,0.0
52000.0,6000.0,0.0,23.0,0.0
20000.0,6500.0,0.0,22.0,1.0
52000.0,12000.0,1.0,24.0,0.0
21000.0,6500.0,0.0,21.0,1.0
52000.0,18000.0,0.0,22.0,0.0
52000.0,5000.0,0.0,24.0,0.0
52000.0,10000.0,0.0,26.0,0.0
52000.0,6500.0,0.0,26.0,0.0
52000.0,4000.0,0.0,24.0,0.0
52000.0,2500.0,0.0,26.0,0.0
24000.0,6500.0,0.0,24.0,0.0
52000.0,3900.0,0.0,22.0,0.0
52000.0,7800.0,0.0,24.0,0.0
52000.0,5000.0,0.0,24.0,0.0
24000.0,6500.0,0.0,21.0,0.0
25000.0,6500.0,1.0,26.0,1.0
52000.0,3500.0,0.0,24.0,0.0
52000.0,10000.0,0.0,22.0,0.0
25596.0,6500.0,0.0,26.0,0.0
52000.0,8400.0,0.0,24.0,0.0
46000.0,19750.0,1.0,25.0,1.0
46000.0,8000.0,0.0,22.0,1.0
52000.0,10000.0,0.0,23.0,0.0
52000.0,5000.0,0.0,24.0,0.0
28000.0,6500.0,0.0,26.0,0.0
30000.0,6500.0,0.0,24.0,0.0
30000.0,6500.0,1.0,22.0,0.0
52000.0,3000.0,0.0,22.0,0.0
31000.0,6500.0,0.0,22.0,0.0
32000.0,6500.0,1.0,26.0,0.0
32000.0,6500.0,0.0,23.0,0.0
32200.0,6500.0,0.0,22.0,0.0
33000.0,6500.0,0.0,22.0,0.0
33000.0,6500.0,0.0,23.0,0.0
46000.0,15250.0,0.0,24.0,1.0
52000.0,4800.0,0.0,22.0,0.0
52000.0,16000.0,0.0,21.0,0.0
46000.0,5000.0,0.0,26.0,1.0
38000.0,6500.0,1.0,24.0,0.0
52000.0,3600.0,0.0,26.0,0.0
52000.0,6000.0,0.0,25.0,0.0
52000.0,3000.0,0.0,26.0,0.0
52000.0,7000.0,0.0,21.0,0.0
52000.0,9250.0,0.0,23.0,0.0
34000.0,6500.0,1.0,22.0,1.0
52000.0,3600.0,0.0,26.0,0.0
40000.0,6500.0,0.0,25.0,0.0
40116.0,6500.0,0.0,21.0,0.0
52000.0,5000.0,0.0,24.0,0.0
52000.0,6400.0,1.0,22.0,0.0
35325.0,6500.0,0.0,22.0,1.0
42000.0,6500.0,0.0,20.0,0.0
42000.0,6500.0,1.0,25.0,0.0
36000.0,6500.0,1.0,23.0,1.0
42000.0,6500.0,0.0,22.0,0.0
42000.0,6500.0,0.0,23.0,0.0
52160.0,1750.0,0.0,25.0,0.0
52176.0,7500.0,0.0,23.0,0.0
43000.0,6500.0,0.0,21.0,0.0
52250.0,4750.0,1.0,23.0,0.0
44724.0,6500.0,0.0,23.0,0.0
45000.0,6500.0,0.0,21.0,0.0
45600.0,6500.0,0.0,26.0,0.0
46320.0,15000.0,1.0,22.0,1.0
46500.0,9500.0,0.0,22.0,1.0
52500.0,4000.0,0.0,22.0,0.0
45012.0,6500.0,0.0,22.0,1.0
52500.0,8000.0,0.0,22.0,0.0
46500.0,5000.0,0.0,23.0,1.0
53000.0,6500.0,0.0,22.0,0.0
55404.0,6500.0,0.0,21.0,0.0
59000.0,6500.0,0.0,22.0,0.0
52500.0,15250.0,0.0,26.0,0.0
52500.0,7000.0,0.0,25.0,0.0
60000.0,6500.0,0.0,22.0,0.0
52500.0,9000.0,0.0,25.0,0.0
63211.0,6500.0,0.0,22.0,0.0
66000.0,6500.0,0.0,25.0,0.0
52584.0,6400.0,0.0,22.0,0.0
46645.0,2000.0,0.0,25.0,1.0
70000.0,6500.0,0.0,23.0,0.0
72600.0,6500.0,0.0,25.0,0.0
52700.0,4000.0,0.0,26.0,0.0
52700.0,5000.0,0.0,22.0,0.0
52704.0,11000.0,0.0,25.0,0.0
52739.0,8000.0,0.0,24.0,0.0
52780.0,8000.0,0.0,23.0,0.0
75000.0,6500.0,1.0,25.0,0.0
52800.0,2625.0,0.0,23.0,0.0
80000.0,6500.0,0.0,23.0,0.0
84000.0,6500.0,0.0,25.0,0.0
52800.0,3600.0,0.0,24.0,0.0
85296.0,6500.0,1.0,25.0,0.0
46800.0,6000.0,0.0,25.0,1.0
52800.0,4000.0,0.0,22.0,0.0
52800.0,4800.0,1.0,22.0,0.0
91700.0,6500.0,0.0,24.0,0.0
92000.0,6500.0,0.0,23.0,0.0
95000.0,6500.0,0.0,24.0,0.0
52800.0,1925.0,0.0,26.0,0.0
52800.0,7000.0,0.0,22.0,0.0
52800.0,4000.0,0.0,24.0,0.0
52800.0,6000.0,1.0,22.0,0.0
47000.0,6550.0,0.0,22.0,0.0
45000.0,6575.0,0.0,23.0,0.0
86000.0,6575.0,0.0,24.0,0.0
21600.0,6600.0,1.0,24.0,1.0
46800.0,5000.0,0.0,26.0,1.0
21888.0,6600.0,0.0,23.0,0.0
30000.0,6600.0,0.0,24.0,1.0
30004.0,6600.0,0.0,22.0,0.0
34800.0,6600.0,0.0,23.0,0.0
35000.0,6600.0,0.0,26.0,0.0
36000.0,6600.0,0.0,25.0,0.0
53000.0,7200.0,0.0,25.0,0.0
53000.0,6000.0,0.0,25.0,0.0
41000.0,6600.0,1.0,26.0,0.0
41000.0,6600.0,0.0,26.0,0.0
42000.0,6600.0,0.0,25.0,0.0
41838.0,6600.0,0.0,22.0,1.0
48000.0,6600.0,0.0,23.0,0.0
53000.0,2500.0,0.0,26.0,0.0
52000.0,6600.0,0.0,23.0,0.0
53000.0,8000.0,0.0,24.0,0.0
47000.0,12000.0,0.0,25.0,1.0
53000.0,1000.0,1.0,22.0,0.0
53000.0,3000.0,0.0,21.0,0.0
53000.0,11500.0,0.0,26.0,0.0
54000.0,6600.0,1.0,26.0,0.0
60000.0,6600.0,0.0,22.0,0.0
53000.0,10800.0,0.0,25.0,0.0
60000.0,6600.0,0.0,22.0,0.0
53000.0,2800.0,0.0,26.0,0.0
64000.0,6600.0,0.0,22.0,0.0
53000.0,12000.0,0.0,26.0,0.0
53000.0,5025.0,0.0,22.0,0.0
70000.0,6600.0,1.0,23.0,0.0
53000.0,6000.0,0.0,26.0,0.0
101877.0,6600.0,0.0,25.0,0.0
53000.0,12375.0,1.0,25.0,0.0
53000.0,7350.0,1.0,22.0,0.0
13200.0,6625.0,0.0,25.0,1.0
16800.0,6625.0,0.0,23.0,1.0
28000.0,6625.0,0.0,21.0,1.0
47000.0,24000.0,0.0,22.0,1.0
28000.0,6625.0,0.0,26.0,0.0
53000.0,6850.0,0.0,24.0,0.0
53000.0,5000.0,0.0,22.0,0.0
50000.0,6625.0,0.0,24.0,0.0
53000.0,10000.0,0.0,24.0,0.0
57100.0,6625.0,1.0,24.0,0.0
34000.0,6650.0,0.0,25.0,0.0
56000.0,6650.0,0.0,24.0,0.0
53000.0,18000.0,1.0,21.0,0.0
12000.0,6700.0,0.0,22.0,1.0
24996.0,6700.0,1.0,23.0,0.0
53000.0,6600.0,1.0,22.0,0.0
27600.0,6700.0,0.0,22.0,1.0
36050.0,6700.0,1.0,22.0,1.0
53000.0,8000.0,0.0,22.0,0.0
48000.0,6700.0,0.0,22.0,0.0
72204.0,6700.0,0.0,22.0,0.0
53000.0,8000.0,0.0,26.0,0.0
85000.0,6700.0,1.0,23.0,0.0
47000.0,16000.0,1.0,23.0,1.0
53000.0,7750.0,0.0,22.0,0.0
53000.0,14400.0,0.0,21.0,0.0
53000.0,8000.0,1.0,22.0,0.0
70000.0,6725.0,0.0,23.0,0.0
41000.0,6750.0,0.0,26.0,0.0
42000.0,6750.0,0.0,25.0,1.0
75000.0,6775.0,0.0,25.0,0.0
53000.0,16000.0,0.0,26.0,0.0
53000.0,9800.0,0.0,24.0,0.0
27600.0,6800.0,0.0,23.0,0.0
53000.0,2250.0,0.0,22.0,0.0
27800.0,6800.0,0.0,22.0,0.0
53000.0,3350.0,0.0,24.0,0.0
28800.0,6800.0,0.0,25.0,0.0
29120.0,6800.0,0.0,22.0,0.0
53000.0,10000.0,0.0,22.0,0.0
30500.0,6800.0,1.0,24.0,1.0
37000.0,6800.0,0.0,22.0,0.0
53000.0,2500.0,0.0,22.0,0.0
53000.0,10750.0,0.0,25.0,0.0
53000.0,16000.0,0.0,25.0,0.0
31500.0,6800.0,0.0,22.0,1.0
38112.0,6800.0,0.0,24.0,0.0
53000.0,7200.0,0.0,24.0,0.0
41196.0,6800.0,1.0,22.0,0.0
45000.0,6800.0,0.0,21.0,0.0
53000.0,6400.0,0.0,24.0,0.0
46000.0,6800.0,1.0,23.0,1.0
46852.0,6800.0,0.0,23.0,1.0
53000.0,4000.0,0.0,22.0,0.0
53000.0,6800.0,0.0,26.0,0.0
53000.0,12000.0,0.0,21.0,0.0
53004.0,21000.0,0.0,24.0,0.0
53004.0,4800.0,0.0,25.0,0.0
53004.0,5000.0,0.0,26.0,0.0
54000.0,6800.0,0.0,24.0,0.0
53004.0,10000.0,0.0,23.0,0.0
53004.0,2400.0,0.0,24.0,0.0
53004.0,2000.0,0.0,25.0,0.0
48000.0,6800.0,0.0,23.0,1.0
53004.0,1500.0,0.0,22.0,0.0
55000.0,6800.0,0.0,23.0,0.0
55000.0,6800.0,0.0,22.0,0.0
60000.0,6800.0,0.0,24.0,0.0
65700.0,6800.0,0.0,22.0,0.0
53100.0,13000.0,0.0,26.0,0.0
68004.0,6800.0,0.0,25.0,0.0
53124.0,6500.0,0.0,22.0,0.0
47148.0,25000.0,0.0,23.0,1.0
53155.0,4000.0,0.0,26.0,0.0
53184.0,13500.0,0.0,24.0,0.0
70000.0,6800.0,0.0,25.0,0.0
77182.0,6800.0,0.0,22.0,0.0
96050.0,6500.0,0.0,25.0,1.0
25000.0,6475.0,0.0,23.0,0.0
53000.0,6475.0,0.0,25.0,0.0
80000.0,6475.0,0.0,23.0,1.0
47360.0,6000.0,1.0,26.0,1.0
53400.0,13600.0,0.0,26.0,0.0
31000.0,6450.0,1.0,25.0,1.0
53481.0,15000.0,0.0,25.0,0.0
70000.0,6425.0,0.0,24.0,0.0
20000.0,6400.0,0.0,21.0,1.0
24000.0,6400.0,0.0,21.0,0.0
25000.0,6400.0,0.0,23.0,0.0
26400.0,6400.0,0.0,24.0,0.0
28000.0,6400.0,0.0,24.0,0.0
29120.0,6400.0,0.0,25.0,1.0
30000.0,6400.0,0.0,23.0,0.0
53595.0,6000.0,0.0,26.0,0.0
53664.0,15000.0,0.0,23.0,0.0
53684.0,16000.0,1.0,21.0,0.0
30000.0,6400.0,0.0,22.0,1.0
53724.0,8600.0,0.0,23.0,0.0
53742.0,10750.0,0.0,25.0,0.0
30500.0,6400.0,0.0,25.0,0.0
31200.0,6400.0,0.0,26.0,0.0
53800.0,6000.0,0.0,24.0,0.0
47800.0,18000.0,0.0,23.0,1.0
53808.0,6000.0,0.0,22.0,0.0
31224.0,6400.0,0.0,22.0,0.0
53832.0,11700.0,0.0,22.0,0.0
53851.0,12000.0,0.0,21.0,0.0
53913.0,11500.0,0.0,22.0,0.0
53947.0,6400.0,0.0,22.0,0.0
53976.0,2000.0,0.0,23.0,0.0
31836.0,6400.0,0.0,26.0,0.0
54000.0,5000.0,0.0,22.0,0.0
32000.0,6400.0,0.0,23.0,0.0
33000.0,6400.0,0.0,24.0,0.0
34200.0,6400.0,1.0,26.0,1.0
54000.0,5000.0,0.0,26.0,0.0
35000.0,6400.0,0.0,21.0,0.0
29000.0,6400.0,1.0,22.0,1.0
54000.0,15750.0,0.0,22.0,0.0
54000.0,9600.0,0.0,26.0,0.0
54000.0,4800.0,0.0,23.0,0.0
36000.0,6400.0,0.0,26.0,0.0
54000.0,6000.0,0.0,23.0,0.0
37850.0,6400.0,0.0,26.0,0.0
54000.0,7000.0,0.0,23.0,0.0
54000.0,7000.0,0.0,22.0,0.0
54000.0,8500.0,0.0,23.0,0.0
38000.0,6400.0,0.0,25.0,0.0
39500.0,6400.0,0.0,24.0,0.0
38000.0,6400.0,0.0,22.0,1.0
54000.0,7000.0,0.0,25.0,0.0
46000.0,6400.0,0.0,26.0,0.0
54000.0,15000.0,0.0,22.0,0.0
48000.0,15000.0,0.0,26.0,1.0
54000.0,5000.0,0.0,24.0,0.0
48000.0,6500.0,1.0,22.0,1.0
54000.0,5500.0,0.0,25.0,0.0
48000.0,6400.0,1.0,26.0,0.0
54000.0,1400.0,0.0,23.0,0.0
50000.0,6400.0,0.0,25.0,0.0
48000.0,2250.0,0.0,25.0,1.0
50000.0,6400.0,0.0,23.0,0.0
54000.0,13000.0,0.0,24.0,0.0
48000.0,18000.0,1.0,21.0,1.0
50000.0,6400.0,0.0,23.0,0.0
54000.0,8500.0,0.0,24.0,0.0
55000.0,6400.0,0.0,25.0,0.0
54000.0,5000.0,0.0,22.0,0.0
54000.0,2000.0,0.0,22.0,0.0
54000.0,12000.0,1.0,25.0,0.0
54000.0,8000.0,0.0,24.0,0.0
54000.0,8000.0,0.0,24.0,0.0
54000.0,8800.0,0.0,23.0,0.0
62502.0,6400.0,0.0,22.0,0.0
62758.0,6400.0,0.0,22.0,0.0
54000.0,4000.0,0.0,24.0,0.0
54000.0,2000.0,0.0,23.0,0.0
54000.0,11000.0,0.0,24.0,0.0
65000.0,6400.0,0.0,24.0,0.0
65000.0,6400.0,0.0,24.0,0.0
54000.0,3000.0,0.0,23.0,0.0
70000.0,6400.0,0.0,21.0,0.0
54000.0,3000.0,0.0,22.0,0.0
54000.0,13000.0,0.0,25.0,0.0
71500.0,6400.0,1.0,22.0,0.0
72000.0,6400.0,0.0,22.0,0.0
54000.0,5000.0,0.0,26.0,0.0
75000.0,6400.0,1.0,25.0,0.0
69000.0,6400.0,1.0,26.0,1.0
54000.0,7200.0,0.0,26.0,0.0
54000.0,4000.0,0.0,25.0,0.0
75000.0,6400.0,0.0,24.0,0.0
76800.0,6400.0,0.0,24.0,0.0
54000.0,8000.0,0.0,25.0,0.0
54000.0,8400.0,0.0,25.0,0.0
80000.0,6400.0,0.0,24.0,0.0
54000.0,20000.0,0.0,21.0,0.0
54000.0,5100.0,0.0,25.0,0.0
93500.0,6400.0,1.0,24.0,0.0
110000.0,6400.0,0.0,22.0,0.0
54000.0,6000.0,0.0,25.0,0.0
110500.0,6400.0,0.0,25.0,0.0
112000.0,6400.0,0.0,24.0,0.0
54000.0,13200.0,0.0,22.0,0.0
54000.0,12000.0,1.0,22.0,0.0
48000.0,1400.0,1.0,23.0,1.0
77500.0,6800.0,0.0,24.0,0.0
54000.0,4000.0,0.0,24.0,0.0
54000.0,10000.0,0.0,26.0,0.0
74000.0,6800.0,1.0,24.0,1.0
48000.0,5000.0,0.0,26.0,1.0
87360.0,6800.0,0.0,26.0,0.0
54000.0,2700.0,0.0,23.0,0.0
54000.0,4000.0,0.0,22.0,0.0
124000.0,6800.0,0.0,23.0,0.0
24000.0,6825.0,0.0,24.0,0.0
37000.0,6825.0,0.0,26.0,0.0
73000.0,6825.0,0.0,23.0,0.0
47000.0,6850.0,0.0,22.0,1.0
54000.0,10000.0,0.0,23.0,0.0
60000.0,6850.0,0.0,22.0,0.0
80266.0,6875.0,0.0,25.0,0.0
54000.0,15600.0,1.0,24.0,0.0
28000.0,6900.0,0.0,22.0,0.0
33000.0,6900.0,1.0,24.0,1.0
47480.0,6900.0,0.0,24.0,0.0
58000.0,6900.0,0.0,25.0,0.0
54000.0,6000.0,0.0,23.0,0.0
48000.0,16800.0,0.0,23.0,1.0
54000.0,10000.0,0.0,26.0,0.0
54000.0,10000.0,0.0,23.0,0.0
25000.0,6925.0,0.0,21.0,0.0
54000.0,14000.0,0.0,26.0,0.0
34000.0,6925.0,0.0,26.0,1.0
78000.0,6925.0,0.0,22.0,0.0
48000.0,3500.0,0.0,21.0,1.0
54000.0,10800.0,0.0,26.0,0.0
25000.0,7000.0,1.0,22.0,0.0
54000.0,1200.0,1.0,24.0,0.0
54000.0,13000.0,0.0,21.0,0.0
25000.0,7000.0,1.0,22.0,0.0
26004.0,7000.0,0.0,25.0,0.0
54000.0,10000.0,0.0,24.0,0.0
54000.0,9000.0,0.0,22.0,0.0
54000.0,8000.0,0.0,25.0,0.0
54000.0,8525.0,0.0,24.0,0.0
54000.0,8700.0,0.0,24.0,0.0
26400.0,7000.0,0.0,23.0,0.0
27000.0,7000.0,0.0,23.0,0.0
54000.0,9000.0,0.0,24.0,0.0
27600.0,7000.0,0.0,21.0,0.0
54000.0,3000.0,0.0,24.0,0.0
54000.0,7000.0,0.0,22.0,0.0
27600.0,7000.0,1.0,24.0,1.0
48000.0,12000.0,0.0,22.0,1.0
54000.0,9000.0,0.0,26.0,0.0
27600.0,7000.0,0.0,25.0,0.0
28000.0,7000.0,0.0,23.0,0.0
28038.0,7000.0,0.0,23.0,0.0
54000.0,2800.0,0.0,23.0,0.0
28500.0,7000.0,0.0,25.0,0.0
28608.0,7000.0,0.0,26.0,0.0
54000.0,13500.0,0.0,23.0,0.0
28685.0,7000.0,0.0,23.0,0.0
28800.0,7000.0,0.0,26.0,0.0
28800.0,7000.0,0.0,23.0,0.0
30000.0,7000.0,0.0,23.0,0.0
30000.0,7000.0,0.0,22.0,0.0
30000.0,7000.0,0.0,21.0,1.0
54036.0,8000.0,0.0,21.0,0.0
30000.0,7000.0,1.0,22.0,1.0
54080.0,5000.0,0.0,26.0,0.0
54080.0,8000.0,0.0,24.0,0.0
30000.0,7000.0,0.0,22.0,1.0
30000.0,7000.0,0.0,25.0,0.0
54200.0,7000.0,0.0,26.0,0.0
30000.0,7000.0,0.0,25.0,0.0
30000.0,7000.0,0.0,22.0,1.0
54252.0,3500.0,0.0,22.0,0.0
30000.0,7000.0,0.0,26.0,0.0
30996.0,7000.0,1.0,24.0,0.0
31000.0,7000.0,0.0,25.0,0.0
31200.0,7000.0,0.0,25.0,0.0
31221.0,7000.0,0.0,22.0,0.0
32000.0,7000.0,0.0,21.0,0.0
54400.0,3300.0,0.0,24.0,0.0
48442.0,9800.0,0.0,24.0,1.0
54499.0,12000.0,0.0,25.0,0.0
54500.0,7500.0,0.0,22.0,0.0
32000.0,7000.0,0.0,23.0,1.0
32340.0,7000.0,0.0,22.0,0.0
32400.0,7000.0,1.0,24.0,0.0
32769.0,7000.0,0.0,22.0,0.0
54528.0,10000.0,0.0,26.0,0.0
54566.0,4000.0,0.0,22.0,0.0
54578.0,24250.0,0.0,26.0,0.0
33000.0,7000.0,0.0,23.0,0.0
33000.0,7000.0,0.0,23.0,0.0
33000.0,7000.0,0.0,23.0,0.0
48600.0,12000.0,0.0,22.0,1.0
33198.0,7000.0,0.0,24.0,1.0
33600.0,7000.0,1.0,24.0,0.0
33996.0,7000.0,0.0,26.0,0.0
33996.0,7000.0,0.0,24.0,1.0
34482.0,7000.0,0.0,23.0,0.0
34800.0,7000.0,0.0,23.0,1.0
34800.0,7000.0,1.0,20.0,0.0
35000.0,7000.0,0.0,24.0,0.0
54828.0,5000.0,0.0,26.0,0.0
35000.0,7000.0,0.0,23.0,0.0
54870.0,1000.0,0.0,24.0,0.0
54900.0,3000.0,0.0,25.0,0.0
48902.0,6000.0,1.0,25.0,1.0
35000.0,7000.0,0.0,24.0,0.0
35000.0,7000.0,0.0,26.0,0.0
54960.0,5500.0,0.0,23.0,0.0
35000.0,7000.0,0.0,23.0,0.0
54996.0,25000.0,0.0,22.0,0.0
35000.0,7000.0,0.0,25.0,0.0
54996.0,2100.0,0.0,23.0,0.0
35000.0,7000.0,1.0,21.0,0.0
29000.0,7000.0,1.0,21.0,1.0
54996.0,1925.0,0.0,23.0,0.0
35350.0,7000.0,0.0,22.0,0.0
54996.0,5500.0,0.0,24.0,0.0
29654.0,7000.0,0.0,22.0,1.0
36000.0,7000.0,0.0,24.0,0.0
36000.0,7000.0,0.0,23.0,0.0
36000.0,7000.0,0.0,23.0,0.0
36000.0,7000.0,0.0,23.0,0.0
54996.0,12000.0,0.0,22.0,0.0
54996.0,10000.0,0.0,24.0,0.0
36000.0,7000.0,0.0,26.0,0.0
36120.0,7000.0,0.0,26.0,0.0
37000.0,7000.0,0.0,24.0,0.0
37000.0,7000.0,0.0,24.0,0.0
54996.0,5000.0,0.0,22.0,0.0
37000.0,7000.0,0.0,22.0,0.0
37200.0,7000.0,0.0,25.0,0.0
37200.0,7000.0,0.0,25.0,0.0
48996.0,15000.0,1.0,21.0,1.0
37200.0,7000.0,0.0,21.0,0.0
54996.0,8000.0,0.0,23.0,0.0
48996.0,5000.0,0.0,25.0,1.0
37500.0,7000.0,0.0,23.0,0.0
54996.0,10000.0,0.0,25.0,0.0
38000.0,7000.0,0.0,26.0,0.0
38400.0,7000.0,0.0,25.0,0.0
38500.0,7000.0,0.0,23.0,0.0
39600.0,7000.0,1.0,21.0,0.0
39996.0,7000.0,0.0,22.0,0.0
48996.0,10000.0,0.0,22.0,1.0
54996.0,12000.0,0.0,24.0,0.0
54996.0,19000.0,0.0,24.0,0.0
39996.0,7000.0,0.0,24.0,0.0
40000.0,7000.0,0.0,22.0,0.0
40000.0,7000.0,0.0,22.0,0.0
40000.0,7000.0,0.0,22.0,0.0
40000.0,7000.0,0.0,22.0,0.0
40000.0,7000.0,0.0,21.0,0.0
40000.0,7000.0,0.0,24.0,0.0
40000.0,7000.0,0.0,22.0,0.0
55000.0,20000.0,0.0,22.0,0.0
40000.0,7000.0,0.0,25.0,0.0
34000.0,7000.0,0.0,24.0,1.0
55000.0,7200.0,0.0,23.0,0.0
55000.0,7500.0,0.0,23.0,0.0
40000.0,7000.0,0.0,23.0,0.0
40000.0,7000.0,1.0,24.0,0.0
40040.0,7000.0,1.0,24.0,0.0
34320.0,7000.0,1.0,23.0,1.0
55000.0,15000.0,0.0,24.0,0.0
55000.0,15000.0,0.0,25.0,0.0
40800.0,7000.0,0.0,24.0,0.0
41000.0,7000.0,0.0,21.0,0.0
55000.0,11100.0,0.0,22.0,0.0
55000.0,3100.0,0.0,24.0,0.0
55000.0,1400.0,0.0,22.0,0.0
35000.0,7000.0,1.0,22.0,1.0
55000.0,5200.0,0.0,23.0,0.0
55000.0,11500.0,0.0,26.0,0.0
41000.0,7000.0,0.0,24.0,0.0
55000.0,8000.0,0.0,25.0,0.0
55000.0,3250.0,1.0,22.0,0.0
55000.0,5225.0,0.0,24.0,0.0
42000.0,7000.0,0.0,22.0,0.0
55000.0,3775.0,0.0,26.0,0.0
55000.0,6400.0,0.0,25.0,0.0
42000.0,7000.0,0.0,22.0,0.0
55000.0,7500.0,0.0,23.0,0.0
42000.0,7000.0,0.0,25.0,0.0
55000.0,6500.0,0.0,23.0,0.0
55000.0,6625.0,1.0,23.0,0.0
42000.0,7000.0,0.0,22.0,0.0
36000.0,7000.0,1.0,26.0,1.0
42000.0,7000.0,0.0,23.0,0.0
55000.0,5000.0,0.0,25.0,0.0
42000.0,7000.0,0.0,22.0,0.0
55000.0,15000.0,0.0,24.0,0.0
36614.0,7000.0,0.0,22.0,1.0
55000.0,12375.0,0.0,23.0,0.0
43000.0,7000.0,0.0,26.0,0.0
49000.0,18200.0,0.0,25.0,1.0
55000.0,6500.0,0.0,25.0,0.0
55000.0,6300.0,0.0,25.0,0.0
55000.0,4400.0,0.0,23.0,0.0
43000.0,7000.0,0.0,26.0,0.0
55000.0,12000.0,0.0,21.0,0.0
37200.0,7000.0,0.0,22.0,1.0
55000.0,4800.0,0.0,22.0,0.0
55000.0,15000.0,0.0,23.0,0.0
49000.0,11400.0,1.0,23.0,1.0
55000.0,5000.0,0.0,25.0,0.0
55000.0,10000.0,0.0,22.0,0.0
55000.0,6500.0,0.0,25.0,0.0
55000.0,9500.0,0.0,22.0,0.0
44500.0,7000.0,0.0,23.0,0.0
45000.0,7000.0,0.0,26.0,0.0
39000.0,7000.0,0.0,22.0,1.0
55000.0,1800.0,0.0,24.0,0.0
55000.0,24200.0,0.0,25.0,0.0
39000.0,7000.0,0.0,23.0,1.0
45000.0,7000.0,0.0,26.0,0.0
55000.0,3000.0,0.0,22.0,0.0
55000.0,10000.0,0.0,26.0,0.0
49000.0,2000.0,0.0,21.0,1.0
55000.0,2800.0,0.0,26.0,0.0
55000.0,4200.0,1.0,24.0,0.0
45000.0,7000.0,0.0,21.0,0.0
55000.0,4000.0,0.0,23.0,0.0
45000.0,7000.0,0.0,25.0,0.0
55000.0,11075.0,0.0,23.0,0.0
45000.0,7000.0,0.0,24.0,0.0
55000.0,9000.0,1.0,24.0,0.0
39000.0,7000.0,0.0,24.0,1.0
45600.0,7000.0,0.0,26.0,0.0
46000.0,7000.0,0.0,25.0,0.0
46000.0,7000.0,0.0,25.0,0.0
46000.0,7000.0,0.0,23.0,0.0
55000.0,13500.0,0.0,22.0,0.0
46000.0,7000.0,0.0,25.0,0.0
46800.0,7000.0,0.0,25.0,0.0
55000.0,3850.0,0.0,23.0,0.0
47000.0,7000.0,0.0,24.0,0.0
55000.0,8000.0,0.0,24.0,0.0
55000.0,1500.0,0.0,23.0,0.0
47000.0,7000.0,0.0,24.0,0.0
55000.0,6000.0,1.0,25.0,0.0
55000.0,8000.0,0.0,23.0,0.0
47000.0,7000.0,1.0,21.0,0.0
55000.0,8000.0,0.0,23.0,0.0
55000.0,10000.0,1.0,23.0,0.0
41500.0,7000.0,1.0,22.0,1.0
48000.0,7000.0,0.0,26.0,0.0
48000.0,7000.0,0.0,26.0,0.0
48000.0,7000.0,0.0,23.0,0.0
48000.0,7000.0,0.0,26.0,0.0
55000.0,5000.0,0.0,23.0,0.0
48226.0,7000.0,0.0,25.0,0.0
50000.0,7000.0,1.0,21.0,0.0
50000.0,7000.0,0.0,24.0,0.0
55000.0,11300.0,0.0,26.0,0.0
55000.0,5000.0,0.0,22.0,0.0
55000.0,5000.0,0.0,26.0,0.0
50000.0,7000.0,0.0,21.0,0.0
50000.0,7000.0,0.0,22.0,0.0
55000.0,10000.0,0.0,26.0,0.0
55000.0,12000.0,0.0,22.0,0.0
55000.0,10000.0,0.0,24.0,0.0
55000.0,25000.0,0.0,22.0,0.0
50000.0,7000.0,0.0,23.0,0.0
55000.0,12000.0,0.0,22.0,0.0
50000.0,7000.0,0.0,26.0,0.0
50000.0,7000.0,0.0,23.0,0.0
55000.0,15000.0,0.0,23.0,0.0
49000.0,10000.0,0.0,22.0,1.0
44004.0,7000.0,0.0,21.0,1.0
55000.0,7750.0,0.0,23.0,0.0
51000.0,7000.0,0.0,23.0,0.0
45000.0,7000.0,1.0,21.0,1.0
51000.0,7000.0,0.0,22.0,0.0
52000.0,7000.0,0.0,23.0,0.0
55000.0,6000.0,0.0,24.0,0.0
52000.0,7000.0,0.0,25.0,0.0
55000.0,4800.0,0.0,22.0,0.0
55000.0,12000.0,0.0,22.0,0.0
52000.0,7000.0,0.0,21.0,0.0
52000.0,7000.0,0.0,26.0,0.0
55000.0,10500.0,0.0,26.0,0.0
52000.0,7000.0,0.0,24.0,0.0
55000.0,2200.0,0.0,22.0,0.0
52000.0,7000.0,0.0,25.0,0.0
52800.0,7000.0,0.0,22.0,0.0
55000.0,17000.0,0.0,25.0,0.0
49000.0,13000.0,0.0,26.0,1.0
55000.0,1000.0,0.0,23.0,0.0
54000.0,7000.0,0.0,22.0,0.0
55000.0,15000.0,0.0,25.0,0.0
54000.0,7000.0,1.0,22.0,0.0
55000.0,3000.0,0.0,24.0,0.0
54008.0,7000.0,0.0,23.0,0.0
49000.0,7000.0,0.0,24.0,1.0
55000.0,10000.0,0.0,23.0,0.0
55000.0,11000.0,0.0,23.0,0.0
55000.0,10000.0,0.0,21.0,0.0
85000.0,7000.0,0.0,23.0,0.0
49000.0,5000.0,0.0,23.0,1.0
89000.0,7000.0,0.0,25.0,0.0
55000.0,9800.0,0.0,26.0,0.0
55000.0,7500.0,1.0,24.0,0.0
90000.0,7000.0,0.0,23.0,0.0
90000.0,7000.0,1.0,26.0,0.0
50000.0,7150.0,0.0,26.0,0.0
55000.0,13000.0,1.0,26.0,0.0
61200.0,7150.0,0.0,26.0,0.0
55000.0,7000.0,1.0,23.0,0.0
55000.0,3000.0,0.0,26.0,0.0
85000.0,7175.0,0.0,23.0,0.0
14400.0,7200.0,0.0,22.0,1.0
55000.0,5000.0,0.0,24.0,0.0
20800.0,7200.0,0.0,22.0,1.0
55000.0,10500.0,0.0,21.0,0.0
21600.0,7200.0,0.0,26.0,1.0
22000.0,7200.0,0.0,25.0,1.0
23000.0,7200.0,0.0,24.0,1.0
55000.0,8000.0,0.0,23.0,0.0
25000.0,7200.0,0.0,23.0,0.0
55000.0,10000.0,0.0,21.0,0.0
55000.0,10000.0,0.0,22.0,0.0
25200.0,7200.0,0.0,23.0,1.0
55000.0,14500.0,0.0,26.0,0.0
27600.0,7200.0,0.0,23.0,0.0
27600.0,7200.0,0.0,22.0,0.0
49000.0,8000.0,0.0,22.0,1.0
55000.0,6000.0,0.0,24.0,0.0
55000.0,8000.0,0.0,23.0,0.0
30000.0,7200.0,0.0,22.0,0.0
30000.0,7200.0,0.0,22.0,1.0
55000.0,13000.0,0.0,22.0,0.0
31700.0,7200.0,0.0,21.0,1.0
31944.0,7200.0,0.0,24.0,0.0
32000.0,7200.0,0.0,21.0,0.0
32004.0,7200.0,0.0,25.0,0.0
32496.0,7200.0,0.0,25.0,0.0
55000.0,5000.0,1.0,22.0,0.0
55000.0,1000.0,0.0,22.0,0.0
34000.0,7200.0,0.0,22.0,0.0
49000.0,15000.0,0.0,23.0,1.0
34099.0,7200.0,0.0,26.0,0.0
35000.0,7200.0,0.0,25.0,0.0
55000.0,7000.0,0.0,23.0,0.0
55000.0,5500.0,0.0,24.0,0.0
55000.0,10200.0,0.0,25.0,0.0
55000.0,10000.0,1.0,25.0,0.0
55000.0,2000.0,0.0,22.0,0.0
35000.0,7200.0,0.0,21.0,0.0
35004.0,7200.0,0.0,25.0,0.0
31000.0,7200.0,0.0,23.0,1.0
37000.0,7200.0,1.0,25.0,0.0
37200.0,7200.0,0.0,24.0,0.0
37245.0,7200.0,0.0,24.0,0.0
38000.0,7200.0,0.0,23.0,0.0
49000.0,5000.0,0.0,24.0,1.0
38400.0,7200.0,0.0,26.0,0.0
38896.0,7200.0,1.0,23.0,0.0
40000.0,7200.0,1.0,22.0,0.0
40000.0,7200.0,0.0,22.0,0.0
55000.0,7000.0,0.0,26.0,0.0
55000.0,12500.0,0.0,26.0,0.0
40000.0,7200.0,0.0,25.0,0.0
55000.0,2000.0,0.0,25.0,0.0
41000.0,7200.0,0.0,24.0,0.0
55000.0,4000.0,0.0,22.0,0.0
42000.0,7200.0,0.0,21.0,0.0
55000.0,18500.0,0.0,23.0,0.0
42996.0,7200.0,0.0,23.0,0.0
55000.0,8000.0,0.0,24.0,0.0
43200.0,7200.0,1.0,24.0,0.0
55000.0,6000.0,0.0,24.0,0.0
55000.0,8500.0,0.0,26.0,0.0
45000.0,7200.0,0.0,24.0,0.0
45000.0,7200.0,0.0,21.0,0.0
39000.0,7200.0,0.0,22.0,1.0
48000.0,7200.0,0.0,22.0,0.0
48000.0,7200.0,1.0,23.0,0.0
48000.0,7200.0,0.0,23.0,0.0
55000.0,14000.0,1.0,25.0,0.0
48000.0,7200.0,0.0,22.0,0.0
48000.0,7200.0,0.0,22.0,0.0
49000.0,10000.0,0.0,22.0,1.0
48000.0,7200.0,0.0,25.0,0.0
55000.0,1600.0,0.0,24.0,0.0
49920.0,7200.0,1.0,24.0,0.0
55000.0,4000.0,0.0,23.0,0.0
50000.0,7200.0,0.0,24.0,0.0
49000.0,5000.0,1.0,22.0,1.0
50000.0,7200.0,0.0,25.0,0.0
50000.0,7200.0,0.0,25.0,0.0
50004.0,7200.0,1.0,24.0,0.0
55000.0,3600.0,1.0,25.0,0.0
49000.0,20000.0,1.0,24.0,1.0
55000.0,15000.0,0.0,23.0,0.0
52000.0,7200.0,0.0,25.0,0.0
55000.0,5275.0,0.0,24.0,0.0
54600.0,7200.0,0.0,24.0,0.0
55004.0,9600.0,1.0,23.0,0.0
54990.0,7200.0,1.0,25.0,0.0
55008.0,10500.0,1.0,23.0,0.0
54996.0,7200.0,0.0,22.0,0.0
55000.0,7200.0,0.0,25.0,0.0
49700.0,7200.0,0.0,25.0,1.0
50000.0,7200.0,1.0,23.0,1.0
51000.0,7200.0,0.0,23.0,1.0
59000.0,7200.0,0.0,22.0,0.0
55152.0,16000.0,0.0,24.0,0.0
60000.0,7200.0,0.0,24.0,0.0
55200.0,4225.0,0.0,25.0,0.0
60000.0,7200.0,0.0,26.0,0.0
60000.0,7200.0,1.0,25.0,0.0
60000.0,7200.0,1.0,22.0,0.0
49200.0,6500.0,1.0,22.0,1.0
60000.0,7200.0,0.0,23.0,0.0
55200.0,8900.0,0.0,21.0,0.0
60036.0,7200.0,0.0,23.0,0.0
60675.0,7200.0,1.0,21.0,0.0
61490.0,7200.0,0.0,21.0,0.0
55200.0,2000.0,0.0,23.0,0.0
55200.0,4000.0,0.0,23.0,0.0
63000.0,7200.0,0.0,25.0,0.0
64000.0,7200.0,0.0,23.0,0.0
55316.0,6000.0,0.0,26.0,0.0
67500.0,7200.0,0.0,25.0,0.0
55400.0,11000.0,0.0,24.0,0.0
62000.0,7200.0,0.0,23.0,1.0
68400.0,7200.0,0.0,23.0,0.0
49493.0,15250.0,1.0,26.0,1.0
71604.0,7200.0,0.0,25.0,0.0
75000.0,7200.0,0.0,22.0,0.0
55500.0,3000.0,0.0,22.0,0.0
55530.0,8000.0,0.0,24.0,0.0
55530.0,3200.0,0.0,21.0,0.0
49530.0,16000.0,1.0,23.0,1.0
76668.0,7200.0,0.0,26.0,0.0
80000.0,7200.0,0.0,23.0,0.0
80500.0,7200.0,0.0,23.0,0.0
84000.0,7200.0,0.0,21.0,0.0
55600.0,11700.0,1.0,24.0,0.0
55605.0,6500.0,0.0,24.0,0.0
49635.0,12000.0,0.0,23.0,1.0
55680.0,7875.0,0.0,24.0,0.0
73000.0,7200.0,0.0,25.0,1.0
88500.0,7200.0,0.0,25.0,0.0
55800.0,3500.0,1.0,25.0,0.0
55800.0,4000.0,0.0,25.0,0.0
55800.0,3200.0,0.0,24.0,0.0
55812.0,21825.0,0.0,23.0,0.0
90000.0,7200.0,0.0,26.0,0.0
55900.0,18200.0,0.0,26.0,0.0
49963.0,2100.0,0.0,25.0,1.0
49980.0,4800.0,0.0,23.0,1.0
93000.0,7200.0,0.0,23.0,0.0
105000.0,7200.0,0.0,23.0,0.0
56000.0,10075.0,1.0,22.0,0.0
56000.0,10250.0,1.0,25.0,0.0
111000.0,7200.0,0.0,26.0,0.0
56000.0,10000.0,0.0,26.0,0.0
56000.0,7200.0,0.0,23.0,0.0
56000.0,12250.0,0.0,24.0,0.0
135000.0,7200.0,0.0,25.0,0.0
62467.0,7250.0,0.0,25.0,0.0
56000.0,6000.0,0.0,26.0,0.0
80000.0,7250.0,0.0,24.0,0.0
56000.0,2000.0,0.0,24.0,0.0
26729.0,7300.0,0.0,25.0,0.0
56000.0,13600.0,1.0,23.0,0.0
56000.0,2000.0,0.0,24.0,0.0
56000.0,19125.0,1.0,24.0,0.0
50000.0,12800.0,0.0,25.0,1.0
56000.0,9000.0,0.0,22.0,0.0
37086.0,7300.0,0.0,26.0,0.0
56000.0,15000.0,0.0,24.0,0.0
41400.0,7300.0,0.0,26.0,0.0
56000.0,10000.0,0.0,24.0,0.0
45999.0,7300.0,0.0,22.0,0.0
50000.0,7500.0,0.0,23.0,1.0
56000.0,12375.0,0.0,25.0,0.0
50000.0,7300.0,0.0,21.0,0.0
56000.0,5250.0,0.0,24.0,0.0
56000.0,17400.0,0.0,24.0,0.0
53600.0,7300.0,0.0,25.0,0.0
96000.0,7300.0,0.0,23.0,0.0
56000.0,6000.0,0.0,23.0,0.0
56000.0,20000.0,0.0,22.0,0.0
42000.0,7325.0,0.0,23.0,0.0
12480.0,7350.0,0.0,24.0,1.0
32500.0,7350.0,1.0,25.0,0.0
33000.0,7350.0,0.0,24.0,0.0
42000.0,7400.0,0.0,25.0,1.0
56000.0,5600.0,0.0,21.0,0.0
57996.0,7400.0,0.0,25.0,0.0
62000.0,7400.0,0.0,25.0,0.0
56000.0,6000.0,0.0,26.0,0.0
72000.0,7400.0,1.0,24.0,0.0
56000.0,15000.0,0.0,26.0,0.0
34359.0,7475.0,0.0,22.0,0.0
12720.0,7500.0,0.0,21.0,1.0
56000.0,3000.0,0.0,23.0,0.0
56000.0,2000.0,0.0,24.0,0.0
56000.0,4750.0,0.0,22.0,0.0
20796.0,7500.0,0.0,24.0,1.0
56000.0,5500.0,0.0,23.0,0.0
56000.0,12000.0,0.0,22.0,0.0
21000.0,7500.0,0.0,23.0,1.0
56000.0,15000.0,0.0,23.0,0.0
21360.0,7500.0,0.0,23.0,1.0
21500.0,7500.0,0.0,25.0,1.0
22596.0,7500.0,0.0,22.0,1.0
23196.0,7500.0,0.0,24.0,1.0
24996.0,7500.0,1.0,25.0,0.0
56000.0,8000.0,0.0,26.0,0.0
25000.0,7500.0,0.0,22.0,0.0
56000.0,13000.0,0.0,24.0,0.0
25200.0,7500.0,0.0,22.0,1.0
26000.0,7500.0,0.0,26.0,0.0
56000.0,10000.0,0.0,23.0,0.0
56000.0,13750.0,0.0,23.0,0.0
26400.0,7500.0,0.0,23.0,0.0
27600.0,7500.0,0.0,21.0,0.0
28128.0,7500.0,1.0,25.0,1.0
30000.0,7500.0,0.0,21.0,0.0
30000.0,7500.0,0.0,24.0,0.0
56000.0,4500.0,0.0,23.0,0.0
56000.0,12000.0,0.0,26.0,0.0
30000.0,7500.0,0.0,21.0,0.0
30000.0,7500.0,0.0,26.0,1.0
30000.0,7500.0,1.0,23.0,1.0
56000.0,7500.0,1.0,23.0,0.0
30028.0,7500.0,0.0,21.0,0.0
31200.0,7500.0,0.0,22.0,0.0
31875.0,7500.0,0.0,22.0,0.0
32000.0,7500.0,1.0,26.0,0.0
34000.0,7500.0,0.0,26.0,1.0
56004.0,10000.0,0.0,23.0,0.0
56004.0,6000.0,0.0,22.0,0.0
56004.0,6000.0,0.0,22.0,0.0
56004.0,12000.0,0.0,22.0,0.0
56004.0,2000.0,0.0,22.0,0.0
34404.0,7500.0,0.0,22.0,1.0
56004.0,20000.0,1.0,26.0,0.0
56004.0,13000.0,0.0,26.0,0.0
56004.0,10000.0,0.0,26.0,0.0
34780.0,7500.0,0.0,23.0,0.0
35000.0,7500.0,0.0,25.0,0.0
50160.0,6000.0,0.0,24.0,1.0
56160.0,3050.0,0.0,23.0,0.0
36000.0,7500.0,0.0,25.0,0.0
36000.0,7500.0,0.0,26.0,0.0
30320.0,7500.0,0.0,26.0,1.0
56368.0,6000.0,0.0,22.0,0.0
36750.0,7500.0,0.0,22.0,0.0
50400.0,12000.0,0.0,25.0,1.0
56400.0,17300.0,0.0,22.0,0.0
56400.0,5000.0,0.0,21.0,0.0
37676.0,7500.0,0.0,25.0,0.0
38000.0,7500.0,0.0,22.0,0.0
38000.0,7500.0,0.0,23.0,0.0
38400.0,7500.0,0.0,26.0,0.0
32400.0,7500.0,0.0,22.0,1.0
39996.0,7500.0,0.0,22.0,0.0
40000.0,7500.0,0.0,23.0,0.0
56600.0,12000.0,0.0,23.0,0.0
40000.0,7500.0,0.0,24.0,0.0
56650.0,6500.0,0.0,22.0,0.0
56655.0,20000.0,0.0,25.0,0.0
56700.0,12000.0,0.0,23.0,0.0
56700.0,6000.0,0.0,26.0,0.0
40000.0,7500.0,0.0,24.0,0.0
34000.0,7500.0,1.0,22.0,1.0
56900.0,25000.0,0.0,25.0,0.0
56902.0,12000.0,0.0,22.0,0.0
56996.0,9575.0,0.0,23.0,0.0
40906.0,7500.0,0.0,22.0,0.0
42000.0,7500.0,0.0,26.0,0.0
57000.0,8000.0,0.0,21.0,0.0
57000.0,12875.0,0.0,22.0,0.0
57000.0,2400.0,0.0,24.0,0.0
42000.0,7500.0,0.0,23.0,0.0
36000.0,7500.0,1.0,23.0,1.0
57000.0,11425.0,0.0,22.0,0.0
42500.0,7500.0,0.0,22.0,0.0
37260.0,7500.0,1.0,21.0,1.0
57000.0,13000.0,0.0,25.0,0.0
44000.0,7500.0,0.0,22.0,0.0
51000.0,5500.0,1.0,25.0,1.0
57000.0,5950.0,1.0,22.0,0.0
39000.0,7500.0,1.0,25.0,1.0
57000.0,9000.0,1.0,26.0,0.0
57000.0,14000.0,0.0,26.0,0.0
57000.0,19725.0,0.0,24.0,0.0
45000.0,7500.0,1.0,23.0,0.0
57000.0,6000.0,0.0,24.0,0.0
57000.0,12000.0,1.0,26.0,0.0
57000.0,3200.0,0.0,22.0,0.0
45450.0,7500.0,0.0,26.0,0.0
57000.0,20000.0,0.0,23.0,0.0
46800.0,7500.0,0.0,26.0,0.0
47500.0,7500.0,0.0,21.0,0.0
57000.0,9250.0,0.0,23.0,0.0
57000.0,12000.0,0.0,25.0,0.0
48000.0,7500.0,0.0,23.0,0.0
42000.0,7500.0,0.0,22.0,1.0
48000.0,7500.0,0.0,25.0,0.0
57000.0,4200.0,1.0,23.0,0.0
57000.0,8000.0,0.0,24.0,0.0
57000.0,14000.0,0.0,24.0,0.0
57000.0,18000.0,0.0,23.0,0.0
49000.0,7500.0,0.0,22.0,0.0
57000.0,11200.0,1.0,25.0,0.0
43000.0,7500.0,0.0,22.0,1.0
44000.0,7500.0,0.0,21.0,1.0
50000.0,7500.0,0.0,25.0,0.0
57000.0,17500.0,1.0,23.0,0.0
44000.0,7500.0,0.0,26.0,1.0
50000.0,7500.0,0.0,22.0,0.0
44000.0,7500.0,0.0,25.0,1.0
44000.0,7500.0,0.0,23.0,1.0
51000.0,12000.0,0.0,22.0,1.0
50000.0,7500.0,0.0,24.0,0.0
57000.0,7000.0,0.0,22.0,0.0
57000.0,12000.0,0.0,25.0,0.0
50000.0,7500.0,0.0,22.0,0.0
51000.0,7000.0,0.0,26.0,1.0
57000.0,7500.0,0.0,22.0,0.0
44400.0,7500.0,0.0,22.0,1.0
57000.0,7500.0,0.0,22.0,0.0
50663.0,7500.0,0.0,22.0,0.0
51000.0,13000.0,1.0,26.0,1.0
51000.0,7500.0,0.0,22.0,0.0
57000.0,11400.0,0.0,22.0,0.0
52000.0,7500.0,0.0,23.0,0.0
53000.0,7500.0,0.0,25.0,0.0
55000.0,7500.0,0.0,24.0,0.0
55000.0,7500.0,0.0,22.0,0.0
57000.0,2500.0,0.0,26.0,0.0
57000.0,9000.0,0.0,24.0,0.0
55000.0,7500.0,0.0,21.0,0.0
57000.0,5500.0,0.0,24.0,0.0
57000.0,4200.0,0.0,23.0,0.0
55000.0,7500.0,0.0,24.0,0.0
57000.0,900.0,0.0,25.0,0.0
57000.0,25000.0,0.0,22.0,0.0
57000.0,7250.0,0.0,25.0,0.0
57006.0,6000.0,0.0,26.0,0.0
57000.0,7500.0,0.0,23.0,0.0
57600.0,7500.0,0.0,23.0,0.0
57068.0,1600.0,1.0,26.0,0.0
57188.0,17450.0,0.0,23.0,0.0
57192.0,8000.0,0.0,21.0,0.0
59000.0,7500.0,0.0,23.0,0.0
53000.0,7500.0,0.0,25.0,1.0
57200.0,8000.0,0.0,21.0,0.0
57200.0,7500.0,0.0,22.0,0.0
57200.0,2400.0,0.0,25.0,0.0
57200.0,7000.0,0.0,22.0,0.0
60000.0,7500.0,1.0,25.0,0.0
57204.0,9000.0,1.0,22.0,0.0
60000.0,7500.0,0.0,22.0,0.0
60000.0,7500.0,0.0,23.0,0.0
57400.0,8475.0,0.0,25.0,0.0
57400.0,10500.0,0.0,22.0,0.0
57431.0,4000.0,0.0,24.0,0.0
60000.0,7500.0,0.0,22.0,0.0
57468.0,14075.0,0.0,23.0,0.0
60000.0,7500.0,0.0,23.0,0.0
57500.0,4000.0,0.0,21.0,0.0
60000.0,7500.0,1.0,22.0,0.0
61000.0,7500.0,0.0,21.0,0.0
64000.0,7500.0,0.0,26.0,0.0
57500.0,7750.0,0.0,26.0,0.0
51500.0,13000.0,0.0,25.0,1.0
66000.0,7500.0,0.0,26.0,0.0
67000.0,7500.0,0.0,25.0,0.0
57504.0,9000.0,0.0,23.0,0.0
57504.0,10000.0,0.0,23.0,0.0
57564.0,21000.0,0.0,22.0,0.0
67500.0,7500.0,0.0,22.0,0.0
68000.0,7500.0,0.0,24.0,0.0
68000.0,7500.0,0.0,23.0,0.0
57600.0,10500.0,0.0,24.0,0.0
57600.0,1800.0,0.0,26.0,0.0
57600.0,6500.0,0.0,22.0,0.0
51600.0,4800.0,0.0,23.0,1.0
62844.0,7500.0,0.0,23.0,1.0
57600.0,6000.0,0.0,22.0,0.0
69996.0,7500.0,0.0,24.0,0.0
64000.0,7500.0,0.0,23.0,1.0
57600.0,6000.0,0.0,22.0,0.0
57600.0,4000.0,0.0,23.0,0.0
57600.0,5000.0,0.0,23.0,0.0
72000.0,7500.0,0.0,21.0,0.0
72000.0,7500.0,0.0,22.0,0.0
75000.0,7500.0,1.0,23.0,0.0
75000.0,7500.0,0.0,23.0,0.0
57600.0,7000.0,0.0,25.0,0.0
57600.0,10000.0,0.0,23.0,0.0
58650.0,7500.0,0.0,25.0,1.0
79992.0,7500.0,0.0,24.0,0.0
57664.0,10000.0,0.0,23.0,0.0
74004.0,7500.0,1.0,25.0,1.0
57700.0,3500.0,0.0,23.0,0.0
57700.0,13500.0,0.0,21.0,0.0
76500.0,7500.0,1.0,22.0,1.0
57738.0,7000.0,0.0,23.0,0.0
57744.0,2500.0,0.0,23.0,0.0
87000.0,7500.0,0.0,23.0,0.0
90000.0,7500.0,1.0,23.0,0.0
66300.0,7500.0,0.0,22.0,1.0
90000.0,7500.0,0.0,23.0,0.0
57850.0,4000.0,0.0,23.0,0.0
57860.0,20000.0,0.0,22.0,0.0
57900.0,4850.0,0.0,22.0,0.0
79500.0,7500.0,0.0,24.0,1.0
57996.0,21250.0,0.0,22.0,0.0
100300.0,7500.0,0.0,24.0,0.0
57996.0,8800.0,0.0,23.0,0.0
115275.0,7500.0,1.0,23.0,0.0
116600.0,7500.0,1.0,26.0,0.0
57996.0,2500.0,0.0,22.0,0.0
108000.0,7500.0,1.0,26.0,1.0
57996.0,2400.0,0.0,24.0,0.0
125000.0,7500.0,0.0,25.0,0.0
51996.0,6500.0,0.0,26.0,1.0
230000.0,7500.0,0.0,26.0,0.0
58000.0,31300.0,0.0,26.0,0.0
50000.0,7525.0,0.0,26.0,0.0
20400.0,7550.0,0.0,24.0,1.0
58000.0,7200.0,0.0,25.0,0.0
58000.0,15700.0,0.0,24.0,0.0
58000.0,11000.0,0.0,24.0,0.0
70000.0,7550.0,0.0,22.0,0.0
56950.0,7550.0,0.0,26.0,1.0
54000.0,7575.0,0.0,25.0,0.0
58000.0,20000.0,0.0,22.0,0.0
58000.0,11600.0,0.0,26.0,0.0
52000.0,14825.0,0.0,22.0,1.0
39000.0,7600.0,0.0,25.0,1.0
49000.0,7600.0,0.0,22.0,1.0
60000.0,7600.0,0.0,25.0,0.0
67000.0,7600.0,0.0,26.0,0.0
58000.0,7000.0,0.0,24.0,0.0
61680.0,7600.0,0.0,25.0,1.0
58000.0,6000.0,0.0,24.0,0.0
58000.0,3000.0,0.0,24.0,0.0
58000.0,4500.0,0.0,21.0,0.0
76554.0,7600.0,0.0,24.0,0.0
57000.0,7650.0,0.0,23.0,0.0
58000.0,3000.0,0.0,26.0,0.0
65000.0,7675.0,1.0,25.0,0.0
52000.0,5000.0,0.0,24.0,1.0
24000.0,7700.0,0.0,25.0,1.0
58000.0,8000.0,0.0,24.0,0.0
58000.0,4000.0,0.0,22.0,0.0
29772.0,7700.0,1.0,23.0,1.0
58000.0,10000.0,0.0,22.0,0.0
58000.0,11050.0,0.0,22.0,0.0
58000.0,8500.0,0.0,25.0,0.0
96408.0,7700.0,1.0,24.0,0.0
19680.0,7750.0,1.0,22.0,1.0
24000.0,7750.0,0.0,24.0,1.0
58000.0,8000.0,1.0,23.0,0.0
24000.0,7750.0,0.0,26.0,1.0
58000.0,6400.0,1.0,23.0,0.0
26000.0,7750.0,1.0,21.0,1.0
58000.0,17500.0,1.0,25.0,0.0
26000.0,7750.0,1.0,21.0,0.0
58000.0,15000.0,0.0,23.0,0.0
58000.0,5000.0,0.0,26.0,0.0
58000.0,5000.0,0.0,23.0,0.0
29760.0,7750.0,0.0,26.0,0.0
29000.0,7750.0,1.0,23.0,1.0
58000.0,9600.0,0.0,23.0,0.0
58000.0,10400.0,0.0,25.0,0.0
52000.0,5000.0,0.0,23.0,1.0
48000.0,7750.0,0.0,22.0,0.0
49000.0,7750.0,0.0,25.0,0.0
100000.0,7750.0,0.0,25.0,1.0
58000.0,2200.0,0.0,24.0,0.0
33000.0,7800.0,0.0,22.0,0.0
58000.0,3500.0,0.0,24.0,0.0
33000.0,7800.0,0.0,23.0,1.0
33600.0,7800.0,0.0,24.0,1.0
58000.0,17000.0,0.0,25.0,0.0
58000.0,4500.0,0.0,22.0,0.0
34000.0,7800.0,0.0,21.0,1.0
36000.0,7800.0,0.0,26.0,0.0
58000.0,16000.0,0.0,23.0,0.0
58000.0,15000.0,1.0,22.0,0.0
38000.0,7800.0,0.0,26.0,0.0
58000.0,12000.0,1.0,26.0,0.0
58000.0,2750.0,1.0,25.0,0.0
58000.0,10000.0,0.0,25.0,0.0
52000.0,10000.0,1.0,22.0,1.0
43000.0,7800.0,0.0,25.0,0.0
58000.0,3150.0,0.0,25.0,0.0
43000.0,7800.0,0.0,26.0,0.0
43955.0,7800.0,0.0,23.0,0.0
45000.0,7800.0,0.0,23.0,0.0
45000.0,7800.0,0.0,24.0,0.0
54000.0,7800.0,0.0,24.0,0.0
58125.0,6000.0,0.0,26.0,0.0
49000.0,7800.0,0.0,24.0,1.0
59000.0,7800.0,0.0,25.0,0.0
60000.0,7800.0,0.0,22.0,0.0
58200.0,10000.0,0.0,22.0,0.0
59004.0,7800.0,1.0,23.0,1.0
78000.0,7800.0,0.0,26.0,0.0
80000.0,7800.0,0.0,23.0,0.0
85757.0,7800.0,0.0,26.0,0.0
100000.0,7800.0,0.0,21.0,0.0
26000.0,7850.0,0.0,24.0,0.0
32000.0,7875.0,0.0,22.0,1.0
58500.0,4000.0,0.0,23.0,0.0
58560.0,5000.0,0.0,25.0,0.0
58560.0,8000.0,0.0,23.0,0.0
58600.0,7800.0,0.0,23.0,0.0
28000.0,7900.0,0.0,22.0,0.0
58608.0,12000.0,0.0,22.0,0.0
52650.0,19200.0,0.0,22.0,1.0
30000.0,7925.0,1.0,23.0,0.0
52704.0,3000.0,0.0,26.0,1.0
58750.0,6000.0,1.0,25.0,0.0
50700.0,7950.0,0.0,21.0,0.0
58800.0,5100.0,0.0,22.0,0.0
14400.0,8000.0,0.0,22.0,1.0
15500.0,8000.0,0.0,21.0,1.0
16000.0,8000.0,0.0,24.0,1.0
58800.0,25000.0,0.0,21.0,0.0
19200.0,8000.0,1.0,22.0,1.0
58896.0,9500.0,0.0,22.0,0.0
19200.0,8000.0,1.0,24.0,1.0
58900.0,6400.0,0.0,26.0,0.0
58951.0,3000.0,0.0,21.0,0.0
20000.0,8000.0,0.0,24.0,1.0
20000.0,8000.0,0.0,21.0,1.0
59000.0,6000.0,0.0,26.0,0.0
20000.0,8000.0,1.0,24.0,1.0
59000.0,3600.0,0.0,23.0,0.0
53000.0,6000.0,0.0,23.0,1.0
59000.0,6000.0,0.0,25.0,0.0
59000.0,10000.0,0.0,22.0,0.0
21000.0,8000.0,1.0,22.0,1.0
59000.0,13000.0,0.0,23.0,0.0
59000.0,2000.0,0.0,23.0,0.0
59000.0,15000.0,0.0,22.0,0.0
21600.0,8000.0,0.0,22.0,1.0
53000.0,5000.0,0.0,24.0,1.0
59000.0,9000.0,0.0,23.0,0.0
53000.0,14400.0,0.0,21.0,1.0
21996.0,8000.0,1.0,25.0,1.0
22100.0,8000.0,0.0,24.0,1.0
59000.0,13375.0,0.0,22.0,0.0
53000.0,25000.0,0.0,22.0,1.0
23000.0,8000.0,0.0,24.0,1.0
23400.0,8000.0,0.0,22.0,1.0
59000.0,20000.0,0.0,22.0,0.0
59000.0,8000.0,0.0,24.0,0.0
59000.0,5000.0,0.0,25.0,0.0
24000.0,8000.0,0.0,23.0,1.0
59000.0,5600.0,0.0,21.0,0.0
59000.0,25000.0,0.0,25.0,0.0
59000.0,3500.0,0.0,26.0,0.0
25000.0,8000.0,0.0,26.0,1.0
25000.0,8000.0,0.0,25.0,1.0
25000.0,8000.0,0.0,22.0,1.0
59000.0,21600.0,0.0,23.0,0.0
25000.0,8000.0,1.0,23.0,1.0
25000.0,8000.0,0.0,22.0,1.0
59000.0,500.0,0.0,26.0,0.0
59000.0,5100.0,0.0,25.0,0.0
59004.0,4000.0,0.0,23.0,0.0
25200.0,8000.0,0.0,23.0,1.0
59020.0,7000.0,0.0,26.0,0.0
26000.0,8000.0,0.0,22.0,1.0
26000.0,8000.0,0.0,25.0,1.0
27000.0,8000.0,0.0,24.0,0.0
27000.0,8000.0,0.0,26.0,0.0
27024.0,8000.0,0.0,21.0,0.0
27996.0,8000.0,1.0,23.0,1.0
59393.0,2400.0,0.0,24.0,0.0
59400.0,18500.0,0.0,25.0,0.0
59436.0,7500.0,0.0,25.0,0.0
28000.0,8000.0,1.0,25.0,0.0
59500.0,12000.0,0.0,26.0,0.0
59500.0,4200.0,0.0,24.0,0.0
59500.0,5100.0,0.0,26.0,0.0
28000.0,8000.0,0.0,21.0,0.0
28000.0,8000.0,0.0,21.0,1.0
28000.0,8000.0,0.0,23.0,0.0
28000.0,8000.0,0.0,24.0,0.0
59600.0,6000.0,0.0,22.0,0.0
59650.0,10000.0,1.0,25.0,0.0
28590.0,8000.0,1.0,24.0,0.0
59700.0,15000.0,0.0,26.0,0.0
53774.0,8600.0,0.0,22.0,1.0
28800.0,8000.0,0.0,22.0,0.0
59796.0,7000.0,0.0,25.0,0.0
59800.0,15000.0,1.0,23.0,0.0
28800.0,8000.0,1.0,22.0,0.0
53826.0,8500.0,0.0,26.0,1.0
59928.0,18000.0,0.0,23.0,0.0
53950.0,15000.0,1.0,23.0,1.0
28800.0,8000.0,0.0,21.0,0.0
30000.0,8000.0,0.0,23.0,0.0
30000.0,8000.0,0.0,26.0,1.0
30000.0,8000.0,1.0,23.0,0.0
30000.0,8000.0,0.0,22.0,0.0
54000.0,3600.0,0.0,26.0,1.0
30000.0,8000.0,0.0,26.0,0.0
60000.0,10000.0,0.0,23.0,0.0
60000.0,7200.0,0.0,26.0,0.0
30000.0,8000.0,0.0,25.0,0.0
30000.0,8000.0,0.0,26.0,0.0
30000.0,8000.0,0.0,24.0,0.0
30000.0,8000.0,1.0,26.0,0.0
60000.0,18000.0,0.0,24.0,0.0
60000.0,25850.0,0.0,23.0,0.0
30000.0,8000.0,1.0,24.0,0.0
30000.0,8000.0,0.0,26.0,0.0
30000.0,8000.0,1.0,24.0,0.0
30000.0,8000.0,0.0,22.0,0.0
30000.0,8000.0,0.0,25.0,0.0
30000.0,8000.0,0.0,23.0,0.0
60000.0,1200.0,0.0,25.0,0.0
60000.0,10000.0,0.0,24.0,0.0
60000.0,10000.0,0.0,23.0,0.0
30000.0,8000.0,0.0,22.0,0.0
60000.0,21000.0,0.0,23.0,0.0
30188.0,8000.0,0.0,23.0,0.0
30996.0,8000.0,0.0,22.0,0.0
60000.0,12000.0,1.0,23.0,0.0
60000.0,18000.0,0.0,26.0,0.0
31000.0,8000.0,1.0,26.0,1.0
60000.0,20000.0,0.0,26.0,0.0
31200.0,8000.0,0.0,24.0,0.0
31200.0,8000.0,0.0,23.0,0.0
31416.0,8000.0,1.0,25.0,0.0
54000.0,21200.0,0.0,23.0,1.0
60000.0,12000.0,0.0,26.0,0.0
60000.0,16000.0,1.0,23.0,0.0
32000.0,8000.0,0.0,25.0,0.0
60000.0,20000.0,0.0,24.0,0.0
32400.0,8000.0,0.0,22.0,0.0
54000.0,6300.0,1.0,24.0,1.0
33996.0,8000.0,0.0,22.0,1.0
34000.0,8000.0,0.0,22.0,0.0
60000.0,7000.0,0.0,23.0,0.0
60000.0,12000.0,0.0,25.0,0.0
60000.0,7000.0,0.0,24.0,0.0
29000.0,8000.0,0.0,24.0,1.0
60000.0,3000.0,0.0,23.0,0.0
60000.0,12000.0,0.0,23.0,0.0
60000.0,10000.0,0.0,22.0,0.0
60000.0,8000.0,0.0,23.0,0.0
35000.0,8000.0,0.0,22.0,0.0
35000.0,8000.0,0.0,24.0,0.0
60000.0,30000.0,0.0,26.0,0.0
60000.0,10000.0,0.0,25.0,0.0
60000.0,12000.0,0.0,25.0,0.0
35000.0,8000.0,0.0,22.0,0.0
60000.0,5000.0,0.0,23.0,0.0
60000.0,15000.0,0.0,23.0,0.0
29000.0,8000.0,0.0,23.0,1.0
29000.0,8000.0,0.0,23.0,1.0
60000.0,10000.0,0.0,22.0,0.0
35000.0,8000.0,0.0,22.0,0.0
60000.0,8000.0,0.0,26.0,0.0
60000.0,14000.0,0.0,25.0,0.0
60000.0,4000.0,0.0,25.0,0.0
35000.0,8000.0,0.0,22.0,0.0
60000.0,10000.0,0.0,24.0,0.0
29570.0,8000.0,1.0,22.0,1.0
60000.0,3950.0,0.0,22.0,0.0
60000.0,5000.0,0.0,22.0,0.0
60000.0,16000.0,0.0,26.0,0.0
36000.0,8000.0,0.0,23.0,0.0
30000.0,8000.0,0.0,22.0,1.0
60000.0,9000.0,0.0,25.0,0.0
60000.0,3000.0,0.0,24.0,0.0
30000.0,8000.0,1.0,21.0,1.0
60000.0,1500.0,0.0,24.0,0.0
36000.0,8000.0,0.0,22.0,0.0
60000.0,23275.0,0.0,25.0,0.0
60000.0,6000.0,0.0,22.0,0.0
60000.0,10000.0,0.0,24.0,0.0
60000.0,3000.0,0.0,24.0,0.0
60000.0,5000.0,1.0,25.0,0.0
36000.0,8000.0,0.0,24.0,0.0
60000.0,9600.0,0.0,25.0,0.0
60000.0,4000.0,0.0,24.0,0.0
36903.0,8000.0,0.0,26.0,0.0
30996.0,8000.0,0.0,22.0,1.0
60000.0,8650.0,0.0,25.0,0.0
37000.0,8000.0,0.0,22.0,0.0
60000.0,6000.0,0.0,23.0,0.0
60000.0,13250.0,0.0,22.0,0.0
60000.0,1200.0,0.0,23.0,0.0
31200.0,8000.0,1.0,22.0,1.0
37440.0,8000.0,0.0,23.0,0.0
37500.0,8000.0,0.0,23.0,0.0
37648.0,8000.0,0.0,24.0,0.0
60000.0,1000.0,0.0,22.0,0.0
60000.0,15000.0,1.0,22.0,0.0
54000.0,1500.0,0.0,24.0,1.0
60000.0,16800.0,0.0,22.0,0.0
37876.0,8000.0,0.0,24.0,0.0
60000.0,12000.0,0.0,23.0,0.0
60000.0,18000.0,0.0,22.0,0.0
60000.0,2500.0,0.0,22.0,0.0
60000.0,6750.0,0.0,22.0,0.0
60000.0,8400.0,0.0,25.0,0.0
38000.0,8000.0,0.0,23.0,0.0
38000.0,8000.0,0.0,26.0,0.0
38000.0,8000.0,0.0,24.0,0.0
60000.0,6900.0,0.0,25.0,0.0
60000.0,10000.0,0.0,25.0,0.0
60000.0,8000.0,0.0,22.0,0.0
60000.0,8850.0,0.0,23.0,0.0
54000.0,8500.0,0.0,26.0,1.0
38000.0,8000.0,0.0,23.0,0.0
38004.0,8000.0,0.0,22.0,0.0
38400.0,8000.0,0.0,22.0,0.0
32698.0,8000.0,1.0,23.0,1.0
60000.0,7000.0,0.0,23.0,0.0
39000.0,8000.0,0.0,26.0,0.0
60000.0,15000.0,0.0,25.0,0.0
54000.0,4000.0,0.0,23.0,1.0
60000.0,8000.0,1.0,23.0,0.0
54000.0,4800.0,0.0,26.0,1.0
60000.0,3500.0,0.0,22.0,0.0
39860.0,8000.0,0.0,22.0,0.0
39996.0,8000.0,0.0,22.0,0.0
60000.0,17000.0,0.0,24.0,0.0
60000.0,5200.0,0.0,22.0,0.0
33996.0,8000.0,0.0,23.0,1.0
40000.0,8000.0,0.0,25.0,0.0
60000.0,5000.0,0.0,26.0,0.0
40000.0,8000.0,0.0,22.0,0.0
60000.0,3600.0,0.0,25.0,0.0
40000.0,8000.0,0.0,22.0,0.0
60000.0,5600.0,0.0,22.0,0.0
34000.0,8000.0,1.0,24.0,1.0
40000.0,8000.0,0.0,23.0,0.0
40000.0,8000.0,0.0,21.0,0.0
54000.0,5200.0,0.0,23.0,1.0
40000.0,8000.0,0.0,24.0,0.0
40000.0,8000.0,0.0,24.0,0.0
40000.0,8000.0,0.0,22.0,0.0
60000.0,20000.0,0.0,23.0,0.0
40000.0,8000.0,0.0,24.0,0.0
60000.0,15000.0,1.0,24.0,0.0
40000.0,8000.0,0.0,22.0,0.0
60000.0,4000.0,0.0,24.0,0.0
40560.0,8000.0,0.0,24.0,0.0
60000.0,10000.0,0.0,25.0,0.0
60000.0,6000.0,0.0,24.0,0.0
41000.0,8000.0,0.0,25.0,0.0
35000.0,8000.0,1.0,21.0,1.0
60000.0,10425.0,0.0,25.0,0.0
35000.0,8000.0,1.0,26.0,1.0
60000.0,12500.0,0.0,25.0,0.0
60000.0,8500.0,0.0,24.0,0.0
41579.0,8000.0,1.0,25.0,0.0
54000.0,5000.0,1.0,26.0,1.0
41600.0,8000.0,0.0,24.0,0.0
60000.0,9600.0,0.0,24.0,0.0
60000.0,5000.0,0.0,23.0,0.0
36000.0,8000.0,0.0,23.0,1.0
60000.0,10000.0,0.0,21.0,0.0
60000.0,1800.0,0.0,25.0,0.0
36000.0,8000.0,0.0,24.0,1.0
42000.0,8000.0,0.0,25.0,0.0
60000.0,4000.0,0.0,25.0,0.0
60000.0,2800.0,0.0,22.0,0.0
36000.0,8000.0,0.0,24.0,1.0
60000.0,5000.0,0.0,22.0,0.0
60000.0,6000.0,0.0,22.0,0.0
60000.0,10000.0,0.0,23.0,0.0
42000.0,8000.0,0.0,24.0,0.0
36000.0,8000.0,1.0,25.0,1.0
60000.0,4800.0,0.0,22.0,0.0
60000.0,2000.0,1.0,23.0,0.0
36000.0,8000.0,1.0,24.0,1.0
42000.0,8000.0,0.0,23.0,0.0
36816.0,8000.0,0.0,24.0,1.0
42996.0,8000.0,0.0,23.0,0.0
43000.0,8000.0,0.0,23.0,0.0
60000.0,2500.0,0.0,22.0,0.0
60000.0,3000.0,0.0,25.0,0.0
60000.0,12000.0,0.0,24.0,0.0
43000.0,8000.0,1.0,26.0,0.0
43200.0,8000.0,0.0,22.0,0.0
60000.0,10000.0,0.0,22.0,0.0
43300.0,8000.0,0.0,24.0,0.0
43800.0,8000.0,0.0,23.0,0.0
60000.0,15000.0,0.0,22.0,0.0
44000.0,8000.0,0.0,26.0,0.0
44684.0,8000.0,1.0,22.0,0.0
60000.0,12000.0,1.0,22.0,0.0
54000.0,12000.0,0.0,25.0,1.0
45000.0,8000.0,0.0,26.0,0.0
60000.0,3200.0,0.0,25.0,0.0
39000.0,8000.0,0.0,23.0,1.0
60000.0,3800.0,0.0,23.0,0.0
45000.0,8000.0,0.0,25.0,0.0
60000.0,7875.0,0.0,26.0,0.0
45000.0,8000.0,1.0,26.0,0.0
39000.0,8000.0,0.0,23.0,1.0
45000.0,8000.0,1.0,24.0,0.0
60000.0,10950.0,0.0,22.0,0.0
60000.0,13000.0,0.0,24.0,0.0
60000.0,10000.0,0.0,23.0,0.0
60000.0,8800.0,0.0,22.0,0.0
60000.0,4000.0,0.0,23.0,0.0
45000.0,8000.0,1.0,22.0,0.0
45000.0,8000.0,0.0,25.0,0.0
39000.0,8000.0,1.0,25.0,1.0
45286.0,8000.0,0.0,23.0,0.0
45996.0,8000.0,0.0,22.0,0.0
60000.0,6500.0,0.0,25.0,0.0
46000.0,8000.0,0.0,22.0,0.0
60000.0,5000.0,0.0,25.0,0.0
60000.0,5000.0,0.0,26.0,0.0
60000.0,12000.0,0.0,23.0,0.0
60000.0,22000.0,1.0,23.0,0.0
40000.0,8000.0,0.0,24.0,1.0
60000.0,12500.0,0.0,26.0,0.0
46330.0,8000.0,0.0,23.0,0.0
46700.0,8000.0,1.0,24.0,0.0
41000.0,8000.0,0.0,21.0,1.0
47000.0,8000.0,0.0,26.0,0.0
47000.0,8000.0,0.0,22.0,0.0
60000.0,15000.0,0.0,23.0,0.0
60000.0,13000.0,1.0,25.0,0.0
60000.0,10000.0,0.0,24.0,0.0
60000.0,3050.0,0.0,26.0,0.0
60000.0,20000.0,0.0,26.0,0.0
60000.0,7800.0,0.0,22.0,0.0
47004.0,8000.0,1.0,25.0,0.0
42000.0,8000.0,0.0,24.0,1.0
48000.0,8000.0,0.0,23.0,0.0
48000.0,8000.0,1.0,22.0,0.0
60000.0,15850.0,0.0,24.0,0.0
60000.0,11200.0,0.0,22.0,0.0
48000.0,8000.0,0.0,25.0,0.0
60000.0,5000.0,0.0,25.0,0.0
60000.0,12000.0,0.0,22.0,0.0
48000.0,8000.0,0.0,25.0,0.0
42000.0,8000.0,0.0,23.0,1.0
60000.0,5500.0,0.0,25.0,0.0
48000.0,8000.0,0.0,25.0,0.0
48000.0,8000.0,0.0,26.0,0.0
48500.0,8000.0,0.0,24.0,0.0
60000.0,6125.0,0.0,22.0,0.0
48701.0,8000.0,0.0,26.0,0.0
49244.0,8000.0,0.0,25.0,0.0
49992.0,8000.0,1.0,24.0,0.0
44000.0,8000.0,0.0,21.0,1.0
50000.0,8000.0,0.0,24.0,0.0
50000.0,8000.0,0.0,24.0,0.0
50000.0,8000.0,0.0,23.0,0.0
50000.0,8000.0,0.0,22.0,0.0
50000.0,8000.0,0.0,23.0,0.0
50000.0,8000.0,0.0,25.0,0.0
44000.0,8000.0,1.0,23.0,1.0
60000.0,6500.0,0.0,25.0,0.0
60000.0,2000.0,1.0,22.0,0.0
60000.0,9000.0,0.0,26.0,0.0
50000.0,8000.0,0.0,23.0,0.0
50000.0,8000.0,0.0,24.0,0.0
60000.0,5000.0,0.0,24.0,0.0
44000.0,8000.0,0.0,21.0,1.0
60000.0,12000.0,0.0,24.0,0.0
60000.0,8000.0,1.0,21.0,0.0
60000.0,7800.0,0.0,21.0,0.0
60000.0,2000.0,0.0,22.0,0.0
50000.0,8000.0,0.0,25.0,0.0
60000.0,9700.0,0.0,24.0,0.0
50000.0,8000.0,0.0,22.0,0.0
60000.0,2000.0,0.0,23.0,0.0
50000.0,8000.0,0.0,24.0,0.0
60000.0,7000.0,0.0,23.0,0.0
50000.0,8000.0,1.0,22.0,0.0
44000.0,8000.0,0.0,25.0,1.0
60000.0,6000.0,0.0,21.0,0.0
60000.0,20000.0,0.0,23.0,0.0
60000.0,8000.0,0.0,25.0,0.0
50004.0,8000.0,0.0,23.0,0.0
50049.0,8000.0,0.0,26.0,0.0
50400.0,8000.0,1.0,21.0,0.0
60000.0,7000.0,0.0,26.0,0.0
60000.0,13000.0,0.0,23.0,0.0
60000.0,10000.0,0.0,25.0,0.0
51996.0,8000.0,0.0,25.0,0.0
52000.0,8000.0,0.0,24.0,0.0
52000.0,8000.0,0.0,24.0,0.0
52000.0,8000.0,0.0,26.0,0.0
52000.0,8000.0,0.0,23.0,0.0
46000.0,8000.0,0.0,26.0,1.0
60000.0,8700.0,1.0,22.0,0.0
52000.0,8000.0,0.0,24.0,0.0
46000.0,8000.0,0.0,23.0,1.0
60000.0,10000.0,0.0,25.0,0.0
60000.0,20000.0,0.0,24.0,0.0
60000.0,16000.0,0.0,25.0,0.0
46500.0,8000.0,1.0,24.0,1.0
52800.0,8000.0,1.0,24.0,0.0
53000.0,8000.0,0.0,25.0,0.0
53000.0,8000.0,1.0,23.0,0.0
60000.0,12000.0,0.0,23.0,0.0
53688.0,8000.0,0.0,26.0,0.0
54000.0,8000.0,0.0,23.0,0.0
48000.0,8000.0,0.0,23.0,1.0
54000.0,8000.0,0.0,24.0,0.0
60000.0,17500.0,0.0,22.0,0.0
54000.0,8000.0,0.0,24.0,0.0
54000.0,10000.0,0.0,23.0,1.0
54600.0,8000.0,0.0,22.0,0.0
54600.0,8000.0,1.0,26.0,0.0
48996.0,8000.0,1.0,22.0,1.0
60000.0,15000.0,1.0,23.0,0.0
54000.0,7500.0,0.0,23.0,1.0
55000.0,8000.0,0.0,23.0,0.0
54000.0,7750.0,0.0,23.0,1.0
55000.0,8000.0,0.0,22.0,0.0
55000.0,8000.0,0.0,23.0,0.0
54000.0,6000.0,1.0,26.0,1.0
60000.0,2000.0,0.0,23.0,0.0
60000.0,14000.0,0.0,24.0,0.0
60000.0,5900.0,0.0,22.0,0.0
55000.0,8000.0,1.0,24.0,0.0
55000.0,8000.0,0.0,23.0,0.0
60000.0,7000.0,1.0,22.0,0.0
60000.0,2400.0,1.0,24.0,0.0
49000.0,8000.0,0.0,22.0,1.0
55000.0,8000.0,0.0,23.0,0.0
60000.0,8000.0,0.0,22.0,0.0
60000.0,4000.0,0.0,25.0,0.0
60000.0,2600.0,0.0,24.0,0.0
49161.0,8000.0,1.0,23.0,1.0
56000.0,8000.0,0.0,25.0,0.0
60000.0,14000.0,0.0,25.0,0.0
50000.0,8000.0,0.0,23.0,1.0
60000.0,6000.0,0.0,22.0,0.0
56000.0,8000.0,0.0,23.0,0.0
56000.0,8000.0,0.0,24.0,0.0
54000.0,16000.0,0.0,22.0,1.0
60000.0,4000.0,0.0,24.0,0.0
60000.0,7000.0,0.0,24.0,0.0
60000.0,5000.0,0.0,24.0,0.0
60000.0,20000.0,0.0,23.0,0.0
57600.0,8000.0,0.0,25.0,0.0
57750.0,8000.0,0.0,23.0,0.0
57996.0,8000.0,0.0,23.0,0.0
60000.0,3000.0,1.0,25.0,0.0
60000.0,12000.0,0.0,25.0,0.0
60000.0,1400.0,1.0,25.0,0.0
52000.0,8000.0,1.0,24.0,1.0
58000.0,8000.0,0.0,23.0,0.0
52000.0,8000.0,0.0,22.0,1.0
60000.0,25000.0,0.0,25.0,0.0
58033.0,8000.0,0.0,24.0,0.0
60000.0,14000.0,0.0,22.0,0.0
60000.0,6000.0,0.0,21.0,0.0
60000.0,8000.0,0.0,22.0,0.0
60000.0,8000.0,0.0,22.0,0.0
60000.0,8000.0,0.0,25.0,0.0
60000.0,8000.0,0.0,25.0,0.0
60000.0,8000.0,0.0,25.0,0.0
60000.0,13000.0,0.0,23.0,0.0
60000.0,8000.0,0.0,26.0,0.0
60000.0,8000.0,1.0,22.0,0.0
54000.0,8000.0,0.0,25.0,1.0
60000.0,8000.0,0.0,23.0,0.0
60000.0,8000.0,0.0,22.0,0.0
54000.0,8000.0,1.0,22.0,1.0
60000.0,3000.0,0.0,22.0,0.0
54000.0,8400.0,0.0,25.0,1.0
60000.0,8000.0,1.0,24.0,0.0
60000.0,8000.0,0.0,23.0,0.0
60000.0,8000.0,0.0,23.0,0.0
60000.0,12000.0,0.0,21.0,0.0
60000.0,4000.0,0.0,23.0,0.0
60000.0,8000.0,0.0,21.0,0.0
60000.0,8000.0,0.0,23.0,0.0
60000.0,8000.0,0.0,22.0,0.0
60228.0,8000.0,1.0,23.0,0.0
60400.0,8000.0,0.0,23.0,0.0
60000.0,10750.0,0.0,23.0,0.0
61000.0,8000.0,1.0,23.0,0.0
55000.0,8000.0,0.0,22.0,1.0
55000.0,8000.0,0.0,24.0,1.0
60000.0,3250.0,1.0,22.0,0.0
60000.0,12500.0,1.0,22.0,0.0
61440.0,8000.0,0.0,25.0,0.0
55700.0,8000.0,1.0,26.0,1.0
61995.0,8000.0,0.0,25.0,0.0
46000.0,5200.0,1.0,21.0,1.0
54000.0,5000.0,1.0,23.0,1.0
54000.0,5200.0,0.0,23.0,0.0
54000.0,5200.0,0.0,24.0,1.0
60000.0,7000.0,0.0,22.0,0.0
62000.0,5200.0,0.0,26.0,0.0
54000.0,12000.0,0.0,22.0,1.0
60000.0,11500.0,0.0,22.0,0.0
65000.0,5200.0,0.0,25.0,0.0
15000.0,5175.0,0.0,23.0,1.0
21000.0,5175.0,0.0,25.0,1.0
60000.0,1200.0,0.0,25.0,0.0
54000.0,5125.0,0.0,21.0,1.0
60000.0,5000.0,0.0,21.0,0.0
60000.0,6000.0,1.0,22.0,0.0
60000.0,5125.0,0.0,22.0,0.0
28000.0,5100.0,0.0,26.0,0.0
60000.0,18500.0,0.0,23.0,0.0
60000.0,5500.0,0.0,25.0,0.0
32000.0,5100.0,0.0,25.0,0.0
35368.0,5100.0,0.0,21.0,0.0
37200.0,5100.0,0.0,21.0,0.0
60000.0,11500.0,0.0,26.0,0.0
45000.0,5100.0,0.0,25.0,0.0
60000.0,5000.0,0.0,22.0,0.0
60000.0,24250.0,1.0,22.0,0.0
53000.0,5100.0,0.0,24.0,0.0
56000.0,5100.0,0.0,26.0,0.0
60000.0,2450.0,0.0,23.0,0.0
60000.0,3000.0,0.0,23.0,0.0
33600.0,5075.0,0.0,25.0,0.0
60000.0,8000.0,0.0,23.0,0.0
34000.0,5050.0,0.0,26.0,1.0
66000.0,5050.0,0.0,25.0,0.0
60000.0,15000.0,0.0,24.0,0.0
60000.0,4500.0,0.0,23.0,0.0
74000.0,5050.0,0.0,22.0,0.0
40000.0,5025.0,0.0,22.0,0.0
10000.0,5000.0,1.0,21.0,1.0
60000.0,2000.0,0.0,22.0,0.0
10668.0,5000.0,0.0,24.0,1.0
10800.0,5000.0,0.0,24.0,1.0
12000.0,5000.0,0.0,21.0,1.0
60000.0,20000.0,0.0,23.0,0.0
13000.0,5000.0,0.0,24.0,1.0
60000.0,2000.0,1.0,23.0,0.0
14400.0,5000.0,0.0,21.0,1.0
14400.0,5000.0,0.0,23.0,1.0
60000.0,1200.0,0.0,26.0,0.0
60000.0,16000.0,1.0,25.0,0.0
60000.0,10200.0,1.0,25.0,0.0
60000.0,10000.0,0.0,23.0,0.0
60000.0,4000.0,0.0,24.0,0.0
54000.0,10000.0,1.0,22.0,1.0
15600.0,5000.0,0.0,26.0,1.0
60000.0,5000.0,1.0,22.0,0.0
60000.0,8000.0,0.0,22.0,0.0
15600.0,5000.0,0.0,25.0,1.0
60000.0,9500.0,0.0,23.0,0.0
16120.0,5000.0,0.0,26.0,1.0
60000.0,6000.0,0.0,26.0,0.0
16320.0,5000.0,0.0,22.0,1.0
60000.0,8000.0,0.0,24.0,0.0
60000.0,14000.0,0.0,24.0,0.0
60000.0,6000.0,0.0,26.0,0.0
16800.0,5000.0,1.0,24.0,1.0
54000.0,4000.0,0.0,22.0,1.0
54000.0,12000.0,0.0,25.0,1.0
17004.0,5000.0,0.0,23.0,1.0
60000.0,5000.0,0.0,25.0,0.0
17720.0,5000.0,0.0,22.0,1.0
60000.0,12900.0,0.0,22.0,0.0
18000.0,5000.0,0.0,23.0,1.0
18492.0,5000.0,1.0,21.0,1.0
60000.0,13200.0,1.0,23.0,0.0
60000.0,1800.0,0.0,25.0,0.0
19200.0,5000.0,0.0,25.0,1.0
60000.0,20000.0,0.0,22.0,0.0
19200.0,5000.0,0.0,25.0,1.0
19800.0,5000.0,1.0,25.0,1.0
60000.0,11500.0,0.0,23.0,0.0
60000.0,10000.0,0.0,24.0,0.0
60000.0,10000.0,0.0,24.0,0.0
60000.0,2800.0,0.0,24.0,0.0
60000.0,3000.0,1.0,25.0,0.0
60000.0,9000.0,1.0,22.0,0.0
20000.0,5000.0,0.0,22.0,0.0
20000.0,5000.0,0.0,21.0,0.0
54000.0,1500.0,1.0,24.0,1.0
60000.0,16750.0,0.0,22.0,0.0
60000.0,10000.0,0.0,22.0,0.0
21000.0,5000.0,0.0,21.0,1.0
54000.0,10000.0,0.0,24.0,1.0
21000.0,5000.0,0.0,26.0,0.0
21000.0,5000.0,0.0,21.0,0.0
54000.0,16000.0,0.0,23.0,1.0
21000.0,5000.0,0.0,24.0,0.0
21120.0,5000.0,0.0,24.0,1.0
21600.0,5000.0,1.0,25.0,1.0
60000.0,15000.0,0.0,24.0,0.0
21600.0,5000.0,0.0,26.0,0.0
60000.0,10000.0,0.0,25.0,0.0
21600.0,5000.0,1.0,23.0,1.0
21648.0,5000.0,0.0,24.0,0.0
54000.0,8000.0,0.0,26.0,1.0
60000.0,3000.0,0.0,22.0,0.0
60000.0,10000.0,0.0,23.0,0.0
22000.0,5000.0,1.0,21.0,0.0
60000.0,1000.0,0.0,22.0,0.0
22000.0,5000.0,0.0,25.0,1.0
60000.0,10000.0,0.0,25.0,0.0
22800.0,5000.0,1.0,22.0,0.0
22800.0,5000.0,0.0,26.0,0.0
22944.0,5000.0,0.0,23.0,0.0
22992.0,5000.0,1.0,24.0,1.0
24000.0,5000.0,1.0,23.0,1.0
60000.0,1600.0,0.0,22.0,0.0
24000.0,5000.0,0.0,26.0,0.0
24000.0,5000.0,0.0,24.0,0.0
24000.0,5000.0,0.0,23.0,0.0
24000.0,5000.0,0.0,22.0,0.0
54000.0,7500.0,1.0,23.0,1.0
60000.0,7500.0,0.0,23.0,0.0
60000.0,9900.0,0.0,23.0,0.0
60000.0,7500.0,0.0,22.0,0.0
60000.0,6000.0,0.0,23.0,0.0
24000.0,5000.0,0.0,25.0,0.0
60000.0,17000.0,0.0,22.0,0.0
60000.0,9800.0,0.0,26.0,0.0
60000.0,8000.0,0.0,22.0,0.0
24000.0,5000.0,0.0,21.0,0.0
24000.0,5000.0,0.0,25.0,0.0
24000.0,5000.0,0.0,23.0,0.0
24000.0,5000.0,0.0,23.0,0.0
24000.0,5000.0,0.0,23.0,0.0
24000.0,5000.0,0.0,22.0,0.0
24044.0,5000.0,0.0,22.0,0.0
60204.0,10000.0,0.0,24.0,0.0
24996.0,5000.0,0.0,21.0,1.0
25000.0,5000.0,0.0,26.0,0.0
60400.0,24000.0,0.0,22.0,0.0
60400.0,5500.0,0.0,24.0,0.0
54417.0,9525.0,1.0,24.0,1.0
25000.0,5000.0,0.0,23.0,0.0
60500.0,17000.0,0.0,25.0,0.0
60500.0,5000.0,1.0,23.0,0.0
25000.0,5000.0,0.0,23.0,0.0
54500.0,8000.0,0.0,24.0,1.0
25000.0,5000.0,0.0,24.0,0.0
60500.0,12000.0,0.0,22.0,0.0
25000.0,5000.0,0.0,23.0,0.0
60500.0,6000.0,0.0,24.0,0.0
25000.0,5000.0,0.0,24.0,1.0
60612.0,18000.0,1.0,22.0,0.0
25000.0,5000.0,1.0,21.0,1.0
60626.0,2500.0,0.0,25.0,0.0
60635.0,6800.0,1.0,22.0,0.0
60785.0,10625.0,0.0,23.0,0.0
26000.0,5000.0,0.0,22.0,0.0
60996.0,12000.0,0.0,26.0,0.0
26400.0,5000.0,0.0,24.0,0.0
26400.0,5000.0,1.0,21.0,0.0
61000.0,15000.0,1.0,25.0,0.0
26400.0,5000.0,0.0,23.0,0.0
61000.0,12000.0,0.0,22.0,0.0
27000.0,5000.0,0.0,21.0,0.0
55000.0,9000.0,1.0,25.0,1.0
61000.0,12000.0,0.0,23.0,0.0
27000.0,5000.0,1.0,23.0,1.0
61000.0,2100.0,0.0,22.0,0.0
55000.0,6000.0,0.0,24.0,1.0
27000.0,5000.0,0.0,22.0,0.0
27000.0,5000.0,0.0,22.0,0.0
27096.0,5000.0,0.0,25.0,1.0
61000.0,8000.0,0.0,22.0,0.0
61000.0,18400.0,0.0,23.0,0.0
61000.0,12000.0,0.0,26.0,0.0
61000.0,12000.0,0.0,22.0,0.0
61000.0,8000.0,0.0,26.0,0.0
27264.0,5000.0,1.0,22.0,0.0
61000.0,3000.0,0.0,24.0,0.0
27360.0,5000.0,0.0,22.0,0.0
27500.0,5000.0,1.0,24.0,1.0
61000.0,4200.0,0.0,26.0,0.0
61000.0,12000.0,0.0,22.0,0.0
62000.0,8000.0,0.0,22.0,0.0
61000.0,10000.0,0.0,24.0,0.0
61000.0,7000.0,0.0,25.0,0.0
61000.0,8000.0,0.0,22.0,0.0
62000.0,8000.0,0.0,26.0,0.0
55000.0,10000.0,0.0,26.0,1.0
61000.0,18200.0,0.0,22.0,0.0
62000.0,8000.0,1.0,22.0,0.0
55000.0,10000.0,0.0,23.0,1.0
61000.0,15000.0,0.0,25.0,0.0
61000.0,7500.0,0.0,26.0,0.0
62000.0,8000.0,0.0,24.0,0.0
61000.0,21000.0,1.0,22.0,0.0
56400.0,8000.0,1.0,24.0,1.0
61000.0,19200.0,0.0,26.0,0.0
63000.0,8000.0,0.0,26.0,0.0
63900.0,8000.0,0.0,25.0,0.0
64000.0,8000.0,0.0,24.0,0.0
61080.0,25000.0,0.0,24.0,0.0
64000.0,8000.0,0.0,23.0,0.0
61147.0,17000.0,0.0,24.0,0.0
65000.0,8000.0,0.0,23.0,0.0
61193.0,6400.0,0.0,24.0,0.0
65000.0,8000.0,0.0,24.0,0.0
65000.0,8000.0,0.0,22.0,0.0
65000.0,8000.0,0.0,26.0,0.0
65000.0,8000.0,0.0,24.0,0.0
61200.0,5650.0,0.0,25.0,0.0
61200.0,5200.0,0.0,25.0,0.0
65000.0,8000.0,0.0,22.0,0.0
61200.0,10000.0,0.0,23.0,0.0
55200.0,15250.0,0.0,23.0,1.0
55200.0,6000.0,1.0,24.0,1.0
61200.0,1500.0,1.0,26.0,0.0
61200.0,5100.0,0.0,24.0,0.0
55200.0,9600.0,0.0,24.0,1.0
65000.0,8000.0,1.0,23.0,0.0
65000.0,8000.0,0.0,23.0,0.0
61289.0,2000.0,0.0,24.0,0.0
61300.0,9000.0,1.0,23.0,0.0
61300.0,13000.0,0.0,22.0,0.0
61360.0,6125.0,0.0,23.0,0.0
55365.0,25000.0,0.0,23.0,1.0
65004.0,8000.0,0.0,24.0,0.0
55400.0,5000.0,0.0,21.0,1.0
55400.0,5500.0,0.0,23.0,1.0
61402.0,10800.0,0.0,22.0,0.0
65500.0,8000.0,1.0,21.0,0.0
61498.0,5000.0,0.0,23.0,0.0
61500.0,30000.0,0.0,22.0,0.0
67000.0,8000.0,0.0,26.0,0.0
61500.0,3200.0,0.0,24.0,0.0
61547.0,24250.0,1.0,22.0,0.0
61615.0,13000.0,0.0,23.0,0.0
61650.0,6500.0,0.0,24.0,0.0
70000.0,8000.0,1.0,25.0,0.0
61717.0,3200.0,0.0,24.0,0.0
61781.0,17800.0,0.0,24.0,0.0
70000.0,8000.0,0.0,24.0,0.0
61800.0,1500.0,0.0,24.0,0.0
61800.0,4000.0,0.0,25.0,0.0
70000.0,8000.0,0.0,26.0,0.0
70000.0,8000.0,1.0,26.0,0.0
70000.0,8000.0,0.0,22.0,0.0
70000.0,8000.0,0.0,23.0,0.0
64000.0,8000.0,1.0,25.0,1.0
70000.0,8000.0,0.0,23.0,0.0
62000.0,12000.0,0.0,26.0,0.0
70000.0,8000.0,0.0,22.0,0.0
62000.0,4000.0,0.0,23.0,0.0
64000.0,8000.0,0.0,22.0,1.0
70000.0,8000.0,1.0,24.0,0.0
70000.0,8000.0,0.0,25.0,0.0
62000.0,8400.0,0.0,26.0,0.0
71000.0,8000.0,1.0,26.0,0.0
62000.0,1800.0,0.0,23.0,0.0
62000.0,13000.0,1.0,22.0,0.0
72000.0,8000.0,0.0,25.0,0.0
72000.0,8000.0,0.0,22.0,0.0
62000.0,15075.0,0.0,22.0,0.0
66000.0,8000.0,1.0,22.0,1.0
62000.0,5875.0,0.0,24.0,0.0
72000.0,8000.0,0.0,22.0,0.0
62000.0,6000.0,0.0,21.0,0.0
62000.0,2000.0,0.0,22.0,0.0
62000.0,10000.0,0.0,23.0,0.0
62000.0,5000.0,0.0,22.0,0.0
62000.0,10000.0,1.0,24.0,0.0
62000.0,12000.0,0.0,25.0,0.0
72000.0,8000.0,0.0,24.0,0.0
62000.0,8500.0,0.0,25.0,0.0
74000.0,8000.0,1.0,24.0,0.0
74000.0,8000.0,0.0,26.0,0.0
62000.0,5000.0,0.0,23.0,0.0
75000.0,8000.0,0.0,23.0,0.0
62000.0,10000.0,0.0,24.0,0.0
75000.0,8000.0,0.0,22.0,0.0
75000.0,8000.0,0.0,23.0,0.0
62000.0,3000.0,0.0,25.0,0.0
75000.0,8000.0,0.0,23.0,0.0
75000.0,8000.0,1.0,24.0,0.0
62000.0,10000.0,0.0,22.0,0.0
69000.0,8000.0,1.0,25.0,1.0
75638.0,8000.0,0.0,23.0,0.0
76000.0,8000.0,0.0,26.0,0.0
76460.0,8000.0,0.0,25.0,0.0
77000.0,8000.0,0.0,24.0,0.0
62000.0,9000.0,0.0,22.0,0.0
78000.0,8000.0,1.0,22.0,0.0
62000.0,10000.0,1.0,26.0,0.0
56000.0,8000.0,1.0,23.0,1.0
79000.0,8000.0,0.0,24.0,0.0
80000.0,8000.0,0.0,23.0,0.0
62000.0,10000.0,0.0,24.0,0.0
62000.0,7750.0,0.0,24.0,0.0
80000.0,8000.0,1.0,22.0,0.0
80000.0,8000.0,0.0,26.0,0.0
74000.0,8000.0,0.0,25.0,1.0
62000.0,18000.0,1.0,23.0,0.0
62000.0,1500.0,0.0,22.0,0.0
80000.0,8000.0,1.0,26.0,0.0
62000.0,17000.0,0.0,22.0,0.0
81600.0,8000.0,1.0,24.0,0.0
82000.0,8000.0,0.0,26.0,0.0
62000.0,10000.0,0.0,26.0,0.0
76000.0,8000.0,1.0,26.0,1.0
56000.0,2000.0,0.0,25.0,1.0
62000.0,20000.0,0.0,26.0,0.0
62000.0,2100.0,0.0,25.0,0.0
56000.0,10000.0,0.0,24.0,1.0
66300.0,8000.0,0.0,22.0,1.0
84996.0,8000.0,1.0,22.0,0.0
62000.0,6000.0,0.0,25.0,0.0
85000.0,8000.0,1.0,24.0,0.0
62000.0,10000.0,0.0,25.0,0.0
62000.0,11200.0,0.0,23.0,0.0
56000.0,18000.0,0.0,21.0,1.0
86004.0,8000.0,1.0,22.0,0.0
86502.0,8000.0,0.0,26.0,0.0
62000.0,5000.0,0.0,22.0,0.0
87000.0,8000.0,0.0,25.0,0.0
62000.0,3500.0,0.0,25.0,0.0
62000.0,10000.0,0.0,23.0,0.0
62000.0,6000.0,0.0,22.0,0.0
62000.0,5000.0,1.0,23.0,0.0
76500.0,8000.0,0.0,23.0,1.0
90000.0,8000.0,0.0,26.0,0.0
62000.0,20000.0,0.0,24.0,0.0
90000.0,8000.0,0.0,22.0,0.0
62000.0,6500.0,0.0,23.0,0.0
62000.0,10000.0,0.0,22.0,0.0
90000.0,8000.0,0.0,23.0,0.0
90000.0,8000.0,1.0,23.0,0.0
56000.0,15000.0,1.0,22.0,1.0
91000.0,8000.0,0.0,22.0,0.0
91000.0,8000.0,0.0,22.0,0.0
92004.0,8000.0,0.0,23.0,0.0
62000.0,7500.0,0.0,22.0,0.0
62000.0,6400.0,0.0,23.0,0.0
62000.0,8000.0,0.0,24.0,0.0
62000.0,9600.0,0.0,23.0,0.0
95000.0,8000.0,0.0,25.0,0.0
95000.0,8000.0,0.0,25.0,0.0
95000.0,8000.0,0.0,25.0,0.0
95000.0,8000.0,0.0,25.0,0.0
62000.0,3000.0,0.0,22.0,0.0
95004.0,8000.0,1.0,22.0,0.0
84000.0,8000.0,0.0,26.0,1.0
56004.0,8000.0,0.0,25.0,1.0
84000.0,8000.0,0.0,25.0,1.0
96500.0,8000.0,1.0,26.0,0.0
56004.0,6000.0,0.0,24.0,1.0
97000.0,8000.0,0.0,24.0,0.0
62004.0,4000.0,0.0,26.0,0.0
99996.0,8000.0,1.0,26.0,0.0
99996.0,8000.0,0.0,21.0,0.0
56004.0,15000.0,0.0,23.0,1.0
62004.0,9600.0,0.0,23.0,0.0
100000.0,8000.0,0.0,26.0,0.0
62004.0,15000.0,0.0,25.0,0.0
62004.0,3600.0,0.0,22.0,0.0
62004.0,10000.0,0.0,23.0,0.0
89000.0,8000.0,0.0,23.0,1.0
62100.0,9600.0,0.0,26.0,0.0
105000.0,8000.0,0.0,24.0,0.0
62100.0,1600.0,0.0,26.0,0.0
62100.0,6000.0,0.0,24.0,0.0
81600.0,8000.0,1.0,26.0,1.0
108000.0,8000.0,0.0,24.0,0.0
62200.0,18000.0,0.0,26.0,0.0
110000.0,8000.0,0.0,24.0,0.0
115000.0,8000.0,0.0,25.0,0.0
56208.0,12000.0,1.0,22.0,1.0
116664.0,8000.0,0.0,24.0,0.0
108000.0,8000.0,1.0,22.0,1.0
108000.0,8000.0,0.0,25.0,1.0
62316.0,10000.0,0.0,21.0,0.0
62352.0,29800.0,0.0,23.0,0.0
62361.0,21650.0,0.0,26.0,0.0
120000.0,8000.0,1.0,23.0,0.0
123000.0,8000.0,0.0,25.0,0.0
125000.0,8000.0,0.0,26.0,0.0
126000.0,8000.0,0.0,23.0,0.0
62400.0,7200.0,0.0,23.0,0.0
62400.0,4000.0,0.0,24.0,0.0
130000.0,8000.0,0.0,23.0,0.0
62400.0,7000.0,0.0,23.0,0.0
56400.0,8400.0,0.0,22.0,1.0
56400.0,25000.0,0.0,22.0,1.0
131400.0,8000.0,0.0,24.0,1.0
62400.0,9500.0,0.0,24.0,0.0
62400.0,2400.0,1.0,22.0,0.0
62400.0,12600.0,1.0,22.0,0.0
62400.0,12500.0,0.0,25.0,0.0
62400.0,2000.0,0.0,25.0,0.0
183700.0,8000.0,1.0,26.0,1.0
30000.0,8050.0,0.0,22.0,1.0
48000.0,8050.0,0.0,22.0,0.0
50000.0,8075.0,0.0,21.0,0.0
54000.0,8075.0,0.0,22.0,0.0
78000.0,8100.0,0.0,23.0,0.0
25000.0,8125.0,0.0,21.0,1.0
62496.0,8000.0,0.0,25.0,0.0
30000.0,8125.0,0.0,23.0,0.0
62496.0,5000.0,1.0,21.0,0.0
62500.0,13200.0,0.0,21.0,0.0
62500.0,23525.0,0.0,23.0,0.0
56000.0,8150.0,0.0,26.0,0.0
60500.0,8150.0,1.0,24.0,1.0
62500.0,8000.0,0.0,26.0,0.0
62500.0,10000.0,0.0,22.0,0.0
34000.0,8200.0,0.0,25.0,0.0
62500.0,6000.0,0.0,24.0,0.0
40000.0,8200.0,0.0,26.0,0.0
40944.0,8200.0,0.0,24.0,0.0
55000.0,8200.0,1.0,23.0,0.0
62500.0,16000.0,0.0,24.0,0.0
150000.0,8200.0,0.0,22.0,0.0
25200.0,8250.0,0.0,21.0,1.0
30000.0,8250.0,0.0,23.0,0.0
62500.0,9600.0,1.0,23.0,0.0
62500.0,6500.0,1.0,24.0,0.0
62500.0,15000.0,0.0,25.0,0.0
62500.0,4000.0,0.0,23.0,0.0
62510.0,12000.0,0.0,23.0,0.0
70000.0,8250.0,1.0,25.0,1.0
62677.0,6000.0,0.0,24.0,0.0
26000.0,8300.0,0.0,23.0,1.0
30000.0,8300.0,0.0,25.0,1.0
45020.0,8300.0,0.0,22.0,0.0
50000.0,8300.0,0.0,21.0,0.0
83000.0,8300.0,0.0,24.0,0.0
62892.0,9600.0,0.0,22.0,0.0
62916.0,15000.0,0.0,21.0,0.0
56920.0,10000.0,1.0,22.0,1.0
56972.0,15000.0,0.0,24.0,1.0
63000.0,14000.0,0.0,25.0,0.0
31200.0,8325.0,0.0,26.0,0.0
77100.0,8350.0,0.0,26.0,0.0
30000.0,8400.0,0.0,21.0,0.0
63000.0,20000.0,0.0,23.0,0.0
63000.0,6000.0,0.0,24.0,0.0
31200.0,8400.0,0.0,24.0,0.0
32000.0,8400.0,1.0,21.0,1.0
63000.0,20000.0,0.0,25.0,0.0
32000.0,8400.0,0.0,22.0,0.0
63000.0,20000.0,0.0,24.0,0.0
63000.0,10000.0,0.0,23.0,0.0
63000.0,7300.0,0.0,23.0,0.0
63000.0,10000.0,0.0,21.0,0.0
63000.0,20000.0,0.0,25.0,0.0
35000.0,8400.0,1.0,24.0,0.0
63000.0,9700.0,0.0,23.0,0.0
63000.0,11200.0,0.0,21.0,0.0
35960.0,8400.0,0.0,26.0,0.0
36000.0,8400.0,1.0,25.0,0.0
63000.0,10800.0,0.0,22.0,0.0
36100.0,8400.0,0.0,24.0,0.0
63000.0,6800.0,0.0,23.0,0.0
41000.0,8400.0,0.0,22.0,0.0
63000.0,8400.0,0.0,22.0,0.0
63000.0,12000.0,0.0,22.0,0.0
63000.0,10000.0,0.0,26.0,0.0
35500.0,8400.0,0.0,26.0,1.0
63000.0,4500.0,0.0,22.0,0.0
42000.0,8400.0,0.0,22.0,0.0
63000.0,10000.0,0.0,26.0,0.0
63000.0,3700.0,0.0,22.0,0.0
63000.0,25000.0,0.0,25.0,0.0
63000.0,6300.0,0.0,24.0,0.0
45000.0,8400.0,0.0,24.0,0.0
39000.0,8400.0,0.0,23.0,1.0
47000.0,8400.0,0.0,26.0,0.0
63000.0,8400.0,1.0,22.0,0.0
48000.0,8400.0,0.0,26.0,0.0
50000.0,8400.0,1.0,26.0,0.0
63000.0,8950.0,0.0,22.0,0.0
50000.0,8400.0,0.0,25.0,0.0
44000.0,8400.0,1.0,26.0,1.0
51300.0,8400.0,0.0,26.0,0.0
51420.0,8400.0,1.0,22.0,0.0
51996.0,8400.0,1.0,26.0,0.0
63000.0,17600.0,0.0,24.0,0.0
52000.0,8400.0,0.0,23.0,0.0
46500.0,8400.0,1.0,23.0,1.0
63000.0,10000.0,0.0,22.0,0.0
63000.0,20000.0,1.0,24.0,0.0
49000.0,8400.0,1.0,26.0,1.0
55000.0,8400.0,0.0,25.0,0.0
55000.0,8400.0,0.0,22.0,0.0
63000.0,3000.0,0.0,25.0,0.0
55000.0,8400.0,0.0,26.0,0.0
63000.0,3500.0,0.0,26.0,0.0
56000.0,8400.0,0.0,23.0,0.0
63000.0,11400.0,0.0,24.0,0.0
63000.0,14100.0,0.0,22.0,0.0
63000.0,15000.0,0.0,24.0,0.0
60000.0,8400.0,1.0,25.0,0.0
60000.0,8400.0,0.0,23.0,0.0
63000.0,24000.0,0.0,26.0,0.0
60000.0,8400.0,0.0,25.0,0.0
57000.0,6500.0,1.0,24.0,1.0
63000.0,25000.0,0.0,25.0,0.0
60000.0,8400.0,0.0,24.0,0.0
63000.0,3800.0,1.0,26.0,0.0
63096.0,4200.0,0.0,26.0,0.0
62000.0,8400.0,1.0,22.0,0.0
63132.0,10000.0,0.0,22.0,0.0
63150.0,12000.0,0.0,23.0,0.0
62004.0,8400.0,1.0,22.0,0.0
63180.0,5825.0,1.0,26.0,0.0
63189.0,8000.0,0.0,23.0,0.0
63200.0,27250.0,0.0,25.0,0.0
63200.0,4800.0,0.0,23.0,0.0
65004.0,8400.0,0.0,26.0,0.0
61000.0,8400.0,0.0,23.0,1.0
68000.0,8400.0,0.0,24.0,0.0
68926.0,8400.0,0.0,26.0,0.0
63300.0,17600.0,1.0,25.0,0.0
63400.0,10500.0,0.0,22.0,0.0
63400.0,20000.0,0.0,26.0,0.0
73500.0,8400.0,0.0,22.0,0.0
75000.0,8400.0,0.0,24.0,0.0
78600.0,8400.0,1.0,25.0,0.0
100000.0,8400.0,0.0,24.0,0.0
100300.0,8400.0,0.0,23.0,1.0
140000.0,8400.0,0.0,26.0,0.0
18000.0,8500.0,0.0,26.0,1.0
18000.0,8500.0,0.0,25.0,1.0
19200.0,8500.0,0.0,26.0,1.0
63600.0,2475.0,0.0,23.0,0.0
63600.0,4000.0,0.0,22.0,0.0
57655.0,9925.0,0.0,24.0,1.0
63720.0,12500.0,0.0,25.0,0.0
63800.0,25000.0,0.0,22.0,0.0
42000.0,8550.0,0.0,22.0,0.0
36000.0,8550.0,0.0,26.0,1.0
66000.0,8550.0,0.0,23.0,0.0
63834.0,17000.0,0.0,26.0,0.0
32000.0,8575.0,1.0,25.0,1.0
63996.0,4000.0,0.0,22.0,0.0
63996.0,6000.0,0.0,24.0,0.0
63996.0,3250.0,0.0,22.0,0.0
55000.0,8575.0,0.0,25.0,0.0
63996.0,14400.0,0.0,24.0,0.0
64000.0,5000.0,0.0,26.0,0.0
30500.0,8600.0,1.0,26.0,1.0
40000.0,8600.0,0.0,22.0,0.0
64000.0,12000.0,0.0,26.0,0.0
64000.0,12000.0,0.0,24.0,0.0
95000.0,8600.0,0.0,25.0,0.0
64000.0,6625.0,0.0,22.0,0.0
60626.0,8625.0,0.0,23.0,0.0
69000.0,8650.0,0.0,22.0,0.0
42000.0,8675.0,1.0,25.0,0.0
28000.0,8700.0,0.0,23.0,1.0
64000.0,2100.0,0.0,23.0,0.0
64000.0,5200.0,0.0,24.0,0.0
64000.0,9000.0,0.0,25.0,0.0
64000.0,6000.0,0.0,22.0,0.0
64000.0,8000.0,0.0,23.0,0.0
64000.0,15000.0,1.0,22.0,0.0
64000.0,9600.0,0.0,22.0,0.0
29004.0,8725.0,0.0,24.0,0.0
64000.0,4000.0,0.0,24.0,0.0
64000.0,5550.0,0.0,23.0,0.0
64000.0,10000.0,0.0,21.0,0.0
150000.0,8750.0,0.0,25.0,0.0
64000.0,13225.0,0.0,24.0,0.0
64000.0,5000.0,0.0,25.0,0.0
64000.0,1200.0,0.0,24.0,0.0
64000.0,7000.0,0.0,22.0,0.0
64000.0,15000.0,0.0,26.0,0.0
46104.0,8775.0,0.0,22.0,0.0
64000.0,15000.0,1.0,22.0,0.0
64000.0,14000.0,1.0,22.0,0.0
18500.0,9000.0,1.0,23.0,1.0
64000.0,5500.0,0.0,23.0,0.0
20000.0,9000.0,0.0,21.0,1.0
21600.0,9000.0,0.0,22.0,1.0
25000.0,9000.0,0.0,25.0,1.0
64000.0,25000.0,0.0,22.0,0.0
64000.0,12000.0,0.0,24.0,0.0
25000.0,9000.0,0.0,24.0,1.0
25600.0,9000.0,0.0,22.0,1.0
25920.0,9000.0,0.0,22.0,1.0
26000.0,9000.0,0.0,22.0,1.0
64000.0,8000.0,1.0,26.0,0.0
26400.0,9000.0,0.0,24.0,1.0
64000.0,4800.0,0.0,24.0,0.0
64000.0,2000.0,0.0,22.0,0.0
26785.0,9000.0,0.0,21.0,1.0
58000.0,25000.0,1.0,26.0,1.0
58000.0,7200.0,0.0,23.0,1.0
26976.0,9000.0,0.0,23.0,1.0
27600.0,9000.0,1.0,23.0,1.0
28800.0,9000.0,0.0,22.0,1.0
30000.0,9000.0,1.0,22.0,1.0
30000.0,9000.0,1.0,25.0,1.0
30000.0,9000.0,1.0,21.0,0.0
30000.0,9000.0,0.0,26.0,1.0
64212.0,9600.0,1.0,26.0,0.0
64260.0,9200.0,1.0,22.0,0.0
64260.0,4500.0,0.0,26.0,0.0
64312.0,5000.0,1.0,22.0,0.0
30000.0,9000.0,1.0,23.0,1.0
31200.0,9000.0,0.0,24.0,0.0
64500.0,7000.0,0.0,23.0,0.0
64500.0,1200.0,0.0,24.0,0.0
64500.0,12000.0,1.0,25.0,0.0
64500.0,10000.0,0.0,23.0,0.0
64500.0,15000.0,0.0,21.0,0.0
33000.0,9000.0,0.0,21.0,0.0
33000.0,9000.0,0.0,22.0,0.0
33000.0,9000.0,0.0,25.0,0.0
33000.0,9000.0,0.0,25.0,0.0
33600.0,9000.0,0.0,21.0,1.0
34000.0,9000.0,0.0,24.0,0.0
64656.0,14500.0,0.0,24.0,0.0
34000.0,9000.0,0.0,24.0,0.0
34320.0,9000.0,0.0,26.0,1.0
29000.0,9000.0,0.0,23.0,1.0
64800.0,4500.0,0.0,25.0,0.0
35000.0,9000.0,0.0,21.0,0.0
64800.0,2000.0,0.0,26.0,0.0
64800.0,4000.0,1.0,23.0,0.0
36000.0,9000.0,0.0,23.0,0.0
64800.0,11000.0,0.0,24.0,0.0
64800.0,2400.0,0.0,23.0,0.0
30000.0,9000.0,0.0,24.0,1.0
64956.0,7500.0,1.0,26.0,0.0
64992.0,4000.0,0.0,26.0,0.0
64999.0,15000.0,0.0,26.0,0.0
64999.0,10000.0,1.0,26.0,0.0
64999.0,2500.0,0.0,22.0,0.0
65000.0,3000.0,1.0,26.0,0.0
30000.0,9000.0,1.0,26.0,1.0
36000.0,9000.0,1.0,23.0,0.0
65000.0,10500.0,0.0,23.0,0.0
36120.0,9000.0,0.0,21.0,0.0
59000.0,3000.0,1.0,25.0,1.0
37000.0,9000.0,0.0,24.0,0.0
65000.0,10000.0,0.0,26.0,0.0
37500.0,9000.0,0.0,22.0,0.0
65000.0,12000.0,0.0,24.0,0.0
65000.0,8200.0,0.0,23.0,0.0
65000.0,12000.0,0.0,25.0,0.0
65000.0,6000.0,0.0,23.0,0.0
65000.0,10200.0,0.0,23.0,0.0
38400.0,9000.0,0.0,24.0,0.0
38500.0,9000.0,0.0,22.0,0.0
39600.0,9000.0,0.0,23.0,0.0
33996.0,9000.0,1.0,24.0,1.0
65000.0,17000.0,0.0,26.0,0.0
40000.0,9000.0,0.0,24.0,0.0
40000.0,9000.0,0.0,22.0,0.0
65000.0,12000.0,0.0,24.0,0.0
40000.0,9000.0,0.0,23.0,0.0
40000.0,9000.0,1.0,23.0,0.0
34000.0,9000.0,1.0,23.0,1.0
65000.0,6300.0,0.0,24.0,0.0
65000.0,7200.0,0.0,22.0,0.0
40000.0,9000.0,0.0,25.0,0.0
65000.0,12000.0,0.0,26.0,0.0
65000.0,12000.0,0.0,23.0,0.0
65000.0,6000.0,0.0,24.0,0.0
35500.0,9000.0,1.0,23.0,1.0
65000.0,6600.0,0.0,24.0,0.0
65000.0,7200.0,1.0,24.0,0.0
59000.0,5000.0,0.0,25.0,1.0
65000.0,5000.0,0.0,26.0,0.0
65000.0,10000.0,0.0,21.0,0.0
42000.0,9000.0,0.0,23.0,0.0
65000.0,8000.0,0.0,24.0,0.0
65000.0,2200.0,0.0,21.0,0.0
42000.0,9000.0,0.0,23.0,0.0
65000.0,7425.0,0.0,23.0,0.0
36140.0,9000.0,0.0,21.0,1.0
42600.0,9000.0,0.0,26.0,0.0
42900.0,9000.0,0.0,25.0,0.0
65000.0,4200.0,0.0,24.0,0.0
65000.0,8000.0,1.0,26.0,0.0
43000.0,9000.0,1.0,26.0,0.0
43200.0,9000.0,1.0,22.0,0.0
65000.0,7000.0,0.0,23.0,0.0
43200.0,9000.0,0.0,23.0,0.0
65000.0,3300.0,0.0,24.0,0.0
44000.0,9000.0,0.0,26.0,0.0
44000.0,9000.0,0.0,25.0,0.0
44000.0,9000.0,0.0,25.0,0.0
44640.0,9000.0,0.0,25.0,0.0
45000.0,9000.0,0.0,23.0,0.0
65000.0,10000.0,0.0,25.0,0.0
45000.0,9000.0,0.0,22.0,0.0
45000.0,9000.0,0.0,23.0,0.0
45000.0,9000.0,0.0,21.0,0.0
45000.0,9000.0,1.0,22.0,0.0
65000.0,12800.0,0.0,22.0,0.0
65000.0,7000.0,0.0,23.0,0.0
65000.0,4800.0,1.0,26.0,0.0
45000.0,9000.0,0.0,22.0,0.0
59000.0,8000.0,1.0,26.0,1.0
45000.0,9000.0,0.0,26.0,0.0
45004.0,9000.0,1.0,22.0,0.0
65000.0,5000.0,0.0,26.0,0.0
39512.0,9000.0,0.0,25.0,1.0
65000.0,4000.0,0.0,23.0,0.0
65000.0,4400.0,0.0,24.0,0.0
65000.0,16500.0,0.0,23.0,0.0
65000.0,3600.0,0.0,23.0,0.0
45888.0,9000.0,0.0,24.0,0.0
46000.0,9000.0,0.0,26.0,0.0
46000.0,9000.0,0.0,24.0,0.0
46200.0,9000.0,0.0,23.0,0.0
46704.0,9000.0,0.0,24.0,0.0
47000.0,9000.0,0.0,25.0,0.0
47840.0,9000.0,0.0,22.0,0.0
65000.0,18000.0,0.0,23.0,0.0
48000.0,9000.0,0.0,22.0,0.0
65000.0,7000.0,0.0,22.0,0.0
65000.0,20500.0,0.0,26.0,0.0
48000.0,9000.0,0.0,26.0,0.0
48000.0,9000.0,1.0,25.0,0.0
49500.0,9000.0,1.0,22.0,0.0
65000.0,9600.0,0.0,24.0,0.0
50000.0,9000.0,0.0,25.0,0.0
65000.0,12000.0,0.0,25.0,0.0
65000.0,6000.0,0.0,24.0,0.0
65000.0,8000.0,0.0,26.0,0.0
65000.0,4800.0,0.0,20.0,0.0
50000.0,9000.0,0.0,23.0,0.0
50004.0,9000.0,0.0,26.0,0.0
50200.0,9000.0,0.0,26.0,0.0
50760.0,9000.0,0.0,26.0,0.0
65000.0,14000.0,0.0,24.0,0.0
65000.0,1200.0,0.0,25.0,0.0
65000.0,8000.0,0.0,24.0,0.0
51000.0,9000.0,0.0,23.0,0.0
51000.0,9000.0,0.0,24.0,0.0
51000.0,9000.0,0.0,22.0,0.0
65000.0,8500.0,1.0,23.0,0.0
51400.0,9000.0,0.0,26.0,0.0
65000.0,7000.0,0.0,23.0,0.0
65000.0,12000.0,0.0,26.0,0.0
51840.0,9000.0,0.0,26.0,0.0
52000.0,9000.0,0.0,23.0,0.0
65000.0,8000.0,0.0,24.0,0.0
52000.0,9000.0,0.0,22.0,0.0
65000.0,8000.0,0.0,22.0,0.0
65000.0,14400.0,0.0,26.0,0.0
65000.0,5400.0,0.0,23.0,0.0
65000.0,10000.0,0.0,23.0,0.0
65000.0,13600.0,1.0,23.0,0.0
52000.0,9000.0,0.0,21.0,0.0
52000.0,9000.0,1.0,22.0,0.0
65000.0,1525.0,0.0,24.0,0.0
52800.0,9000.0,0.0,24.0,0.0
52800.0,9000.0,0.0,24.0,0.0
53000.0,9000.0,1.0,23.0,0.0
53664.0,9000.0,0.0,23.0,0.0
65000.0,7000.0,0.0,23.0,0.0
65000.0,6000.0,0.0,24.0,0.0
54000.0,9000.0,1.0,22.0,0.0
65000.0,4000.0,0.0,26.0,0.0
65000.0,10000.0,0.0,24.0,0.0
65000.0,11500.0,0.0,26.0,0.0
48000.0,9000.0,1.0,25.0,1.0
65000.0,2000.0,0.0,24.0,0.0
59000.0,4900.0,1.0,22.0,1.0
55000.0,9000.0,0.0,25.0,0.0
55000.0,9000.0,0.0,25.0,0.0
59000.0,5000.0,0.0,21.0,1.0
65000.0,5500.0,0.0,24.0,0.0
65000.0,10000.0,0.0,26.0,0.0
65000.0,10000.0,0.0,24.0,0.0
55000.0,9000.0,1.0,24.0,0.0
65000.0,10800.0,0.0,23.0,0.0
45000.0,9050.0,0.0,26.0,0.0
38400.0,9100.0,1.0,26.0,0.0
43200.0,9100.0,0.0,23.0,1.0
57500.0,9100.0,0.0,22.0,0.0
65000.0,5000.0,0.0,25.0,0.0
30000.0,9150.0,0.0,22.0,0.0
65000.0,9000.0,0.0,24.0,0.0
65000.0,10000.0,0.0,24.0,0.0
65000.0,10000.0,0.0,22.0,0.0
29000.0,9200.0,0.0,26.0,1.0
30000.0,9200.0,0.0,21.0,1.0
65000.0,6000.0,0.0,24.0,0.0
43000.0,9200.0,0.0,21.0,0.0
65000.0,9600.0,1.0,23.0,0.0
50000.0,9200.0,0.0,22.0,0.0
50000.0,9200.0,0.0,23.0,0.0
65000.0,13750.0,0.0,23.0,0.0
65000.0,20000.0,1.0,24.0,0.0
65000.0,7300.0,0.0,23.0,0.0
62000.0,9200.0,0.0,22.0,0.0
66000.0,9200.0,0.0,23.0,0.0
77385.0,9200.0,0.0,24.0,0.0
65000.0,3000.0,0.0,22.0,0.0
59000.0,3600.0,0.0,25.0,1.0
59000.0,25000.0,0.0,21.0,1.0
82000.0,9200.0,0.0,25.0,0.0
63000.0,9225.0,0.0,22.0,0.0
65000.0,12000.0,0.0,24.0,0.0
13000.0,9250.0,0.0,21.0,1.0
65000.0,12000.0,1.0,25.0,0.0
24000.0,9250.0,0.0,23.0,1.0
24000.0,9250.0,0.0,22.0,1.0
24996.0,9250.0,0.0,25.0,1.0
25000.0,9250.0,0.0,25.0,1.0
25716.0,9250.0,0.0,25.0,1.0
65000.0,5000.0,0.0,21.0,0.0
65000.0,10000.0,0.0,22.0,0.0
65000.0,2000.0,0.0,24.0,0.0
65000.0,9000.0,0.0,23.0,0.0
27120.0,9250.0,1.0,22.0,1.0
65000.0,8400.0,0.0,21.0,0.0
65000.0,3500.0,0.0,24.0,0.0
65000.0,6250.0,0.0,23.0,0.0
27456.0,9250.0,0.0,24.0,1.0
65000.0,10000.0,0.0,23.0,0.0
65000.0,10000.0,0.0,25.0,0.0
65000.0,7000.0,0.0,25.0,0.0
65000.0,15000.0,0.0,25.0,0.0
28800.0,9250.0,1.0,23.0,1.0
65000.0,7000.0,1.0,24.0,0.0
28800.0,9250.0,0.0,24.0,1.0
65000.0,13000.0,0.0,22.0,0.0
65000.0,13000.0,1.0,22.0,0.0
31000.0,9250.0,0.0,22.0,1.0
32400.0,9250.0,1.0,22.0,1.0
36707.0,9250.0,1.0,23.0,0.0
65000.0,11000.0,0.0,24.0,0.0
39000.0,9250.0,0.0,21.0,0.0
65000.0,14400.0,0.0,23.0,0.0
65000.0,5500.0,0.0,23.0,0.0
40000.0,9250.0,0.0,23.0,0.0
65000.0,10950.0,0.0,26.0,0.0
65000.0,3800.0,0.0,22.0,0.0
65000.0,22000.0,0.0,26.0,0.0
65000.0,15000.0,0.0,25.0,0.0
65000.0,8700.0,0.0,25.0,0.0
65000.0,10000.0,0.0,22.0,0.0
70522.0,9325.0,1.0,23.0,0.0
65000.0,7000.0,0.0,23.0,0.0
50000.0,9350.0,0.0,22.0,0.0
65000.0,8000.0,0.0,24.0,0.0
30000.0,9375.0,0.0,22.0,1.0
65000.0,8100.0,0.0,22.0,0.0
59000.0,20000.0,0.0,25.0,1.0
59000.0,20000.0,1.0,26.0,1.0
65000.0,2500.0,0.0,24.0,0.0
45500.0,9400.0,0.0,26.0,0.0
44000.0,9400.0,1.0,23.0,1.0
65000.0,6000.0,0.0,24.0,0.0
65000.0,3000.0,0.0,24.0,0.0
50400.0,9400.0,0.0,23.0,0.0
45000.0,9425.0,1.0,22.0,0.0
65000.0,4400.0,0.0,23.0,0.0
25000.0,9450.0,0.0,24.0,1.0
65000.0,8000.0,0.0,23.0,0.0
26000.0,9450.0,0.0,21.0,1.0
65000.0,8500.0,0.0,24.0,0.0
33600.0,9450.0,0.0,24.0,1.0
65000.0,14000.0,1.0,24.0,0.0
34200.0,9450.0,0.0,26.0,1.0
19200.0,9500.0,0.0,25.0,1.0
65000.0,7000.0,1.0,26.0,0.0
65000.0,3000.0,1.0,22.0,0.0
20000.0,9500.0,0.0,21.0,1.0
65000.0,6000.0,0.0,23.0,0.0
65000.0,7500.0,0.0,23.0,0.0
23040.0,9500.0,1.0,24.0,1.0
27000.0,9500.0,1.0,22.0,1.0
28000.0,9500.0,0.0,24.0,1.0
28000.0,9500.0,0.0,26.0,1.0
30000.0,9500.0,0.0,24.0,1.0
32000.0,9500.0,0.0,22.0,0.0
65000.0,20000.0,0.0,23.0,0.0
37157.0,9500.0,0.0,24.0,0.0
65000.0,10000.0,0.0,24.0,0.0
59000.0,12000.0,1.0,24.0,1.0
65000.0,17000.0,0.0,22.0,0.0
41000.0,9500.0,0.0,23.0,0.0
44064.0,9500.0,0.0,23.0,0.0
46500.0,9500.0,0.0,25.0,0.0
40574.0,9500.0,1.0,23.0,1.0
47000.0,9500.0,0.0,26.0,0.0
65000.0,15000.0,0.0,25.0,0.0
65000.0,5000.0,0.0,22.0,0.0
48602.0,9500.0,0.0,24.0,0.0
59000.0,6800.0,1.0,24.0,1.0
65000.0,1500.0,0.0,22.0,0.0
50000.0,9500.0,0.0,22.0,0.0
52500.0,9500.0,1.0,24.0,0.0
54000.0,9500.0,0.0,23.0,0.0
54011.0,9500.0,0.0,26.0,0.0
55000.0,9500.0,0.0,24.0,0.0
65000.0,15000.0,0.0,23.0,0.0
65000.0,7500.0,0.0,25.0,0.0
56400.0,9500.0,0.0,22.0,0.0
59000.0,19750.0,1.0,22.0,1.0
57000.0,9500.0,0.0,25.0,0.0
57000.0,9500.0,0.0,25.0,0.0
65000.0,2000.0,0.0,25.0,0.0
65000.0,9000.0,0.0,22.0,0.0
61000.0,9500.0,0.0,25.0,0.0
68000.0,9500.0,0.0,25.0,0.0
65000.0,5000.0,0.0,26.0,0.0
65000.0,17600.0,0.0,23.0,0.0
58650.0,9500.0,0.0,24.0,1.0
69000.0,9500.0,1.0,22.0,1.0
65000.0,6000.0,0.0,26.0,0.0
70446.0,9550.0,0.0,24.0,0.0
65000.0,7500.0,0.0,22.0,0.0
65000.0,5125.0,0.0,23.0,0.0
65000.0,7000.0,1.0,25.0,0.0
43000.0,9575.0,0.0,22.0,0.0
21600.0,9600.0,0.0,22.0,1.0
22000.0,9600.0,0.0,23.0,1.0
24000.0,9600.0,0.0,25.0,1.0
24000.0,9600.0,0.0,21.0,1.0
65000.0,15000.0,0.0,23.0,0.0
65000.0,4000.0,0.0,23.0,0.0
65000.0,12800.0,0.0,23.0,0.0
65000.0,5000.0,0.0,23.0,0.0
65004.0,12500.0,0.0,22.0,0.0
65004.0,5500.0,0.0,22.0,0.0
65004.0,3600.0,1.0,24.0,0.0
28800.0,9600.0,0.0,21.0,1.0
65004.0,4000.0,0.0,22.0,0.0
65004.0,5000.0,0.0,21.0,0.0
33996.0,9600.0,0.0,26.0,0.0
65004.0,4500.0,0.0,25.0,0.0
65004.0,6500.0,0.0,22.0,0.0
65004.0,20000.0,0.0,26.0,0.0
34000.0,9600.0,0.0,25.0,0.0
34560.0,9600.0,1.0,23.0,1.0
34800.0,9600.0,1.0,22.0,1.0
35000.0,9600.0,0.0,25.0,0.0
65004.0,15000.0,0.0,23.0,0.0
35000.0,9600.0,0.0,22.0,0.0
35400.0,9600.0,0.0,23.0,0.0
65004.0,1500.0,0.0,21.0,0.0
30000.0,9600.0,1.0,24.0,1.0
65004.0,13000.0,0.0,22.0,0.0
36996.0,9600.0,1.0,26.0,0.0
31000.0,9600.0,0.0,25.0,1.0
65004.0,7000.0,1.0,23.0,0.0
37740.0,9600.0,1.0,21.0,0.0
65004.0,5000.0,0.0,26.0,0.0
31800.0,9600.0,1.0,23.0,1.0
65004.0,5000.0,1.0,25.0,0.0
40000.0,9600.0,0.0,24.0,0.0
40000.0,9600.0,0.0,26.0,0.0
34000.0,9600.0,0.0,25.0,1.0
65100.0,9000.0,1.0,23.0,0.0
65158.0,18000.0,0.0,24.0,0.0
40000.0,9600.0,1.0,22.0,0.0
65200.0,4000.0,0.0,22.0,0.0
65200.0,3000.0,0.0,24.0,0.0
65280.0,18000.0,0.0,23.0,0.0
65338.0,6500.0,0.0,22.0,0.0
65400.0,20000.0,1.0,23.0,0.0
36000.0,9600.0,1.0,22.0,1.0
65416.0,8000.0,0.0,22.0,0.0
65454.0,8400.0,0.0,25.0,0.0
65496.0,13250.0,0.0,21.0,0.0
42500.0,9600.0,1.0,22.0,0.0
37200.0,9600.0,0.0,25.0,1.0
39000.0,9600.0,1.0,22.0,1.0
45000.0,9600.0,0.0,22.0,0.0
65544.0,5000.0,0.0,24.0,0.0
65592.0,3600.0,1.0,21.0,0.0
45000.0,9600.0,0.0,23.0,0.0
45000.0,9600.0,0.0,21.0,0.0
59600.0,6000.0,0.0,25.0,1.0
59600.0,21000.0,0.0,26.0,1.0
65600.0,10000.0,1.0,25.0,0.0
65707.0,2000.0,0.0,25.0,0.0
46000.0,9600.0,0.0,22.0,0.0
65748.0,8800.0,0.0,23.0,0.0
65856.0,16800.0,0.0,22.0,0.0
48000.0,9600.0,1.0,26.0,0.0
50000.0,9600.0,0.0,24.0,0.0
59964.0,1275.0,0.0,24.0,1.0
50000.0,9600.0,0.0,23.0,0.0
66000.0,15000.0,0.0,24.0,0.0
45000.0,9600.0,1.0,24.0,1.0
66000.0,18000.0,1.0,26.0,0.0
60000.0,5000.0,0.0,26.0,1.0
53000.0,9600.0,0.0,26.0,0.0
53000.0,9600.0,0.0,22.0,0.0
66000.0,15000.0,0.0,23.0,0.0
54000.0,9600.0,0.0,22.0,0.0
66000.0,6000.0,0.0,22.0,0.0
66000.0,5000.0,0.0,22.0,0.0
66000.0,7500.0,1.0,22.0,0.0
60000.0,8000.0,0.0,25.0,1.0
66000.0,6000.0,0.0,23.0,0.0
49000.0,9600.0,0.0,25.0,1.0
55000.0,9600.0,0.0,22.0,0.0
55000.0,9600.0,0.0,23.0,0.0
55000.0,9600.0,0.0,26.0,0.0
66000.0,15000.0,0.0,25.0,0.0
66000.0,15000.0,1.0,22.0,0.0
58000.0,9600.0,1.0,26.0,0.0
60000.0,9600.0,1.0,23.0,0.0
60000.0,9600.0,0.0,22.0,0.0
60000.0,9600.0,0.0,25.0,0.0
66000.0,4000.0,0.0,26.0,0.0
66000.0,8750.0,0.0,23.0,0.0
54000.0,9600.0,1.0,23.0,1.0
54000.0,9600.0,0.0,25.0,1.0
66000.0,6600.0,0.0,25.0,0.0
66000.0,10000.0,0.0,22.0,0.0
66000.0,15500.0,0.0,26.0,0.0
66000.0,11200.0,0.0,24.0,0.0
66000.0,4500.0,0.0,21.0,0.0
63000.0,9600.0,1.0,25.0,0.0
66000.0,2700.0,0.0,23.0,0.0
66000.0,12000.0,0.0,22.0,0.0
65000.0,9600.0,1.0,22.0,0.0
59000.0,9600.0,0.0,26.0,1.0
66000.0,10000.0,0.0,23.0,0.0
65000.0,9600.0,0.0,22.0,0.0
66000.0,7000.0,0.0,26.0,0.0
65450.0,9600.0,0.0,24.0,0.0
66000.0,9600.0,0.0,24.0,0.0
66000.0,18000.0,0.0,21.0,0.0
68004.0,9600.0,0.0,22.0,0.0
66000.0,15000.0,0.0,24.0,0.0
69996.0,9600.0,0.0,24.0,0.0
64000.0,9600.0,0.0,26.0,1.0
66000.0,2700.0,0.0,22.0,0.0
70560.0,9600.0,0.0,23.0,0.0
66000.0,15000.0,0.0,25.0,0.0
66000.0,8500.0,0.0,22.0,0.0
66000.0,6000.0,0.0,23.0,0.0
66000.0,7800.0,0.0,23.0,0.0
71000.0,9600.0,0.0,25.0,0.0
72576.0,9600.0,0.0,22.0,0.0
73000.0,9600.0,1.0,24.0,0.0
75000.0,9600.0,0.0,25.0,0.0
75000.0,9600.0,0.0,26.0,0.0
66000.0,13000.0,0.0,24.0,0.0
66000.0,5000.0,0.0,23.0,0.0
66000.0,7000.0,0.0,21.0,0.0
66000.0,20000.0,0.0,22.0,0.0
60000.0,15000.0,1.0,26.0,1.0
60000.0,5600.0,1.0,23.0,1.0
80000.0,9600.0,0.0,23.0,0.0
66000.0,15000.0,0.0,26.0,0.0
66000.0,13200.0,0.0,23.0,0.0
80000.0,9600.0,0.0,25.0,0.0
66000.0,17500.0,0.0,22.0,0.0
81960.0,9600.0,0.0,22.0,0.0
83000.0,9600.0,0.0,25.0,0.0
77964.0,9600.0,0.0,24.0,1.0
85000.0,9600.0,0.0,23.0,0.0
60000.0,10000.0,0.0,26.0,1.0
66000.0,18500.0,0.0,25.0,0.0
73000.0,9600.0,0.0,22.0,1.0
85392.0,9600.0,0.0,24.0,0.0
88000.0,9600.0,0.0,23.0,0.0
66000.0,15000.0,1.0,22.0,0.0
66000.0,5875.0,1.0,25.0,0.0
90000.0,9600.0,1.0,26.0,0.0
66125.0,4000.0,1.0,25.0,0.0
78000.0,9600.0,1.0,25.0,1.0
94000.0,9600.0,1.0,24.0,0.0
94837.0,9600.0,0.0,24.0,0.0
66250.0,8700.0,0.0,22.0,0.0
66252.0,5000.0,1.0,25.0,0.0
66384.0,10000.0,0.0,26.0,0.0
66396.0,15000.0,0.0,22.0,0.0
97500.0,9600.0,0.0,23.0,0.0
66420.0,4000.0,0.0,25.0,0.0
66480.0,4000.0,0.0,23.0,0.0
66500.0,5000.0,0.0,25.0,0.0
120640.0,9600.0,0.0,26.0,0.0
28000.0,9700.0,0.0,21.0,1.0
66500.0,8800.0,0.0,24.0,0.0
66500.0,1400.0,1.0,24.0,0.0
70000.0,9700.0,0.0,21.0,0.0
66504.0,12000.0,0.0,26.0,0.0
60516.0,18000.0,0.0,24.0,1.0
66600.0,7200.0,0.0,24.0,0.0
66661.0,1500.0,0.0,23.0,0.0
66800.0,2500.0,0.0,26.0,0.0
66912.0,12000.0,0.0,26.0,0.0
66912.0,16000.0,0.0,23.0,0.0
30000.0,9950.0,0.0,25.0,1.0
66948.0,20000.0,0.0,26.0,0.0
66996.0,6000.0,0.0,22.0,0.0
66996.0,10000.0,0.0,24.0,0.0
18000.0,10000.0,0.0,24.0,1.0
66996.0,7000.0,1.0,22.0,0.0
19200.0,10000.0,0.0,21.0,1.0
66996.0,7000.0,0.0,23.0,0.0
66996.0,10000.0,0.0,23.0,0.0
66996.0,1000.0,0.0,24.0,0.0
20000.0,10000.0,0.0,22.0,1.0
20008.0,10000.0,0.0,22.0,1.0
21000.0,10000.0,0.0,21.0,1.0
67000.0,16000.0,0.0,24.0,0.0
21000.0,10000.0,1.0,22.0,1.0
21000.0,10000.0,1.0,22.0,1.0
67000.0,7500.0,1.0,22.0,0.0
67000.0,3000.0,0.0,25.0,0.0
67000.0,29000.0,0.0,26.0,0.0
67000.0,2500.0,0.0,23.0,0.0
67000.0,10400.0,0.0,26.0,0.0
21000.0,10000.0,1.0,23.0,1.0
21000.0,10000.0,0.0,23.0,1.0
22000.0,10000.0,0.0,26.0,1.0
22000.0,10000.0,1.0,26.0,1.0
67000.0,10400.0,0.0,24.0,0.0
67000.0,12000.0,0.0,22.0,0.0
67000.0,5600.0,0.0,23.0,0.0
23000.0,10000.0,0.0,22.0,1.0
67000.0,4000.0,0.0,24.0,0.0
23387.0,10000.0,0.0,25.0,1.0
23624.0,10000.0,0.0,26.0,1.0
23700.0,10000.0,0.0,24.0,1.0
24000.0,10000.0,0.0,25.0,1.0
24000.0,10000.0,0.0,24.0,1.0
67000.0,12150.0,0.0,24.0,0.0
67000.0,9250.0,0.0,23.0,0.0
67000.0,8800.0,0.0,22.0,0.0
67000.0,4000.0,0.0,22.0,0.0
67000.0,3250.0,0.0,23.0,0.0
24000.0,10000.0,0.0,24.0,1.0
67000.0,12000.0,0.0,22.0,0.0
24000.0,10000.0,0.0,24.0,1.0
67000.0,25000.0,1.0,21.0,0.0
24960.0,10000.0,0.0,23.0,1.0
24996.0,10000.0,0.0,22.0,1.0
67000.0,6000.0,0.0,23.0,0.0
67000.0,10000.0,0.0,26.0,0.0
67000.0,16000.0,1.0,23.0,0.0
61000.0,18000.0,1.0,23.0,1.0
67000.0,7000.0,0.0,25.0,0.0
25000.0,10000.0,0.0,24.0,1.0
25000.0,10000.0,0.0,23.0,1.0
61100.0,25000.0,0.0,24.0,1.0
67145.0,10000.0,0.0,22.0,0.0
25000.0,10000.0,0.0,22.0,1.0
25000.0,10000.0,1.0,25.0,1.0
67200.0,16000.0,0.0,23.0,0.0
67200.0,5525.0,0.0,23.0,0.0
67200.0,5000.0,0.0,22.0,0.0
67200.0,5000.0,1.0,25.0,0.0
25920.0,10000.0,0.0,23.0,1.0
67200.0,3250.0,0.0,25.0,0.0
26000.0,10000.0,0.0,22.0,1.0
67260.0,6500.0,0.0,26.0,0.0
26000.0,10000.0,0.0,24.0,1.0
52102.0,3500.0,0.0,23.0,1.0
67320.0,3900.0,1.0,22.0,0.0
26000.0,10000.0,1.0,24.0,1.0
67350.0,9600.0,0.0,22.0,0.0
67430.0,12000.0,1.0,24.0,0.0
67440.0,5500.0,0.0,22.0,0.0
26400.0,10000.0,0.0,22.0,1.0
61499.0,19600.0,0.0,24.0,1.0
26400.0,10000.0,0.0,22.0,1.0
67500.0,14400.0,0.0,24.0,0.0
26400.0,10000.0,0.0,22.0,1.0
26400.0,10000.0,0.0,24.0,1.0
67500.0,3000.0,0.0,24.0,0.0
26400.0,10000.0,0.0,22.0,1.0
27000.0,10000.0,0.0,23.0,1.0
27000.0,10000.0,0.0,24.0,1.0
27048.0,10000.0,1.0,22.0,1.0
27376.0,10000.0,0.0,22.0,1.0
28000.0,10000.0,0.0,22.0,1.0
28000.0,10000.0,0.0,24.0,1.0
67675.0,3000.0,0.0,25.0,0.0
28600.0,10000.0,1.0,21.0,1.0
29000.0,10000.0,0.0,25.0,1.0
29000.0,10000.0,0.0,22.0,1.0
67775.0,9600.0,1.0,22.0,0.0
29000.0,10000.0,0.0,24.0,1.0
29000.0,10000.0,0.0,21.0,1.0
67807.0,6400.0,0.0,22.0,0.0
61836.0,1700.0,0.0,23.0,1.0
67900.0,2400.0,0.0,26.0,0.0
29406.0,10000.0,0.0,26.0,1.0
67992.0,12000.0,0.0,24.0,0.0
68000.0,12000.0,0.0,23.0,0.0
68000.0,6500.0,1.0,25.0,0.0
30000.0,10000.0,1.0,23.0,1.0
68000.0,20000.0,1.0,22.0,0.0
68000.0,16000.0,0.0,22.0,0.0
30000.0,10000.0,0.0,23.0,1.0
30000.0,10000.0,0.0,21.0,1.0
30000.0,10000.0,1.0,24.0,1.0
30000.0,10000.0,0.0,23.0,1.0
30000.0,10000.0,0.0,26.0,1.0
68000.0,9000.0,0.0,22.0,0.0
52700.0,8000.0,1.0,23.0,1.0
68000.0,6000.0,0.0,25.0,0.0
68000.0,10000.0,0.0,23.0,0.0
52700.0,26400.0,0.0,21.0,1.0
68000.0,11000.0,0.0,22.0,0.0
68000.0,11500.0,0.0,23.0,0.0
30000.0,10000.0,0.0,22.0,1.0
30000.0,10000.0,0.0,24.0,1.0
68000.0,8000.0,0.0,24.0,0.0
30000.0,10000.0,0.0,25.0,1.0
68000.0,6500.0,0.0,22.0,0.0
30000.0,10000.0,0.0,22.0,1.0
68000.0,10000.0,0.0,22.0,0.0
68000.0,6500.0,1.0,25.0,0.0
30000.0,10000.0,0.0,22.0,1.0
30000.0,10000.0,1.0,22.0,1.0
68000.0,10000.0,0.0,26.0,0.0
68000.0,10000.0,0.0,22.0,0.0
68000.0,10000.0,0.0,26.0,0.0
30000.0,10000.0,0.0,25.0,1.0
68000.0,9750.0,0.0,23.0,0.0
30000.0,10000.0,0.0,23.0,1.0
30000.0,10000.0,0.0,23.0,1.0
68000.0,10000.0,0.0,23.0,0.0
30000.0,10000.0,0.0,21.0,1.0
30000.0,10000.0,0.0,22.0,1.0
68000.0,12000.0,0.0,23.0,0.0
30000.0,10000.0,0.0,23.0,1.0
30000.0,10000.0,0.0,24.0,1.0
68000.0,3600.0,0.0,26.0,0.0
68000.0,13000.0,0.0,22.0,0.0
30000.0,10000.0,0.0,22.0,1.0
68000.0,6000.0,0.0,24.0,0.0
30000.0,10000.0,0.0,22.0,1.0
68000.0,3500.0,0.0,22.0,0.0
30000.0,10000.0,0.0,24.0,1.0
30000.0,10000.0,0.0,24.0,1.0
30680.0,10000.0,0.0,23.0,1.0
30720.0,10000.0,0.0,26.0,1.0
30720.0,10000.0,0.0,25.0,1.0
68000.0,14800.0,0.0,22.0,0.0
30720.0,10000.0,0.0,26.0,1.0
31000.0,10000.0,0.0,22.0,1.0
68000.0,24250.0,0.0,26.0,0.0
68000.0,3600.0,0.0,24.0,0.0
31000.0,10000.0,0.0,24.0,1.0
68000.0,21000.0,0.0,26.0,0.0
31000.0,10000.0,1.0,22.0,1.0
31000.0,10000.0,0.0,23.0,1.0
62000.0,20000.0,0.0,25.0,1.0
31200.0,10000.0,0.0,25.0,1.0
68000.0,5500.0,0.0,24.0,0.0
68000.0,1000.0,0.0,23.0,0.0
31200.0,10000.0,0.0,22.0,1.0
68000.0,21000.0,0.0,23.0,0.0
52700.0,7500.0,0.0,26.0,1.0
62000.0,9000.0,0.0,23.0,1.0
68004.0,4200.0,0.0,24.0,0.0
32000.0,10000.0,0.0,26.0,1.0
68004.0,4000.0,0.0,24.0,0.0
52703.0,4000.0,0.0,26.0,1.0
68004.0,16000.0,0.0,21.0,0.0
32000.0,10000.0,0.0,23.0,1.0
32000.0,10000.0,1.0,23.0,1.0
32000.0,10000.0,0.0,22.0,1.0
32000.0,10000.0,0.0,22.0,1.0
32004.0,10000.0,1.0,23.0,1.0
32376.0,10000.0,1.0,22.0,1.0
32400.0,10000.0,0.0,21.0,1.0
68399.0,10500.0,0.0,26.0,0.0
62400.0,4000.0,1.0,25.0,1.0
32580.0,10000.0,0.0,23.0,1.0
32647.0,10000.0,0.0,22.0,1.0
68400.0,6000.0,0.0,24.0,0.0
33000.0,10000.0,0.0,25.0,0.0
33000.0,10000.0,0.0,26.0,0.0
33000.0,10000.0,0.0,23.0,0.0
33000.0,10000.0,0.0,23.0,0.0
33000.0,10000.0,0.0,23.0,0.0
33200.0,10000.0,0.0,26.0,0.0
33276.0,10000.0,0.0,21.0,0.0
33280.0,10000.0,0.0,23.0,0.0
68500.0,9000.0,0.0,26.0,0.0
33280.0,10000.0,1.0,22.0,0.0
62500.0,10000.0,0.0,23.0,1.0
33500.0,10000.0,0.0,25.0,0.0
68500.0,6500.0,0.0,26.0,0.0
68500.0,4200.0,1.0,23.0,0.0
33500.0,10000.0,1.0,24.0,0.0
33600.0,10000.0,0.0,24.0,1.0
33600.0,10000.0,0.0,22.0,0.0
33600.0,10000.0,1.0,25.0,0.0
62654.0,6000.0,0.0,22.0,1.0
68670.0,20000.0,0.0,22.0,0.0
33996.0,10000.0,0.0,25.0,1.0
34000.0,10000.0,0.0,21.0,0.0
34000.0,10000.0,1.0,21.0,0.0
34500.0,10000.0,0.0,22.0,0.0
68900.0,19500.0,0.0,24.0,0.0
53467.0,25000.0,1.0,25.0,1.0
34995.0,10000.0,0.0,26.0,0.0
69000.0,13250.0,0.0,21.0,0.0
63000.0,12000.0,0.0,26.0,1.0
69000.0,25000.0,0.0,25.0,0.0
69000.0,15000.0,0.0,22.0,0.0
35000.0,10000.0,0.0,23.0,0.0
35000.0,10000.0,0.0,21.0,0.0
35000.0,10000.0,0.0,23.0,0.0
29000.0,10000.0,1.0,23.0,1.0
35000.0,10000.0,0.0,24.0,0.0
69000.0,6500.0,0.0,22.0,0.0
69000.0,9000.0,0.0,23.0,0.0
69000.0,9600.0,0.0,25.0,0.0
69000.0,15000.0,0.0,26.0,0.0
69000.0,8325.0,0.0,23.0,0.0
69000.0,5000.0,0.0,26.0,0.0
69000.0,3000.0,0.0,24.0,0.0
35000.0,10000.0,1.0,24.0,0.0
35000.0,10000.0,0.0,23.0,0.0
35004.0,10000.0,1.0,24.0,0.0
69000.0,20000.0,0.0,25.0,0.0
69000.0,7200.0,0.0,24.0,0.0
69000.0,6000.0,0.0,26.0,0.0
35364.0,10000.0,0.0,25.0,0.0
69000.0,11000.0,0.0,24.0,0.0
69000.0,16000.0,0.0,26.0,0.0
69000.0,6000.0,0.0,25.0,0.0
69000.0,18000.0,1.0,26.0,0.0
69000.0,5200.0,0.0,24.0,0.0
69000.0,15900.0,1.0,25.0,0.0
69000.0,1000.0,0.0,22.0,0.0
69000.0,15000.0,0.0,23.0,0.0
69000.0,15000.0,1.0,22.0,0.0
36000.0,10000.0,0.0,25.0,0.0
69000.0,8000.0,0.0,23.0,0.0
69000.0,7800.0,1.0,22.0,0.0
69000.0,19000.0,0.0,23.0,0.0
69077.0,10000.0,0.0,22.0,0.0
36000.0,10000.0,0.0,23.0,0.0
36000.0,10000.0,0.0,24.0,0.0
36000.0,10000.0,0.0,22.0,0.0
36000.0,10000.0,0.0,25.0,0.0
69500.0,16800.0,0.0,23.0,0.0
69500.0,6000.0,1.0,22.0,0.0
36000.0,10000.0,0.0,25.0,0.0
36000.0,10000.0,0.0,22.0,0.0
69504.0,10000.0,0.0,24.0,0.0
63508.0,2500.0,0.0,24.0,1.0
69570.0,1500.0,0.0,25.0,0.0
63582.0,14000.0,0.0,24.0,1.0
69600.0,1925.0,0.0,23.0,0.0
36000.0,10000.0,0.0,21.0,0.0
36000.0,10000.0,1.0,22.0,0.0
69600.0,7000.0,0.0,25.0,0.0
69600.0,1200.0,0.0,23.0,0.0
36000.0,10000.0,0.0,21.0,0.0
69600.0,5000.0,0.0,26.0,0.0
36000.0,10000.0,0.0,21.0,0.0
36000.0,10000.0,0.0,22.0,0.0
69743.0,1000.0,0.0,23.0,0.0
30000.0,10000.0,1.0,23.0,1.0
36000.0,10000.0,0.0,23.0,0.0
30000.0,10000.0,0.0,23.0,1.0
69867.0,13000.0,0.0,22.0,0.0
69900.0,5050.0,0.0,25.0,0.0
69912.0,8000.0,0.0,26.0,0.0
69935.0,7200.0,0.0,23.0,0.0
69950.0,9750.0,0.0,22.0,0.0
36000.0,10000.0,0.0,24.0,0.0
36396.0,10000.0,0.0,22.0,0.0
30400.0,10000.0,0.0,22.0,1.0
30712.0,10000.0,1.0,22.0,1.0
69996.0,14000.0,0.0,26.0,0.0
36996.0,10000.0,0.0,22.0,0.0
69996.0,10000.0,0.0,22.0,0.0
37000.0,10000.0,0.0,23.0,0.0
69996.0,12000.0,0.0,23.0,0.0
37000.0,10000.0,0.0,22.0,0.0
69996.0,3000.0,0.0,23.0,0.0
37200.0,10000.0,0.0,22.0,0.0
37200.0,10000.0,1.0,24.0,0.0
37500.0,10000.0,1.0,25.0,0.0
37500.0,10000.0,1.0,26.0,0.0
37500.0,10000.0,0.0,26.0,0.0
31800.0,10000.0,0.0,23.0,1.0
69996.0,3000.0,0.0,24.0,0.0
38000.0,10000.0,0.0,22.0,0.0
69996.0,25000.0,0.0,25.0,0.0
32000.0,10000.0,1.0,25.0,1.0
38000.0,10000.0,0.0,23.0,0.0
69996.0,8000.0,1.0,22.0,0.0
38000.0,10000.0,0.0,25.0,0.0
69996.0,4000.0,0.0,23.0,0.0
38000.0,10000.0,0.0,26.0,0.0
38000.0,10000.0,0.0,23.0,0.0
69996.0,15000.0,1.0,23.0,0.0
69996.0,15000.0,0.0,22.0,0.0
69996.0,5000.0,0.0,24.0,0.0
38000.0,10000.0,0.0,21.0,0.0
70000.0,10000.0,0.0,23.0,0.0
70000.0,20000.0,1.0,26.0,0.0
38004.0,10000.0,0.0,22.0,0.0
38004.0,10000.0,0.0,22.0,0.0
38004.0,10000.0,0.0,22.0,0.0
38004.0,10000.0,0.0,26.0,0.0
32200.0,10000.0,1.0,25.0,1.0
38244.0,10000.0,0.0,24.0,0.0
70000.0,24000.0,0.0,23.0,0.0
32400.0,10000.0,0.0,23.0,1.0
38400.0,10000.0,0.0,21.0,0.0
38400.0,10000.0,0.0,24.0,0.0
64000.0,16000.0,0.0,24.0,1.0
32400.0,10000.0,0.0,21.0,1.0
70000.0,8000.0,1.0,22.0,0.0
70000.0,3500.0,0.0,23.0,0.0
70000.0,6000.0,0.0,22.0,0.0
70000.0,2000.0,1.0,23.0,0.0
38832.0,10000.0,0.0,26.0,0.0
33000.0,10000.0,0.0,22.0,1.0
70000.0,11300.0,1.0,25.0,0.0
33000.0,10000.0,1.0,25.0,1.0
64000.0,6100.0,1.0,24.0,1.0
70000.0,1000.0,0.0,25.0,0.0
70000.0,15600.0,0.0,25.0,0.0
70000.0,7750.0,0.0,24.0,0.0
64000.0,9000.0,0.0,26.0,1.0
70000.0,5000.0,0.0,22.0,0.0
70000.0,35000.0,0.0,26.0,0.0
39500.0,10000.0,0.0,25.0,0.0
39580.0,10000.0,0.0,22.0,0.0
39600.0,10000.0,0.0,22.0,0.0
33948.0,10000.0,0.0,22.0,1.0
70000.0,10000.0,0.0,26.0,0.0
39996.0,10000.0,0.0,25.0,0.0
64000.0,4000.0,0.0,24.0,1.0
39996.0,10000.0,0.0,21.0,0.0
70000.0,2000.0,0.0,22.0,0.0
70000.0,10000.0,0.0,24.0,0.0
40000.0,10000.0,0.0,21.0,0.0
70000.0,17000.0,0.0,24.0,0.0
64000.0,14400.0,0.0,22.0,1.0
40000.0,10000.0,1.0,22.0,0.0
70000.0,5000.0,0.0,24.0,0.0
70000.0,7000.0,0.0,21.0,0.0
70000.0,13000.0,0.0,23.0,0.0
34000.0,10000.0,0.0,24.0,1.0
40000.0,10000.0,0.0,23.0,0.0
34000.0,10000.0,0.0,25.0,1.0
70000.0,7000.0,0.0,24.0,0.0
40000.0,10000.0,0.0,26.0,0.0
54400.0,12000.0,0.0,23.0,1.0
40000.0,10000.0,0.0,24.0,0.0
64000.0,14500.0,0.0,24.0,1.0
70000.0,14000.0,0.0,25.0,0.0
70000.0,4800.0,0.0,25.0,0.0
40000.0,10000.0,0.0,24.0,0.0
70000.0,9750.0,0.0,22.0,0.0
34000.0,10000.0,1.0,22.0,1.0
70000.0,15000.0,0.0,23.0,0.0
40000.0,10000.0,0.0,22.0,0.0
40000.0,10000.0,0.0,24.0,0.0
40000.0,10000.0,0.0,25.0,0.0
34000.0,10000.0,0.0,23.0,1.0
40000.0,10000.0,0.0,23.0,0.0
70000.0,6000.0,0.0,24.0,0.0
70000.0,8000.0,0.0,25.0,0.0
40000.0,10000.0,0.0,24.0,0.0
70000.0,4000.0,0.0,26.0,0.0
70000.0,4500.0,0.0,22.0,0.0
40000.0,10000.0,0.0,22.0,0.0
40000.0,10000.0,0.0,21.0,0.0
34000.0,10000.0,1.0,26.0,1.0
70000.0,8000.0,0.0,22.0,0.0
40000.0,10000.0,0.0,25.0,0.0
40000.0,10000.0,1.0,23.0,0.0
40000.0,10000.0,0.0,25.0,0.0
70000.0,6000.0,0.0,22.0,0.0
40000.0,10000.0,0.0,22.0,0.0
70000.0,25000.0,0.0,23.0,0.0
70000.0,10000.0,1.0,23.0,0.0
70000.0,2000.0,0.0,22.0,0.0
70000.0,6000.0,0.0,22.0,0.0
40000.0,10000.0,0.0,26.0,0.0
40000.0,10000.0,0.0,23.0,0.0
70000.0,4000.0,0.0,25.0,0.0
34000.0,10000.0,1.0,25.0,1.0
70000.0,8400.0,0.0,22.0,0.0
40000.0,10000.0,0.0,22.0,0.0
70000.0,10000.0,0.0,25.0,0.0
70000.0,21000.0,0.0,24.0,0.0
41000.0,10000.0,0.0,24.0,0.0
41004.0,10000.0,0.0,24.0,0.0
70000.0,20000.0,0.0,25.0,0.0
70000.0,1600.0,0.0,24.0,0.0
70000.0,3600.0,0.0,23.0,0.0
36000.0,10000.0,0.0,22.0,1.0
42000.0,10000.0,0.0,22.0,0.0
42000.0,10000.0,1.0,22.0,0.0
42000.0,10000.0,0.0,25.0,0.0
42000.0,10000.0,1.0,25.0,0.0
70000.0,10000.0,0.0,22.0,0.0
42000.0,10000.0,0.0,23.0,0.0
70000.0,2000.0,0.0,22.0,0.0
42000.0,10000.0,0.0,22.0,0.0
42000.0,10000.0,0.0,22.0,0.0
70000.0,3500.0,0.0,23.0,0.0
42000.0,10000.0,0.0,26.0,0.0
42000.0,10000.0,0.0,22.0,0.0
42000.0,10000.0,0.0,22.0,0.0
36000.0,10000.0,0.0,22.0,1.0
70000.0,6300.0,0.0,25.0,0.0
42000.0,10000.0,0.0,25.0,0.0
42000.0,10000.0,0.0,24.0,0.0
42910.0,10000.0,1.0,25.0,0.0
70000.0,12000.0,0.0,25.0,0.0
70000.0,4000.0,0.0,25.0,0.0
70000.0,8000.0,0.0,26.0,0.0
43000.0,10000.0,0.0,26.0,0.0
70000.0,8000.0,1.0,22.0,0.0
70000.0,3525.0,0.0,23.0,0.0
43000.0,10000.0,0.0,24.0,0.0
43000.0,10000.0,0.0,25.0,0.0
43000.0,10000.0,0.0,24.0,0.0
70000.0,6000.0,0.0,21.0,0.0
43000.0,10000.0,0.0,23.0,0.0
43000.0,10000.0,0.0,24.0,0.0
70000.0,10000.0,0.0,22.0,0.0
70000.0,25000.0,0.0,24.0,0.0
70000.0,8000.0,0.0,22.0,0.0
44000.0,10000.0,0.0,22.0,0.0
70000.0,21000.0,0.0,22.0,0.0
70000.0,12000.0,0.0,25.0,0.0
44000.0,10000.0,0.0,24.0,0.0
70000.0,20000.0,0.0,23.0,0.0
44000.0,10000.0,1.0,25.0,0.0
70000.0,3200.0,0.0,26.0,0.0
44000.0,10000.0,0.0,22.0,0.0
44000.0,10000.0,0.0,21.0,0.0
44160.0,10000.0,1.0,23.0,0.0
44796.0,10000.0,0.0,23.0,0.0
64000.0,7000.0,0.0,26.0,1.0
45000.0,10000.0,0.0,21.0,0.0
45000.0,10000.0,0.0,25.0,0.0
45000.0,10000.0,0.0,22.0,0.0
70000.0,8000.0,0.0,25.0,0.0
45000.0,10000.0,0.0,24.0,0.0
64000.0,5000.0,0.0,24.0,1.0
70000.0,4000.0,1.0,26.0,0.0
45000.0,10000.0,0.0,22.0,0.0
70000.0,6000.0,0.0,24.0,0.0
70000.0,12000.0,0.0,25.0,0.0
45000.0,10000.0,0.0,23.0,0.0
70000.0,3500.0,0.0,26.0,0.0
70000.0,16000.0,0.0,23.0,0.0
70000.0,13750.0,0.0,22.0,0.0
45000.0,10000.0,0.0,22.0,0.0
39000.0,10000.0,0.0,23.0,1.0
70000.0,4400.0,0.0,23.0,0.0
70000.0,8000.0,0.0,26.0,0.0
70000.0,16000.0,1.0,22.0,0.0
70000.0,5000.0,0.0,23.0,0.0
70000.0,8000.0,0.0,25.0,0.0
45000.0,10000.0,1.0,25.0,0.0
70000.0,9800.0,0.0,21.0,0.0
70000.0,8400.0,0.0,22.0,0.0
70000.0,8000.0,1.0,24.0,0.0
70000.0,6000.0,0.0,23.0,0.0
39000.0,10000.0,1.0,23.0,1.0
45000.0,10000.0,0.0,24.0,0.0
70000.0,12000.0,0.0,24.0,0.0
70000.0,2500.0,0.0,26.0,0.0
45000.0,10000.0,0.0,22.0,0.0
45000.0,10000.0,0.0,24.0,0.0
70000.0,5000.0,0.0,26.0,0.0
39000.0,10000.0,1.0,22.0,1.0
70000.0,6000.0,0.0,22.0,0.0
70000.0,12000.0,0.0,25.0,0.0
70000.0,4500.0,0.0,26.0,0.0
45000.0,10000.0,1.0,22.0,0.0
45000.0,10000.0,0.0,21.0,0.0
70000.0,16000.0,0.0,24.0,0.0
70000.0,25000.0,0.0,24.0,0.0
70000.0,12000.0,1.0,24.0,0.0
70000.0,4800.0,0.0,24.0,0.0
45000.0,10000.0,1.0,24.0,0.0
70000.0,12800.0,1.0,25.0,0.0
70000.0,11000.0,0.0,22.0,0.0
70000.0,6000.0,0.0,24.0,0.0
45000.0,10000.0,1.0,25.0,0.0
39000.0,10000.0,0.0,24.0,1.0
45000.0,10000.0,0.0,25.0,0.0
70000.0,7000.0,0.0,26.0,0.0
70000.0,14000.0,0.0,25.0,0.0
70000.0,3000.0,0.0,23.0,0.0
70000.0,10000.0,0.0,23.0,0.0
45000.0,10000.0,1.0,26.0,0.0
70000.0,15000.0,0.0,24.0,0.0
70000.0,5000.0,0.0,25.0,0.0
23000.0,4325.0,0.0,23.0,0.0
48000.0,4325.0,0.0,23.0,0.0
23000.0,4300.0,0.0,25.0,0.0
30000.0,4300.0,0.0,24.0,0.0
70000.0,12000.0,0.0,22.0,0.0
108000.0,4300.0,0.0,23.0,0.0
30000.0,4275.0,0.0,23.0,0.0
27500.0,4250.0,0.0,22.0,0.0
70000.0,16000.0,0.0,25.0,0.0
35000.0,4250.0,0.0,24.0,0.0
70000.0,24250.0,0.0,24.0,0.0
50000.0,4250.0,0.0,22.0,0.0
70000.0,15000.0,0.0,23.0,0.0
70000.0,12000.0,0.0,26.0,0.0
48000.0,4225.0,0.0,26.0,0.0
70000.0,25000.0,1.0,22.0,0.0
70000.0,15000.0,0.0,22.0,0.0
45500.0,10000.0,0.0,22.0,0.0
70000.0,7000.0,1.0,26.0,0.0
39600.0,10000.0,0.0,24.0,1.0
70000.0,9000.0,0.0,24.0,0.0
70000.0,10000.0,0.0,24.0,0.0
45600.0,10000.0,0.0,22.0,0.0
45756.0,10000.0,0.0,23.0,0.0
70000.0,5400.0,0.0,26.0,0.0
70000.0,12000.0,0.0,26.0,0.0
70000.0,15000.0,0.0,22.0,0.0
70000.0,20000.0,0.0,23.0,0.0
70000.0,6000.0,0.0,23.0,0.0
70000.0,9600.0,0.0,22.0,0.0
46200.0,10000.0,0.0,22.0,0.0
46256.0,10000.0,0.0,24.0,0.0
46585.0,10000.0,1.0,23.0,0.0
70000.0,8400.0,0.0,23.0,0.0
70000.0,16000.0,1.0,22.0,0.0
70000.0,18000.0,0.0,22.0,0.0
30000.0,4200.0,0.0,21.0,0.0
30000.0,4200.0,1.0,25.0,0.0
70000.0,9000.0,0.0,24.0,0.0
30000.0,4200.0,1.0,22.0,1.0
70000.0,8950.0,0.0,24.0,0.0
31200.0,4200.0,0.0,25.0,0.0
31200.0,4200.0,1.0,22.0,0.0
34000.0,4200.0,1.0,26.0,1.0
70000.0,15000.0,0.0,24.0,0.0
34400.0,4200.0,0.0,26.0,0.0
70000.0,7500.0,0.0,24.0,0.0
29000.0,4200.0,0.0,22.0,1.0
29000.0,4200.0,1.0,21.0,1.0
35000.0,4200.0,0.0,24.0,0.0
36895.0,4200.0,0.0,21.0,0.0
64000.0,8000.0,0.0,26.0,1.0
36996.0,4200.0,0.0,25.0,0.0
38400.0,4200.0,0.0,24.0,0.0
40000.0,4200.0,0.0,21.0,0.0
40000.0,4200.0,0.0,25.0,0.0
70092.0,13950.0,0.0,24.0,0.0
41000.0,4200.0,1.0,23.0,0.0
70200.0,5000.0,0.0,23.0,0.0
42000.0,4200.0,0.0,24.0,0.0
70224.0,21000.0,0.0,25.0,0.0
70236.0,8700.0,1.0,23.0,0.0
36000.0,4200.0,0.0,22.0,1.0
36499.0,4200.0,0.0,25.0,1.0
70404.0,14075.0,1.0,22.0,0.0
47500.0,4200.0,0.0,24.0,0.0
70500.0,10500.0,0.0,23.0,0.0
48000.0,4200.0,0.0,26.0,0.0
70572.0,14500.0,0.0,23.0,0.0
70600.0,7450.0,1.0,22.0,0.0
55080.0,2500.0,0.0,26.0,1.0
70800.0,8500.0,0.0,26.0,0.0
70885.0,1000.0,0.0,26.0,0.0
55243.0,2900.0,0.0,24.0,1.0
53000.0,4200.0,0.0,26.0,0.0
71000.0,7200.0,0.0,25.0,0.0
55000.0,4200.0,0.0,23.0,0.0
71000.0,9600.0,0.0,23.0,0.0
65000.0,6000.0,0.0,25.0,1.0
71000.0,4400.0,0.0,26.0,0.0
71000.0,7500.0,0.0,23.0,0.0
71000.0,1500.0,1.0,22.0,0.0
54000.0,4200.0,0.0,23.0,1.0
71000.0,6000.0,0.0,26.0,0.0
71000.0,14000.0,0.0,24.0,0.0
61000.0,4200.0,0.0,23.0,0.0
71000.0,8500.0,0.0,23.0,0.0
62000.0,4200.0,0.0,23.0,0.0
63000.0,4200.0,0.0,25.0,0.0
71000.0,10000.0,0.0,24.0,0.0
71000.0,3500.0,0.0,24.0,0.0
65000.0,4200.0,0.0,26.0,0.0
60996.0,4200.0,0.0,23.0,1.0
55250.0,7400.0,0.0,22.0,1.0
69000.0,4200.0,0.0,26.0,0.0
71000.0,20000.0,0.0,24.0,0.0
71000.0,3200.0,0.0,22.0,0.0
72500.0,4200.0,0.0,22.0,0.0
30000.0,4150.0,0.0,21.0,0.0
100000.0,4150.0,0.0,23.0,0.0
22812.0,4125.0,1.0,25.0,0.0
20000.0,4100.0,0.0,23.0,0.0
30000.0,4100.0,1.0,22.0,0.0
71004.0,15000.0,1.0,23.0,0.0
38004.0,4100.0,0.0,22.0,0.0
42000.0,4100.0,0.0,23.0,0.0
71040.0,3000.0,0.0,26.0,0.0
71046.0,6500.0,0.0,26.0,0.0
48000.0,4100.0,0.0,22.0,0.0
57000.0,4100.0,0.0,26.0,0.0
71201.0,12000.0,0.0,22.0,0.0
70000.0,4075.0,0.0,26.0,0.0
14400.0,4050.0,0.0,24.0,1.0
50500.0,4050.0,0.0,26.0,0.0
71328.0,25000.0,1.0,25.0,0.0
82000.0,4050.0,0.0,25.0,0.0
25000.0,4025.0,0.0,23.0,0.0
54000.0,4025.0,0.0,24.0,0.0
71496.0,15000.0,1.0,24.0,0.0
71500.0,7500.0,0.0,26.0,0.0
12000.0,4000.0,0.0,21.0,1.0
71500.0,9250.0,0.0,25.0,0.0
12000.0,4000.0,1.0,24.0,1.0
71688.0,7500.0,1.0,21.0,0.0
71760.0,3000.0,0.0,26.0,0.0
46999.0,10000.0,0.0,26.0,0.0
47004.0,10000.0,0.0,26.0,0.0
72000.0,18000.0,0.0,24.0,0.0
48000.0,10000.0,0.0,21.0,0.0
72000.0,12000.0,0.0,23.0,0.0
48000.0,10000.0,1.0,23.0,0.0
48000.0,10000.0,0.0,22.0,0.0
72000.0,14000.0,0.0,25.0,0.0
42000.0,10000.0,0.0,25.0,1.0
72000.0,5000.0,0.0,24.0,0.0
72000.0,5000.0,0.0,22.0,0.0
42000.0,10000.0,1.0,25.0,1.0
48000.0,10000.0,0.0,23.0,0.0
72000.0,4200.0,0.0,23.0,0.0
72000.0,5000.0,0.0,25.0,0.0
48000.0,10000.0,0.0,21.0,0.0
48000.0,10000.0,0.0,23.0,0.0
72000.0,2400.0,0.0,23.0,0.0
42000.0,10000.0,1.0,23.0,1.0
72000.0,12000.0,0.0,24.0,0.0
72000.0,17000.0,0.0,26.0,0.0
56100.0,6000.0,0.0,24.0,1.0
72000.0,15000.0,0.0,22.0,0.0
72000.0,18000.0,1.0,25.0,0.0
48000.0,10000.0,0.0,25.0,0.0
72000.0,4800.0,0.0,25.0,0.0
48000.0,10000.0,1.0,24.0,0.0
72000.0,1000.0,1.0,24.0,0.0
72000.0,6000.0,0.0,24.0,0.0
72000.0,5000.0,0.0,26.0,0.0
48000.0,10000.0,0.0,26.0,0.0
72000.0,24000.0,0.0,21.0,0.0
48000.0,10000.0,0.0,26.0,0.0
48000.0,10000.0,0.0,23.0,0.0
42000.0,10000.0,1.0,22.0,1.0
72000.0,20000.0,0.0,23.0,0.0
48000.0,10000.0,0.0,23.0,0.0
66000.0,4000.0,1.0,23.0,1.0
56100.0,5650.0,0.0,23.0,1.0
48132.0,10000.0,0.0,22.0,0.0
72000.0,9000.0,0.0,25.0,0.0
42720.0,10000.0,1.0,23.0,1.0
48996.0,10000.0,0.0,22.0,0.0
43000.0,10000.0,0.0,22.0,1.0
72000.0,8400.0,0.0,22.0,0.0
49200.0,10000.0,0.0,24.0,0.0
72000.0,6000.0,0.0,24.0,0.0
43500.0,10000.0,1.0,24.0,1.0
72000.0,9000.0,0.0,24.0,0.0
49571.0,10000.0,1.0,26.0,0.0
72000.0,16000.0,0.0,26.0,0.0
49920.0,10000.0,0.0,22.0,0.0
72000.0,12000.0,0.0,24.0,0.0
72000.0,11200.0,0.0,24.0,0.0
50000.0,10000.0,0.0,22.0,0.0
72000.0,10500.0,1.0,26.0,0.0
50000.0,10000.0,0.0,23.0,0.0
72000.0,2100.0,0.0,25.0,0.0
72000.0,18000.0,0.0,25.0,0.0
72000.0,6000.0,1.0,24.0,0.0
50000.0,10000.0,0.0,23.0,0.0
72000.0,16000.0,1.0,25.0,0.0
50000.0,10000.0,0.0,21.0,0.0
50000.0,10000.0,0.0,21.0,0.0
50000.0,10000.0,0.0,24.0,0.0
50000.0,10000.0,1.0,24.0,0.0
72000.0,16000.0,0.0,22.0,0.0
50000.0,10000.0,0.0,24.0,0.0
50000.0,10000.0,0.0,26.0,0.0
50000.0,10000.0,0.0,21.0,0.0
50000.0,10000.0,0.0,24.0,0.0
50000.0,10000.0,0.0,22.0,0.0
50000.0,10000.0,0.0,25.0,0.0
50000.0,10000.0,0.0,22.0,0.0
50000.0,10000.0,1.0,22.0,0.0
72000.0,10000.0,0.0,24.0,0.0
72000.0,5000.0,0.0,22.0,0.0
72000.0,2000.0,0.0,21.0,0.0
72000.0,10800.0,0.0,22.0,0.0
72000.0,5000.0,0.0,24.0,0.0
44000.0,10000.0,1.0,25.0,1.0
72000.0,3500.0,0.0,22.0,0.0
50000.0,10000.0,0.0,23.0,0.0
50000.0,10000.0,0.0,23.0,0.0
72000.0,7000.0,0.0,23.0,0.0
72000.0,6000.0,0.0,23.0,0.0
72000.0,6000.0,0.0,24.0,0.0
50000.0,10000.0,0.0,26.0,0.0
56100.0,4900.0,1.0,24.0,1.0
72000.0,5000.0,0.0,23.0,0.0
72000.0,15000.0,0.0,25.0,0.0
72000.0,8700.0,0.0,23.0,0.0
72000.0,8000.0,1.0,23.0,0.0
72000.0,9000.0,0.0,23.0,0.0
50000.0,10000.0,0.0,22.0,0.0
72000.0,6400.0,0.0,23.0,0.0
72000.0,8000.0,0.0,24.0,0.0
44000.0,10000.0,0.0,22.0,1.0
50000.0,10000.0,0.0,22.0,0.0
72000.0,18000.0,0.0,24.0,0.0
72000.0,15000.0,1.0,22.0,0.0
50000.0,10000.0,1.0,25.0,0.0
72000.0,11875.0,0.0,23.0,0.0
50000.0,10000.0,0.0,22.0,0.0
50000.0,10000.0,1.0,22.0,0.0
72000.0,12000.0,1.0,22.0,0.0
72000.0,6000.0,0.0,25.0,0.0
50000.0,10000.0,0.0,23.0,0.0
50000.0,10000.0,0.0,26.0,0.0
50000.0,10000.0,0.0,25.0,0.0
50000.0,10000.0,0.0,22.0,0.0
72000.0,10000.0,0.0,25.0,0.0
50004.0,10000.0,0.0,23.0,0.0
72000.0,3200.0,0.0,25.0,0.0
72000.0,8000.0,0.0,22.0,0.0
50004.0,10000.0,0.0,22.0,0.0
50004.0,10000.0,1.0,24.0,0.0
56100.0,18000.0,1.0,23.0,1.0
44307.0,10000.0,0.0,22.0,1.0
50500.0,10000.0,0.0,25.0,0.0
72000.0,16000.0,0.0,24.0,0.0
45000.0,10000.0,0.0,22.0,1.0
72000.0,15000.0,0.0,22.0,0.0
72000.0,8200.0,0.0,24.0,0.0
45000.0,10000.0,0.0,26.0,1.0
51000.0,10000.0,0.0,24.0,0.0
72000.0,16000.0,0.0,23.0,0.0
72000.0,10000.0,0.0,26.0,0.0
51160.0,10000.0,0.0,24.0,0.0
72000.0,20000.0,0.0,25.0,0.0
72000.0,20000.0,0.0,24.0,0.0
51400.0,10000.0,0.0,23.0,0.0
51600.0,10000.0,0.0,22.0,0.0
72000.0,5000.0,0.0,25.0,0.0
51996.0,10000.0,1.0,26.0,0.0
52000.0,10000.0,0.0,24.0,0.0
52000.0,10000.0,0.0,24.0,0.0
72000.0,25000.0,0.0,25.0,0.0
72000.0,8000.0,0.0,24.0,0.0
52000.0,10000.0,0.0,22.0,0.0
52000.0,10000.0,0.0,24.0,0.0
46000.0,10000.0,0.0,23.0,1.0
66000.0,15000.0,0.0,26.0,1.0
52000.0,10000.0,0.0,25.0,0.0
52000.0,10000.0,0.0,25.0,0.0
72000.0,15000.0,0.0,22.0,0.0
72000.0,4000.0,0.0,26.0,0.0
52000.0,10000.0,0.0,23.0,0.0
52000.0,10000.0,0.0,24.0,0.0
72000.0,25000.0,0.0,22.0,0.0
72000.0,5000.0,1.0,24.0,0.0
46000.0,10000.0,0.0,23.0,1.0
46500.0,10000.0,1.0,23.0,1.0
72060.0,5500.0,0.0,22.0,0.0
53000.0,10000.0,0.0,22.0,0.0
53000.0,10000.0,0.0,21.0,0.0
53000.0,10000.0,0.0,21.0,0.0
72100.0,16000.0,0.0,24.0,0.0
53000.0,10000.0,0.0,26.0,0.0
72204.0,18000.0,0.0,22.0,0.0
72252.0,8000.0,0.0,21.0,0.0
53004.0,10000.0,0.0,25.0,0.0
47292.0,10000.0,1.0,24.0,1.0
53500.0,10000.0,0.0,22.0,0.0
56403.0,30000.0,0.0,23.0,1.0
72400.0,35000.0,0.0,24.0,0.0
72400.0,25000.0,1.0,24.0,0.0
72400.0,8000.0,0.0,25.0,0.0
72444.0,25000.0,0.0,24.0,0.0
47520.0,10000.0,1.0,21.0,1.0
54000.0,10000.0,0.0,22.0,0.0
54000.0,10000.0,0.0,26.0,0.0
48000.0,10000.0,1.0,22.0,1.0
72500.0,13200.0,0.0,22.0,0.0
66500.0,22000.0,0.0,23.0,1.0
54000.0,10000.0,0.0,24.0,0.0
54000.0,10000.0,0.0,25.0,0.0
54316.0,10000.0,0.0,26.0,0.0
54480.0,10000.0,0.0,24.0,0.0
72600.0,4500.0,0.0,26.0,0.0
54996.0,10000.0,0.0,24.0,0.0
48996.0,10000.0,1.0,25.0,1.0
54996.0,10000.0,0.0,23.0,0.0
72800.0,2300.0,0.0,24.0,0.0
66800.0,12000.0,0.0,25.0,1.0
72800.0,11200.0,0.0,24.0,0.0
72893.0,20000.0,0.0,25.0,0.0
72972.0,10000.0,0.0,25.0,0.0
72996.0,15000.0,0.0,26.0,0.0
55000.0,10000.0,0.0,22.0,0.0
73000.0,22000.0,1.0,22.0,0.0
49000.0,10000.0,0.0,25.0,1.0
73000.0,10625.0,0.0,26.0,0.0
73000.0,6500.0,0.0,25.0,0.0
55000.0,10000.0,0.0,23.0,0.0
73000.0,7000.0,0.0,22.0,0.0
73000.0,7000.0,0.0,22.0,0.0
73000.0,12000.0,1.0,22.0,0.0
73000.0,10000.0,0.0,24.0,0.0
55000.0,10000.0,0.0,25.0,0.0
55000.0,10000.0,0.0,23.0,0.0
55000.0,10000.0,0.0,23.0,0.0
55000.0,10000.0,0.0,22.0,0.0
73000.0,5000.0,0.0,22.0,0.0
73000.0,17000.0,0.0,22.0,0.0
73000.0,10000.0,0.0,24.0,0.0
55000.0,10000.0,0.0,23.0,0.0
55000.0,10000.0,0.0,24.0,0.0
56950.0,4500.0,0.0,24.0,1.0
73000.0,6500.0,0.0,24.0,0.0
73000.0,7000.0,0.0,23.0,0.0
49000.0,10000.0,0.0,22.0,1.0
73000.0,3500.0,0.0,25.0,0.0
73000.0,9000.0,0.0,25.0,0.0
73000.0,14400.0,0.0,26.0,0.0
55000.0,10000.0,0.0,26.0,0.0
73000.0,8000.0,1.0,24.0,0.0
55000.0,10000.0,0.0,24.0,0.0
67000.0,5000.0,1.0,26.0,1.0
55008.0,10000.0,1.0,24.0,0.0
55016.0,10000.0,1.0,25.0,0.0
56000.0,10000.0,0.0,24.0,0.0
73000.0,7500.0,1.0,23.0,0.0
73000.0,14400.0,0.0,24.0,0.0
56000.0,10000.0,0.0,24.0,0.0
67000.0,6500.0,1.0,26.0,1.0
56004.0,10000.0,0.0,23.0,0.0
56950.0,25000.0,1.0,25.0,1.0
73163.0,25000.0,0.0,25.0,0.0
73164.0,1000.0,0.0,23.0,0.0
57000.0,10000.0,0.0,26.0,0.0
57000.0,10000.0,1.0,25.0,0.0
67400.0,20000.0,1.0,21.0,1.0
73440.0,35000.0,0.0,26.0,0.0
73440.0,7000.0,0.0,24.0,0.0
67476.0,25000.0,1.0,23.0,1.0
51000.0,10000.0,0.0,22.0,1.0
73500.0,10000.0,0.0,23.0,0.0
57000.0,10000.0,0.0,23.0,0.0
57600.0,10000.0,0.0,26.0,0.0
57600.0,10000.0,1.0,23.0,0.0
57996.0,10000.0,0.0,21.0,0.0
57996.0,10000.0,0.0,23.0,0.0
67524.0,10000.0,0.0,24.0,1.0
73600.0,24000.0,0.0,24.0,0.0
58000.0,10000.0,0.0,22.0,0.0
67700.0,15000.0,1.0,23.0,1.0
58000.0,10000.0,0.0,23.0,0.0
73909.0,3900.0,0.0,24.0,0.0
58216.0,10000.0,0.0,23.0,0.0
58608.0,10000.0,0.0,22.0,0.0
52800.0,10000.0,1.0,26.0,1.0
59000.0,10000.0,0.0,25.0,0.0
74000.0,12000.0,0.0,25.0,0.0
74000.0,10000.0,0.0,26.0,0.0
74000.0,25000.0,0.0,21.0,0.0
74000.0,1200.0,0.0,26.0,0.0
74000.0,2500.0,0.0,22.0,0.0
74000.0,15000.0,0.0,21.0,0.0
74000.0,4000.0,0.0,22.0,0.0
59600.0,10000.0,0.0,24.0,0.0
74000.0,16000.0,0.0,25.0,0.0
74000.0,4475.0,0.0,26.0,0.0
74000.0,15000.0,1.0,23.0,0.0
60000.0,10000.0,0.0,25.0,0.0
74000.0,10000.0,0.0,22.0,0.0
60000.0,10000.0,0.0,22.0,0.0
74000.0,3000.0,0.0,26.0,0.0
74000.0,10000.0,1.0,25.0,0.0
60000.0,10000.0,0.0,26.0,0.0
74000.0,1200.0,1.0,26.0,0.0
60000.0,10000.0,1.0,24.0,0.0
74000.0,20000.0,0.0,23.0,0.0
60000.0,10000.0,0.0,26.0,0.0
74000.0,12000.0,0.0,23.0,0.0
60000.0,10000.0,0.0,24.0,0.0
54000.0,10000.0,0.0,25.0,1.0
74000.0,5000.0,0.0,24.0,0.0
54000.0,10000.0,0.0,24.0,1.0
74004.0,3000.0,0.0,22.0,0.0
74004.0,5000.0,0.0,24.0,0.0
60000.0,10000.0,0.0,24.0,0.0
68100.0,17500.0,0.0,21.0,1.0
74196.0,17000.0,0.0,23.0,0.0
54000.0,10000.0,0.0,22.0,1.0
74263.0,11500.0,0.0,22.0,0.0
54000.0,10000.0,1.0,23.0,1.0
74400.0,15000.0,0.0,26.0,0.0
68400.0,10000.0,0.0,22.0,1.0
74500.0,8000.0,0.0,22.0,0.0
60000.0,10000.0,0.0,23.0,0.0
68500.0,9800.0,0.0,23.0,1.0
60000.0,10000.0,0.0,25.0,0.0
74500.0,8000.0,0.0,26.0,0.0
60000.0,10000.0,0.0,23.0,0.0
60000.0,10000.0,1.0,24.0,0.0
68551.0,4000.0,1.0,26.0,1.0
60000.0,10000.0,0.0,22.0,0.0
60000.0,10000.0,0.0,21.0,0.0
58313.0,5300.0,1.0,25.0,1.0
74678.0,4000.0,0.0,25.0,0.0
74700.0,12000.0,0.0,24.0,0.0
74700.0,19750.0,0.0,24.0,0.0
74758.0,11050.0,0.0,23.0,0.0
60000.0,10000.0,0.0,21.0,0.0
54000.0,10000.0,0.0,23.0,1.0
74880.0,8500.0,0.0,21.0,0.0
74900.0,18300.0,0.0,24.0,0.0
74900.0,3500.0,0.0,24.0,0.0
54000.0,10000.0,0.0,24.0,1.0
54000.0,10000.0,0.0,22.0,1.0
60000.0,10000.0,0.0,24.0,0.0
75000.0,31825.0,0.0,23.0,0.0
54000.0,10000.0,0.0,23.0,1.0
60000.0,10000.0,0.0,25.0,0.0
54000.0,10000.0,1.0,22.0,1.0
54000.0,10000.0,1.0,23.0,1.0
75000.0,4800.0,1.0,25.0,0.0
75000.0,24000.0,0.0,23.0,0.0
75000.0,5400.0,0.0,23.0,0.0
60629.0,10000.0,0.0,24.0,0.0
75000.0,5000.0,0.0,26.0,0.0
61500.0,10000.0,0.0,22.0,0.0
62000.0,10000.0,0.0,23.0,0.0
75000.0,10200.0,0.0,23.0,0.0
62000.0,10000.0,0.0,23.0,0.0
56000.0,10000.0,0.0,26.0,1.0
75000.0,6500.0,0.0,26.0,0.0
69000.0,15000.0,0.0,22.0,1.0
75000.0,10000.0,0.0,26.0,0.0
43200.0,4000.0,0.0,22.0,0.0
75000.0,5000.0,0.0,23.0,0.0
44000.0,4000.0,0.0,24.0,0.0
75000.0,12000.0,0.0,23.0,0.0
75000.0,11125.0,0.0,24.0,0.0
75000.0,8000.0,0.0,25.0,0.0
44700.0,4000.0,0.0,22.0,0.0
45000.0,4000.0,0.0,22.0,0.0
45000.0,4000.0,0.0,21.0,0.0
75000.0,24000.0,0.0,25.0,0.0
75000.0,14950.0,0.0,22.0,0.0
75000.0,16000.0,0.0,24.0,0.0
75000.0,15000.0,0.0,22.0,0.0
45000.0,4000.0,1.0,21.0,0.0
45000.0,4000.0,1.0,25.0,0.0
45000.0,4000.0,1.0,22.0,0.0
69000.0,14400.0,0.0,26.0,1.0
45000.0,4000.0,1.0,23.0,0.0
75000.0,7000.0,0.0,24.0,0.0
45000.0,4000.0,1.0,24.0,0.0
75000.0,14400.0,0.0,23.0,0.0
75000.0,14000.0,0.0,23.0,0.0
45000.0,4000.0,0.0,23.0,0.0
39000.0,4000.0,0.0,25.0,1.0
75000.0,8000.0,1.0,24.0,0.0
75000.0,9250.0,0.0,26.0,0.0
45000.0,4000.0,0.0,24.0,0.0
75000.0,21000.0,0.0,23.0,0.0
75000.0,12000.0,0.0,25.0,0.0
45000.0,4000.0,0.0,26.0,0.0
75000.0,15000.0,0.0,24.0,0.0
75000.0,12000.0,0.0,23.0,0.0
75000.0,14825.0,0.0,22.0,0.0
62000.0,10000.0,1.0,24.0,0.0
75000.0,8150.0,0.0,22.0,0.0
62000.0,10000.0,0.0,23.0,0.0
75000.0,16100.0,0.0,23.0,0.0
69000.0,17000.0,0.0,22.0,1.0
62000.0,10000.0,0.0,26.0,0.0
75000.0,16000.0,0.0,24.0,0.0
62364.0,10000.0,0.0,22.0,0.0
62366.0,10000.0,0.0,25.0,0.0
75000.0,5000.0,0.0,23.0,0.0
62400.0,10000.0,1.0,23.0,0.0
69000.0,4500.0,1.0,25.0,1.0
75000.0,12000.0,1.0,24.0,0.0
75000.0,28000.0,1.0,22.0,0.0
75000.0,15000.0,0.0,26.0,0.0
75000.0,7000.0,0.0,26.0,0.0
75000.0,7125.0,0.0,21.0,0.0
75000.0,7200.0,0.0,26.0,0.0
75000.0,8500.0,0.0,24.0,0.0
75000.0,11000.0,0.0,25.0,0.0
75000.0,4200.0,0.0,23.0,0.0
75000.0,6375.0,0.0,26.0,0.0
75000.0,15000.0,0.0,25.0,0.0
75000.0,14125.0,0.0,21.0,0.0
75000.0,4000.0,0.0,26.0,0.0
75000.0,7000.0,0.0,23.0,0.0
75000.0,12500.0,0.0,26.0,0.0
64800.0,10000.0,0.0,25.0,0.0
75000.0,5000.0,0.0,23.0,0.0
69000.0,6200.0,0.0,26.0,1.0
69000.0,10000.0,1.0,22.0,1.0
75000.0,11200.0,1.0,24.0,0.0
75000.0,11000.0,0.0,22.0,0.0
65000.0,10000.0,0.0,24.0,0.0
75000.0,7000.0,0.0,26.0,0.0
65000.0,10000.0,0.0,26.0,0.0
65000.0,10000.0,0.0,23.0,0.0
75000.0,8000.0,1.0,24.0,0.0
65000.0,10000.0,0.0,21.0,0.0
65000.0,10000.0,0.0,26.0,0.0
75000.0,9000.0,0.0,21.0,0.0
65000.0,10000.0,1.0,24.0,0.0
65000.0,10000.0,0.0,22.0,0.0
75000.0,13000.0,0.0,26.0,0.0
75000.0,3500.0,1.0,26.0,0.0
75000.0,7000.0,0.0,24.0,0.0
65000.0,10000.0,0.0,23.0,0.0
59000.0,10000.0,0.0,23.0,1.0
65000.0,10000.0,0.0,22.0,0.0
75000.0,9000.0,0.0,22.0,0.0
75000.0,4950.0,0.0,23.0,0.0
75000.0,10000.0,0.0,26.0,0.0
75000.0,19000.0,0.0,24.0,0.0
65000.0,10000.0,0.0,24.0,0.0
75000.0,29700.0,1.0,26.0,0.0
65000.0,10000.0,0.0,25.0,0.0
75000.0,1000.0,0.0,25.0,0.0
65000.0,10000.0,1.0,25.0,0.0
65000.0,10000.0,1.0,21.0,0.0
65000.0,10000.0,0.0,22.0,0.0
65488.0,10000.0,0.0,23.0,0.0
65496.0,10000.0,0.0,22.0,0.0
75000.0,3000.0,0.0,24.0,0.0
75000.0,12000.0,0.0,24.0,0.0
65520.0,10000.0,0.0,26.0,0.0
65900.0,10000.0,0.0,25.0,0.0
75000.0,5000.0,0.0,26.0,0.0
66000.0,10000.0,0.0,23.0,0.0
75000.0,12000.0,0.0,26.0,0.0
75000.0,10000.0,0.0,23.0,0.0
75000.0,10000.0,0.0,25.0,0.0
67000.0,10000.0,0.0,25.0,0.0
69000.0,15000.0,1.0,25.0,1.0
75000.0,12000.0,0.0,23.0,0.0
75000.0,12000.0,0.0,24.0,0.0
75000.0,3000.0,0.0,24.0,0.0
75000.0,10600.0,0.0,22.0,0.0
67000.0,10000.0,0.0,24.0,0.0
75000.0,5400.0,0.0,21.0,0.0
67600.0,10000.0,1.0,24.0,0.0
68000.0,10000.0,0.0,24.0,0.0
68000.0,10000.0,1.0,24.0,0.0
75000.0,12000.0,0.0,25.0,0.0
75000.0,25000.0,0.0,24.0,0.0
75000.0,9000.0,0.0,22.0,0.0
68000.0,10000.0,0.0,25.0,0.0
68000.0,10000.0,0.0,26.0,0.0
68400.0,10000.0,0.0,21.0,0.0
75000.0,10200.0,1.0,23.0,0.0
62496.0,10000.0,0.0,22.0,1.0
68750.0,10000.0,0.0,24.0,0.0
63000.0,10000.0,1.0,26.0,1.0
75000.0,6000.0,0.0,25.0,0.0
69600.0,10000.0,0.0,24.0,0.0
64000.0,10000.0,0.0,22.0,1.0
75000.0,12000.0,0.0,23.0,0.0
75000.0,6400.0,0.0,23.0,0.0
70000.0,10000.0,0.0,24.0,0.0
75000.0,8550.0,0.0,21.0,0.0
70000.0,10000.0,0.0,22.0,0.0
58650.0,14000.0,0.0,26.0,1.0
75000.0,12000.0,0.0,24.0,0.0
75000.0,6675.0,0.0,24.0,0.0
70000.0,10000.0,0.0,22.0,0.0
58650.0,5200.0,0.0,25.0,1.0
75000.0,4000.0,0.0,26.0,0.0
64000.0,10000.0,0.0,26.0,1.0
75000.0,11500.0,0.0,24.0,0.0
75000.0,20000.0,1.0,25.0,0.0
70000.0,10000.0,0.0,24.0,0.0
69000.0,25000.0,0.0,24.0,1.0
75000.0,1500.0,0.0,25.0,0.0
75000.0,9600.0,0.0,26.0,0.0
75000.0,9600.0,0.0,25.0,0.0
75000.0,15350.0,0.0,26.0,0.0
70000.0,10000.0,0.0,23.0,0.0
75000.0,8000.0,0.0,23.0,0.0
75000.0,25000.0,0.0,22.0,0.0
70000.0,10000.0,0.0,24.0,0.0
75000.0,7100.0,0.0,23.0,0.0
75000.0,18000.0,0.0,22.0,0.0
75000.0,19800.0,1.0,22.0,0.0
70000.0,10000.0,0.0,24.0,0.0
70000.0,10000.0,0.0,25.0,0.0
70000.0,10000.0,0.0,23.0,0.0
70000.0,10000.0,1.0,24.0,0.0
70000.0,10000.0,0.0,26.0,0.0
70800.0,10000.0,1.0,22.0,0.0
75000.0,3000.0,0.0,25.0,0.0
71000.0,10000.0,0.0,22.0,0.0
71496.0,10000.0,0.0,23.0,0.0
75000.0,9000.0,0.0,22.0,0.0
75000.0,12000.0,0.0,24.0,0.0
65600.0,10000.0,1.0,26.0,1.0
75000.0,15000.0,0.0,23.0,0.0
72000.0,10000.0,0.0,22.0,0.0
75000.0,5000.0,0.0,23.0,0.0
58650.0,9250.0,0.0,22.0,1.0
75000.0,1200.0,0.0,24.0,0.0
75000.0,15000.0,0.0,22.0,0.0
72000.0,10000.0,0.0,23.0,0.0
75000.0,17000.0,0.0,23.0,0.0
75000.0,16000.0,0.0,22.0,0.0
72000.0,10000.0,0.0,25.0,0.0
72000.0,10000.0,0.0,23.0,0.0
75000.0,5500.0,0.0,24.0,0.0
75000.0,12000.0,0.0,25.0,0.0
72000.0,10000.0,0.0,26.0,0.0
75000.0,15000.0,0.0,24.0,0.0
72000.0,10000.0,1.0,23.0,0.0
72345.0,10000.0,0.0,25.0,0.0
66500.0,10000.0,1.0,22.0,1.0
72500.0,10000.0,0.0,26.0,0.0
72858.0,10000.0,0.0,23.0,0.0
73000.0,10000.0,0.0,25.0,0.0
73000.0,10000.0,0.0,26.0,0.0
73000.0,10000.0,0.0,25.0,0.0
75000.0,6000.0,0.0,26.0,0.0
75000.0,6000.0,0.0,23.0,0.0
75000.0,25000.0,0.0,24.0,0.0
69000.0,15000.0,0.0,23.0,1.0
73000.0,10000.0,0.0,24.0,0.0
75000.0,20000.0,1.0,21.0,0.0
75000.0,20000.0,0.0,25.0,0.0
75000.0,10000.0,0.0,26.0,0.0
58650.0,10000.0,0.0,24.0,1.0
75000.0,10000.0,0.0,24.0,0.0
75000.0,8000.0,0.0,25.0,0.0
75000.0,10000.0,0.0,24.0,0.0
75000.0,5000.0,0.0,24.0,0.0
75000.0,11000.0,0.0,23.0,0.0
75000.0,5600.0,0.0,25.0,0.0
75000.0,10000.0,0.0,22.0,0.0
75000.0,12500.0,1.0,23.0,0.0
75000.0,8500.0,0.0,24.0,0.0
75000.0,10000.0,0.0,23.0,0.0
75000.0,21000.0,0.0,26.0,0.0
58650.0,5000.0,0.0,23.0,1.0
75000.0,10000.0,0.0,26.0,0.0
75000.0,8000.0,0.0,23.0,0.0
75000.0,10000.0,0.0,25.0,0.0
75000.0,20400.0,0.0,23.0,0.0
75000.0,24000.0,0.0,22.0,0.0
75000.0,5400.0,0.0,23.0,0.0
69000.0,10000.0,0.0,24.0,1.0
75000.0,8500.0,0.0,25.0,0.0
75000.0,4900.0,0.0,23.0,0.0
75000.0,9600.0,0.0,24.0,0.0
75000.0,12000.0,1.0,24.0,0.0
75000.0,8000.0,0.0,23.0,0.0
75000.0,10000.0,0.0,26.0,0.0
75000.0,10000.0,0.0,22.0,0.0
69000.0,10000.0,1.0,25.0,1.0
75000.0,25000.0,0.0,24.0,0.0
75000.0,10000.0,0.0,22.0,0.0
75000.0,7600.0,0.0,23.0,0.0
75000.0,10000.0,1.0,26.0,0.0
75000.0,5000.0,0.0,22.0,0.0
75000.0,10000.0,0.0,23.0,0.0
75000.0,10000.0,0.0,26.0,0.0
75000.0,2000.0,0.0,24.0,0.0
75000.0,10000.0,0.0,23.0,0.0
75000.0,6000.0,0.0,22.0,0.0
58650.0,25000.0,0.0,22.0,1.0
75000.0,16500.0,0.0,24.0,0.0
75000.0,10000.0,0.0,22.0,0.0
75000.0,8000.0,0.0,26.0,0.0
75000.0,10000.0,0.0,23.0,0.0
76000.0,10000.0,0.0,23.0,0.0
75000.0,10000.0,0.0,26.0,0.0
76250.0,10000.0,0.0,26.0,0.0
75000.0,9000.0,0.0,24.0,0.0
78000.0,10000.0,0.0,22.0,0.0
78000.0,10000.0,0.0,21.0,0.0
78000.0,10000.0,0.0,23.0,0.0
78204.0,10000.0,0.0,23.0,0.0
78513.0,10000.0,0.0,26.0,0.0
75000.0,10000.0,0.0,24.0,0.0
75000.0,15000.0,0.0,24.0,0.0
75000.0,3000.0,0.0,26.0,0.0
75000.0,6000.0,0.0,25.0,0.0
75000.0,15000.0,0.0,25.0,0.0
75000.0,5600.0,0.0,22.0,0.0
79000.0,10000.0,0.0,22.0,0.0
74000.0,10000.0,0.0,22.0,1.0
75000.0,3200.0,0.0,23.0,0.0
80000.0,10000.0,0.0,22.0,0.0
75000.0,3000.0,0.0,23.0,0.0
75000.0,16800.0,0.0,23.0,0.0
75000.0,5000.0,1.0,25.0,0.0
80000.0,10000.0,0.0,23.0,0.0
75000.0,8000.0,0.0,22.0,0.0
80000.0,10000.0,0.0,22.0,0.0
75000.0,15000.0,0.0,24.0,0.0
80000.0,10000.0,0.0,26.0,0.0
80000.0,10000.0,0.0,25.0,0.0
74000.0,10000.0,0.0,24.0,1.0
80000.0,10000.0,0.0,25.0,0.0
75000.0,4800.0,0.0,22.0,0.0
80000.0,10000.0,1.0,26.0,0.0
75000.0,15000.0,0.0,23.0,0.0
69000.0,4900.0,0.0,24.0,1.0
75000.0,7500.0,1.0,25.0,0.0
75000.0,6000.0,0.0,23.0,0.0
74000.0,10000.0,1.0,25.0,1.0
80000.0,10000.0,0.0,24.0,0.0
75000.0,19600.0,0.0,23.0,0.0
75000.0,10000.0,1.0,25.0,0.0
80004.0,10000.0,0.0,24.0,0.0
80004.0,10000.0,0.0,24.0,0.0
80004.0,10000.0,0.0,25.0,0.0
69000.0,2500.0,0.0,23.0,1.0
75000.0,12000.0,0.0,23.0,0.0
80038.0,10000.0,0.0,23.0,0.0
75181.0,6000.0,0.0,25.0,0.0
75200.0,6500.0,0.0,24.0,0.0
75360.0,7000.0,0.0,24.0,0.0
81996.0,10000.0,0.0,26.0,0.0
82632.0,10000.0,0.0,24.0,0.0
75500.0,7000.0,0.0,25.0,0.0
82650.0,10000.0,0.0,23.0,0.0
75555.0,10000.0,0.0,26.0,0.0
82800.0,10000.0,0.0,24.0,0.0
75600.0,10675.0,0.0,22.0,0.0
75600.0,7200.0,0.0,24.0,0.0
75600.0,15000.0,0.0,25.0,0.0
83000.0,10000.0,0.0,23.0,0.0
83200.0,10000.0,0.0,22.0,0.0
75600.0,14500.0,0.0,25.0,0.0
75689.0,25000.0,0.0,23.0,0.0
75744.0,15000.0,0.0,24.0,0.0
75744.0,6700.0,0.0,22.0,0.0
84000.0,10000.0,0.0,25.0,0.0
84000.0,10000.0,0.0,23.0,0.0
84000.0,10000.0,0.0,23.0,0.0
75873.0,1200.0,0.0,26.0,0.0
75885.0,3000.0,1.0,23.0,0.0
75912.0,22400.0,0.0,25.0,0.0
75996.0,10000.0,0.0,25.0,0.0
59497.0,7000.0,0.0,26.0,1.0
75996.0,15000.0,0.0,23.0,0.0
75996.0,9000.0,0.0,25.0,0.0
75996.0,8000.0,0.0,26.0,0.0
78996.0,10000.0,1.0,23.0,1.0
84996.0,10000.0,0.0,24.0,0.0
76000.0,14000.0,0.0,21.0,0.0
76000.0,3600.0,0.0,23.0,0.0
76000.0,6000.0,0.0,24.0,0.0
76000.0,12000.0,0.0,24.0,0.0
73000.0,10000.0,1.0,22.0,1.0
76000.0,13500.0,0.0,24.0,0.0
76000.0,13500.0,0.0,24.0,0.0
76000.0,5425.0,0.0,26.0,0.0
76000.0,24000.0,0.0,22.0,0.0
85000.0,10000.0,0.0,22.0,0.0
76000.0,15000.0,0.0,22.0,0.0
76000.0,20050.0,0.0,24.0,0.0
85000.0,10000.0,0.0,24.0,0.0
85000.0,10000.0,0.0,23.0,0.0
85000.0,10000.0,1.0,24.0,0.0
76000.0,14000.0,0.0,25.0,0.0
76000.0,6000.0,1.0,25.0,0.0
76000.0,20000.0,0.0,25.0,0.0
85000.0,10000.0,1.0,24.0,0.0
73000.0,10000.0,0.0,23.0,1.0
85000.0,10000.0,0.0,23.0,0.0
86000.0,10000.0,0.0,26.0,0.0
87000.0,10000.0,0.0,22.0,0.0
76000.0,18000.0,0.0,23.0,0.0
75996.0,10000.0,0.0,24.0,1.0
88000.0,10000.0,0.0,26.0,0.0
59500.0,20000.0,0.0,23.0,1.0
70000.0,25000.0,0.0,22.0,1.0
90000.0,10000.0,0.0,23.0,0.0
70000.0,15000.0,1.0,25.0,1.0
76160.0,7400.0,0.0,26.0,0.0
90000.0,10000.0,0.0,25.0,0.0
90000.0,10000.0,0.0,25.0,0.0
76296.0,18000.0,0.0,22.0,0.0
76300.0,3000.0,0.0,25.0,0.0
90000.0,10000.0,0.0,23.0,0.0
59813.0,20000.0,0.0,22.0,1.0
90000.0,10000.0,0.0,26.0,0.0
76486.0,6000.0,0.0,26.0,0.0
70500.0,14500.0,0.0,26.0,1.0
78000.0,10000.0,1.0,21.0,1.0
76500.0,4800.0,0.0,23.0,0.0
90000.0,10000.0,0.0,23.0,0.0
76596.0,24000.0,1.0,26.0,0.0
90000.0,10000.0,0.0,24.0,0.0
76700.0,14800.0,1.0,25.0,0.0
91000.0,10000.0,0.0,23.0,0.0
76800.0,6000.0,0.0,22.0,0.0
76800.0,12000.0,0.0,22.0,0.0
76800.0,12800.0,0.0,26.0,0.0
76800.0,6500.0,0.0,25.0,0.0
76800.0,8000.0,1.0,21.0,0.0
76800.0,10000.0,0.0,23.0,0.0
92000.0,10000.0,0.0,23.0,0.0
76896.0,25000.0,0.0,23.0,0.0
77000.0,12000.0,0.0,24.0,0.0
92652.0,10000.0,1.0,26.0,0.0
77000.0,12000.0,0.0,25.0,0.0
77000.0,12400.0,0.0,22.0,0.0
93000.0,10000.0,0.0,23.0,0.0
77000.0,9000.0,0.0,25.0,0.0
94000.0,10000.0,0.0,24.0,0.0
71000.0,6000.0,0.0,26.0,1.0
77000.0,3500.0,0.0,23.0,0.0
77000.0,3000.0,0.0,25.0,0.0
77000.0,4000.0,0.0,24.0,0.0
60350.0,35000.0,0.0,22.0,1.0
94000.0,10000.0,0.0,23.0,0.0
77000.0,3850.0,0.0,24.0,0.0
70550.0,10000.0,0.0,25.0,1.0
95000.0,10000.0,0.0,23.0,0.0
44966.0,10025.0,0.0,25.0,0.0
65400.0,10075.0,1.0,23.0,0.0
29136.0,10100.0,1.0,26.0,1.0
71000.0,3200.0,0.0,22.0,1.0
77000.0,10000.0,0.0,23.0,0.0
70000.0,10125.0,1.0,24.0,0.0
77000.0,8000.0,0.0,25.0,0.0
77000.0,21000.0,0.0,22.0,0.0
69000.0,10150.0,0.0,23.0,0.0
77000.0,14000.0,0.0,24.0,0.0
77000.0,6000.0,0.0,20.0,0.0
77000.0,5400.0,1.0,26.0,0.0
71000.0,5000.0,0.0,24.0,1.0
71000.0,20000.0,1.0,23.0,1.0
77004.0,6000.0,0.0,26.0,0.0
77004.0,15000.0,0.0,25.0,0.0
77004.0,12000.0,0.0,23.0,0.0
42000.0,10200.0,0.0,24.0,0.0
77004.0,6000.0,0.0,23.0,0.0
71004.0,5000.0,1.0,24.0,1.0
71004.0,2400.0,0.0,25.0,1.0
77004.0,16000.0,0.0,25.0,0.0
77052.0,24250.0,0.0,20.0,0.0
77078.0,3425.0,0.0,25.0,0.0
50004.0,10200.0,0.0,22.0,0.0
55000.0,10200.0,1.0,23.0,0.0
77237.0,5875.0,0.0,22.0,0.0
77237.0,15000.0,0.0,24.0,0.0
90000.0,10200.0,0.0,22.0,0.0
77350.0,4800.0,1.0,24.0,0.0
100000.0,10200.0,1.0,24.0,0.0
22000.0,11000.0,0.0,24.0,1.0
27000.0,11000.0,0.0,26.0,1.0
27000.0,11000.0,0.0,23.0,1.0
27300.0,11000.0,0.0,22.0,1.0
29000.0,11000.0,1.0,21.0,1.0
29004.0,11000.0,0.0,21.0,1.0
29472.0,11000.0,0.0,23.0,1.0
30720.0,11000.0,0.0,25.0,1.0
77604.0,6800.0,1.0,26.0,0.0
32000.0,11000.0,0.0,23.0,1.0
32000.0,11000.0,0.0,25.0,1.0
77705.0,4000.0,1.0,23.0,0.0
33000.0,11000.0,0.0,23.0,1.0
77927.0,15000.0,1.0,23.0,0.0
33600.0,11000.0,1.0,23.0,1.0
29000.0,11000.0,0.0,25.0,1.0
78000.0,2400.0,0.0,23.0,0.0
72000.0,14000.0,1.0,24.0,1.0
72000.0,10000.0,0.0,25.0,1.0
29000.0,11000.0,1.0,24.0,1.0
78000.0,4500.0,0.0,24.0,0.0
57000.0,11050.0,0.0,23.0,1.0
78000.0,10000.0,0.0,23.0,0.0
78000.0,8000.0,0.0,25.0,0.0
30000.0,11100.0,0.0,22.0,1.0
78000.0,5000.0,0.0,23.0,0.0
78000.0,7200.0,0.0,26.0,0.0
78000.0,5000.0,0.0,24.0,0.0
78000.0,8500.0,0.0,24.0,0.0
78000.0,1750.0,0.0,22.0,0.0
72000.0,8500.0,0.0,22.0,1.0
32244.0,11100.0,0.0,22.0,1.0
45000.0,11100.0,0.0,25.0,0.0
78000.0,15000.0,0.0,23.0,0.0
78000.0,3000.0,0.0,26.0,0.0
78000.0,8325.0,0.0,26.0,0.0
78000.0,6000.0,0.0,23.0,0.0
40000.0,12000.0,0.0,21.0,0.0
26000.0,11200.0,0.0,22.0,1.0
30852.0,11200.0,0.0,24.0,1.0
78000.0,4200.0,0.0,23.0,0.0
78000.0,20000.0,0.0,24.0,0.0
78000.0,8000.0,0.0,25.0,0.0
40000.0,5000.0,1.0,22.0,0.0
78000.0,4600.0,0.0,23.0,0.0
78000.0,3600.0,0.0,24.0,0.0
78000.0,12400.0,0.0,23.0,0.0
78000.0,12000.0,0.0,26.0,0.0
30840.0,11200.0,0.0,25.0,1.0
40000.0,11200.0,0.0,22.0,0.0
41600.0,11200.0,0.0,24.0,0.0
78000.0,12000.0,0.0,22.0,0.0
42000.0,11200.0,0.0,21.0,0.0
78000.0,10000.0,0.0,25.0,0.0
78000.0,6000.0,0.0,23.0,0.0
78000.0,1750.0,0.0,26.0,0.0
45000.0,11200.0,0.0,23.0,0.0
78000.0,14000.0,0.0,25.0,0.0
72000.0,12000.0,1.0,23.0,1.0
45000.0,11200.0,1.0,24.0,0.0
78000.0,2400.0,1.0,26.0,0.0
78000.0,15000.0,0.0,22.0,0.0
78000.0,25000.0,1.0,23.0,0.0
78000.0,2400.0,0.0,25.0,0.0
78000.0,9800.0,0.0,24.0,0.0
78000.0,1000.0,0.0,23.0,0.0
50000.0,11200.0,1.0,24.0,0.0
78000.0,6150.0,0.0,23.0,0.0
54000.0,11200.0,1.0,23.0,0.0
78000.0,18000.0,0.0,22.0,0.0
78000.0,7750.0,0.0,22.0,0.0
78000.0,16000.0,1.0,22.0,0.0
78000.0,16000.0,0.0,22.0,0.0
78000.0,14500.0,0.0,24.0,0.0
60000.0,11200.0,0.0,23.0,0.0
78000.0,25000.0,0.0,24.0,0.0
61000.0,11200.0,0.0,24.0,0.0
61200.0,11200.0,0.0,22.0,0.0
78000.0,4000.0,0.0,22.0,0.0
78000.0,14200.0,0.0,25.0,0.0
57800.0,11200.0,0.0,22.0,1.0
78000.0,8000.0,0.0,24.0,0.0
78000.0,16000.0,0.0,23.0,0.0
78000.0,9600.0,0.0,22.0,0.0
61200.0,20000.0,1.0,25.0,1.0
68000.0,11200.0,0.0,25.0,0.0
71000.0,11200.0,0.0,24.0,0.0
61200.0,13500.0,0.0,24.0,1.0
72000.0,11200.0,0.0,25.0,0.0
78000.0,25000.0,0.0,25.0,0.0
78402.0,11200.0,0.0,26.0,0.0
78200.0,6000.0,0.0,25.0,0.0
82000.0,11200.0,0.0,25.0,0.0
61455.0,15000.0,0.0,23.0,1.0
78386.0,4000.0,0.0,24.0,0.0
78400.0,5000.0,1.0,22.0,0.0
78400.0,17400.0,0.0,24.0,0.0
100016.0,11200.0,1.0,26.0,0.0
78413.0,17500.0,0.0,22.0,0.0
78420.0,8000.0,0.0,26.0,0.0
78500.0,6000.0,0.0,24.0,0.0
78500.0,7200.0,0.0,23.0,0.0
72500.0,16000.0,1.0,25.0,1.0
78500.0,4800.0,0.0,23.0,0.0
110000.0,11200.0,0.0,24.0,0.0
78500.0,16000.0,0.0,25.0,0.0
180000.0,11200.0,0.0,24.0,0.0
45000.0,11250.0,0.0,25.0,0.0
72644.0,5900.0,0.0,22.0,1.0
61754.0,10000.0,0.0,26.0,1.0
35000.0,11300.0,0.0,21.0,1.0
41892.0,11300.0,0.0,26.0,0.0
78720.0,10000.0,0.0,25.0,0.0
78792.0,5500.0,0.0,22.0,0.0
78885.0,20000.0,0.0,23.0,0.0
78948.0,17500.0,0.0,26.0,0.0
45000.0,11300.0,1.0,22.0,0.0
78996.0,10000.0,0.0,22.0,0.0
71000.0,11300.0,0.0,23.0,0.0
29000.0,11325.0,0.0,21.0,1.0
79000.0,10375.0,0.0,22.0,0.0
79000.0,17825.0,0.0,23.0,0.0
36000.0,11325.0,0.0,25.0,1.0
79000.0,8000.0,0.0,24.0,0.0
30000.0,11400.0,0.0,25.0,1.0
41500.0,11400.0,0.0,26.0,0.0
79000.0,14000.0,0.0,25.0,0.0
79000.0,35000.0,1.0,22.0,0.0
50000.0,11400.0,1.0,22.0,0.0
60000.0,11400.0,1.0,23.0,0.0
79000.0,10000.0,0.0,25.0,0.0
79000.0,20000.0,0.0,25.0,0.0
62050.0,2000.0,1.0,22.0,1.0
65000.0,11400.0,0.0,24.0,0.0
73000.0,11400.0,1.0,24.0,1.0
79000.0,9000.0,0.0,25.0,0.0
62050.0,18300.0,0.0,25.0,1.0
79000.0,10000.0,0.0,22.0,0.0
79000.0,3200.0,0.0,23.0,0.0
107806.0,11425.0,0.0,23.0,0.0
79000.0,16000.0,1.0,23.0,0.0
79000.0,11000.0,1.0,22.0,0.0
79000.0,14000.0,1.0,26.0,0.0
79000.0,14500.0,0.0,25.0,0.0
79000.0,15000.0,0.0,25.0,0.0
79000.0,7500.0,0.0,25.0,0.0
79100.0,3300.0,0.0,23.0,0.0
24000.0,11500.0,0.0,24.0,1.0
79200.0,6075.0,0.0,26.0,0.0
79200.0,3800.0,0.0,24.0,0.0
79200.0,5000.0,0.0,23.0,0.0
79200.0,8000.0,0.0,23.0,0.0
79200.0,4750.0,0.0,22.0,0.0
79380.0,10000.0,1.0,26.0,0.0
79400.0,12000.0,0.0,24.0,0.0
62393.0,20000.0,1.0,25.0,1.0
79500.0,6000.0,0.0,26.0,0.0
79560.0,8000.0,0.0,26.0,0.0
34100.0,11500.0,0.0,26.0,1.0
79618.0,7000.0,0.0,22.0,0.0
34500.0,11500.0,0.0,21.0,1.0
79632.0,7200.0,1.0,24.0,0.0
79700.0,7200.0,0.0,26.0,0.0
79768.0,12000.0,1.0,24.0,0.0
40000.0,13000.0,0.0,23.0,0.0
79992.0,10000.0,0.0,25.0,0.0
34000.0,11500.0,0.0,23.0,1.0
79996.0,24000.0,1.0,23.0,0.0
40000.0,3000.0,0.0,23.0,0.0
74000.0,15000.0,0.0,26.0,1.0
41784.0,11500.0,0.0,26.0,0.0
80000.0,12000.0,0.0,26.0,0.0
42000.0,11500.0,0.0,24.0,0.0
80000.0,4000.0,1.0,25.0,0.0
80000.0,6000.0,0.0,25.0,0.0
42000.0,11500.0,1.0,25.0,0.0
45760.0,11500.0,0.0,26.0,0.0
45996.0,11500.0,0.0,25.0,0.0
80000.0,15000.0,0.0,23.0,0.0
62900.0,11000.0,0.0,26.0,1.0
57000.0,11500.0,0.0,26.0,0.0
80000.0,25000.0,0.0,25.0,0.0
40000.0,8000.0,0.0,22.0,0.0
62500.0,11500.0,0.0,24.0,0.0
80000.0,24000.0,0.0,23.0,0.0
80000.0,18000.0,0.0,24.0,0.0
63000.0,11500.0,0.0,24.0,0.0
70000.0,11500.0,0.0,23.0,0.0
80000.0,10000.0,0.0,24.0,0.0
74000.0,11500.0,0.0,24.0,0.0
80000.0,4000.0,0.0,25.0,0.0
80000.0,12000.0,0.0,24.0,0.0
79000.0,11500.0,0.0,26.0,0.0
74000.0,18000.0,0.0,25.0,1.0
125000.0,11500.0,0.0,24.0,0.0
41000.0,11525.0,1.0,24.0,0.0
77954.0,11550.0,0.0,25.0,1.0
80000.0,9500.0,0.0,22.0,0.0
70000.0,11600.0,0.0,26.0,0.0
80000.0,4200.0,0.0,26.0,0.0
71000.0,11600.0,0.0,26.0,0.0
40000.0,11650.0,0.0,23.0,0.0
80000.0,16000.0,0.0,22.0,0.0
57996.0,11650.0,0.0,23.0,0.0
30000.0,11700.0,0.0,26.0,1.0
80000.0,7000.0,0.0,24.0,0.0
80000.0,6000.0,0.0,25.0,0.0
80000.0,4900.0,0.0,25.0,0.0
80000.0,7000.0,0.0,26.0,0.0
74000.0,4000.0,0.0,22.0,1.0
80000.0,18200.0,0.0,25.0,0.0
66000.0,11750.0,0.0,22.0,1.0
80000.0,5000.0,0.0,25.0,0.0
44400.0,11775.0,1.0,22.0,0.0
35000.0,11800.0,0.0,22.0,1.0
40000.0,11800.0,0.0,24.0,0.0
80000.0,3000.0,0.0,25.0,0.0
42000.0,11800.0,0.0,23.0,0.0
76000.0,11800.0,1.0,26.0,0.0
94000.0,11800.0,0.0,22.0,0.0
80000.0,7000.0,1.0,23.0,0.0
42500.0,11850.0,1.0,22.0,1.0
50000.0,11875.0,0.0,25.0,0.0
35000.0,11900.0,0.0,23.0,1.0
80000.0,11000.0,0.0,25.0,0.0
80000.0,22000.0,0.0,23.0,0.0
80000.0,2000.0,0.0,23.0,0.0
80000.0,2000.0,1.0,24.0,0.0
20000.0,12000.0,0.0,25.0,1.0
80000.0,12000.0,0.0,25.0,0.0
80000.0,2200.0,0.0,24.0,0.0
24000.0,12000.0,0.0,22.0,1.0
24000.0,12000.0,0.0,24.0,1.0
24000.0,12000.0,1.0,25.0,1.0
80000.0,5000.0,0.0,24.0,0.0
24996.0,12000.0,0.0,22.0,1.0
26000.0,12000.0,0.0,24.0,1.0
26000.0,12000.0,0.0,25.0,1.0
80000.0,14000.0,1.0,25.0,0.0
26000.0,12000.0,0.0,24.0,1.0
80000.0,5550.0,0.0,24.0,0.0
80000.0,12000.0,0.0,21.0,0.0
80000.0,2500.0,0.0,24.0,0.0
28000.0,12000.0,1.0,23.0,1.0
80000.0,3000.0,0.0,24.0,0.0
80000.0,16000.0,0.0,22.0,0.0
29000.0,12000.0,1.0,24.0,1.0
80000.0,9000.0,0.0,23.0,0.0
80000.0,8000.0,0.0,23.0,0.0
29435.0,12000.0,0.0,24.0,1.0
30000.0,12000.0,0.0,22.0,1.0
80000.0,5000.0,1.0,24.0,0.0
30000.0,12000.0,0.0,21.0,1.0
30000.0,12000.0,0.0,24.0,1.0
80000.0,2700.0,0.0,25.0,0.0
80000.0,12000.0,0.0,24.0,0.0
80000.0,4000.0,0.0,23.0,0.0
30000.0,12000.0,0.0,22.0,1.0
80000.0,5500.0,0.0,23.0,0.0
30000.0,12000.0,0.0,22.0,1.0
80000.0,12000.0,1.0,24.0,0.0
30000.0,12000.0,0.0,22.0,1.0
80000.0,4000.0,0.0,23.0,0.0
30000.0,12000.0,0.0,24.0,1.0
30000.0,12000.0,0.0,25.0,1.0
30000.0,12000.0,0.0,22.0,1.0
80000.0,4800.0,0.0,22.0,0.0
80000.0,10000.0,0.0,25.0,0.0
80000.0,6000.0,0.0,23.0,0.0
80000.0,10800.0,0.0,26.0,0.0
80000.0,5000.0,0.0,21.0,0.0
31000.0,12000.0,0.0,22.0,1.0
80000.0,20000.0,1.0,25.0,0.0
74000.0,35000.0,0.0,24.0,1.0
80000.0,10250.0,0.0,25.0,0.0
31200.0,12000.0,0.0,22.0,1.0
80000.0,1500.0,0.0,22.0,0.0
74000.0,24000.0,0.0,26.0,1.0
32000.0,12000.0,0.0,24.0,1.0
74000.0,19000.0,1.0,22.0,1.0
80000.0,4800.0,0.0,23.0,0.0
32000.0,12000.0,0.0,24.0,1.0
32000.0,12000.0,0.0,24.0,1.0
74000.0,16800.0,1.0,26.0,1.0
32000.0,12000.0,1.0,24.0,1.0
32000.0,12000.0,0.0,26.0,1.0
80000.0,14625.0,1.0,25.0,0.0
32500.0,12000.0,0.0,22.0,1.0
33000.0,12000.0,0.0,23.0,1.0
80000.0,12000.0,0.0,25.0,0.0
33504.0,12000.0,1.0,22.0,1.0
80000.0,25000.0,1.0,24.0,0.0
33504.0,12000.0,1.0,23.0,1.0
33600.0,12000.0,0.0,22.0,1.0
33600.0,12000.0,0.0,21.0,1.0
80000.0,6300.0,0.0,26.0,0.0
34000.0,12000.0,0.0,24.0,1.0
80000.0,20000.0,0.0,24.0,0.0
80000.0,9000.0,0.0,23.0,0.0
80000.0,13000.0,0.0,25.0,0.0
34000.0,12000.0,0.0,26.0,1.0
80000.0,16000.0,0.0,24.0,0.0
80000.0,12000.0,0.0,25.0,0.0
80000.0,18000.0,0.0,26.0,0.0
34000.0,12000.0,0.0,23.0,1.0
80000.0,18000.0,0.0,25.0,0.0
80000.0,2000.0,0.0,26.0,0.0
80000.0,3000.0,0.0,25.0,0.0
80000.0,25000.0,0.0,25.0,0.0
80000.0,10000.0,0.0,25.0,0.0
34132.0,12000.0,0.0,24.0,1.0
40000.0,6000.0,0.0,22.0,0.0
34138.0,12000.0,0.0,26.0,1.0
34500.0,12000.0,1.0,22.0,1.0
34500.0,12000.0,0.0,24.0,1.0
80000.0,25000.0,0.0,23.0,0.0
80000.0,15000.0,1.0,25.0,0.0
80000.0,16000.0,0.0,24.0,0.0
80000.0,2000.0,1.0,22.0,0.0
40000.0,6000.0,1.0,25.0,0.0
40000.0,15000.0,0.0,21.0,0.0
35000.0,12000.0,0.0,22.0,1.0
35000.0,12000.0,0.0,23.0,1.0
35000.0,12000.0,0.0,24.0,1.0
35000.0,12000.0,1.0,26.0,1.0
80000.0,8000.0,0.0,23.0,0.0
80000.0,24000.0,1.0,24.0,0.0
80000.0,4900.0,0.0,26.0,0.0
29004.0,12000.0,1.0,25.0,1.0
35400.0,12000.0,0.0,24.0,1.0
80000.0,10000.0,1.0,25.0,0.0
40000.0,2000.0,0.0,24.0,0.0
36000.0,12000.0,0.0,25.0,1.0
30000.0,12000.0,0.0,26.0,1.0
80000.0,4000.0,0.0,23.0,0.0
80000.0,18000.0,0.0,24.0,0.0
40000.0,6400.0,0.0,23.0,0.0
36000.0,12000.0,0.0,24.0,1.0
80000.0,7000.0,0.0,26.0,0.0
36000.0,12000.0,0.0,22.0,1.0
80000.0,11000.0,0.0,23.0,0.0
62900.0,8825.0,1.0,25.0,1.0
36780.0,12000.0,0.0,21.0,1.0
31008.0,12000.0,0.0,25.0,1.0
80000.0,18000.0,0.0,24.0,0.0
80000.0,12000.0,1.0,23.0,0.0
80000.0,12000.0,1.0,24.0,0.0
80000.0,10000.0,0.0,22.0,0.0
80000.0,15000.0,0.0,23.0,0.0
80000.0,15000.0,0.0,26.0,0.0
80000.0,12000.0,0.0,25.0,0.0
31200.0,12000.0,0.0,22.0,1.0
80000.0,5000.0,0.0,22.0,0.0
80000.0,8500.0,0.0,25.0,0.0
37392.0,12000.0,0.0,22.0,1.0
80000.0,25000.0,0.0,26.0,0.0
80000.0,5000.0,0.0,22.0,0.0
80000.0,5000.0,1.0,26.0,0.0
80000.0,20000.0,0.0,23.0,0.0
38000.0,12000.0,0.0,23.0,1.0
62900.0,12000.0,1.0,22.0,1.0
80000.0,6000.0,1.0,23.0,0.0
74000.0,10000.0,0.0,22.0,1.0
38000.0,12000.0,0.0,21.0,1.0
38000.0,12000.0,1.0,24.0,1.0
80000.0,10000.0,0.0,23.0,0.0
38000.0,12000.0,0.0,24.0,1.0
80000.0,6000.0,0.0,22.0,0.0
38000.0,12000.0,0.0,24.0,1.0
80000.0,6000.0,0.0,25.0,0.0
38001.0,12000.0,0.0,24.0,1.0
80000.0,25000.0,0.0,25.0,0.0
80000.0,6000.0,0.0,24.0,0.0
80000.0,25000.0,0.0,25.0,0.0
38004.0,12000.0,0.0,22.0,1.0
32004.0,12000.0,1.0,25.0,1.0
80000.0,5500.0,0.0,24.0,0.0
80000.0,15000.0,0.0,26.0,0.0
38340.0,12000.0,0.0,25.0,1.0
80000.0,8500.0,0.0,23.0,0.0
74000.0,25000.0,0.0,23.0,1.0
38400.0,12000.0,0.0,26.0,1.0
80000.0,7000.0,1.0,26.0,0.0
80000.0,22000.0,0.0,25.0,0.0
39996.0,12000.0,0.0,25.0,0.0
38400.0,12000.0,0.0,26.0,1.0
38599.0,12000.0,0.0,25.0,1.0
80000.0,15000.0,0.0,22.0,0.0
39000.0,12000.0,0.0,23.0,1.0
39000.0,12000.0,0.0,22.0,1.0
80000.0,3000.0,0.0,26.0,0.0
39000.0,12000.0,0.0,23.0,1.0
39996.0,3000.0,0.0,24.0,0.0
39600.0,12000.0,0.0,25.0,0.0
80000.0,8000.0,0.0,23.0,0.0
39779.0,12000.0,0.0,25.0,0.0
80000.0,17000.0,0.0,23.0,0.0
74000.0,15000.0,0.0,22.0,1.0
39900.0,12000.0,0.0,21.0,0.0
39900.0,12000.0,0.0,25.0,0.0
74000.0,7500.0,0.0,26.0,1.0
80000.0,7500.0,0.0,24.0,0.0
39996.0,12000.0,0.0,24.0,0.0
80000.0,10000.0,0.0,22.0,0.0
39996.0,12000.0,0.0,23.0,0.0
80000.0,20000.0,0.0,24.0,0.0
74000.0,25000.0,1.0,22.0,1.0
40000.0,12000.0,0.0,24.0,0.0
80004.0,2425.0,1.0,24.0,0.0
80004.0,3600.0,0.0,25.0,0.0
80004.0,6000.0,0.0,24.0,0.0
74004.0,25000.0,1.0,24.0,1.0
40000.0,12000.0,0.0,26.0,0.0
80004.0,25000.0,0.0,24.0,0.0
40000.0,12000.0,0.0,26.0,0.0
80004.0,15000.0,0.0,26.0,0.0
40000.0,12000.0,0.0,22.0,0.0
40000.0,12000.0,0.0,26.0,0.0
80004.0,19000.0,0.0,23.0,0.0
40000.0,12000.0,0.0,22.0,0.0
80004.0,6000.0,0.0,26.0,0.0
40000.0,12000.0,0.0,23.0,0.0
40000.0,12000.0,0.0,26.0,0.0
40000.0,12000.0,0.0,22.0,0.0
80004.0,6000.0,0.0,24.0,0.0
40100.0,12000.0,0.0,23.0,0.0
80070.0,27525.0,0.0,22.0,0.0
80140.0,11300.0,0.0,25.0,0.0
80196.0,30000.0,0.0,23.0,0.0
80208.0,4000.0,0.0,25.0,0.0
40320.0,12000.0,0.0,22.0,0.0
80340.0,7000.0,0.0,22.0,0.0
41000.0,12000.0,0.0,25.0,0.0
80400.0,1000.0,0.0,25.0,0.0
80400.0,25000.0,1.0,25.0,0.0
80400.0,12000.0,0.0,24.0,0.0
36000.0,12000.0,0.0,24.0,1.0
42000.0,12000.0,0.0,23.0,0.0
42000.0,12000.0,0.0,25.0,0.0
74476.0,5000.0,0.0,22.0,1.0
80500.0,24000.0,1.0,26.0,0.0
42000.0,12000.0,0.0,23.0,0.0
42000.0,12000.0,0.0,26.0,0.0
80500.0,11000.0,0.0,26.0,0.0
74500.0,7500.0,0.0,22.0,1.0
74600.0,20000.0,0.0,24.0,1.0
42000.0,12000.0,0.0,24.0,0.0
80689.0,16000.0,1.0,24.0,0.0
80730.0,9600.0,0.0,26.0,0.0
42000.0,12000.0,0.0,21.0,0.0
80832.0,15000.0,0.0,23.0,0.0
81000.0,9100.0,0.0,22.0,0.0
42500.0,12000.0,0.0,25.0,0.0
81000.0,10750.0,0.0,26.0,0.0
42500.0,12000.0,0.0,23.0,0.0
42500.0,12000.0,0.0,24.0,0.0
42900.0,12000.0,0.0,25.0,0.0
43000.0,12000.0,1.0,25.0,0.0
75000.0,25000.0,1.0,22.0,1.0
81000.0,10000.0,0.0,23.0,0.0
81000.0,5000.0,0.0,26.0,0.0
81000.0,6600.0,0.0,22.0,0.0
43200.0,12000.0,0.0,24.0,0.0
81000.0,20000.0,0.0,24.0,0.0
43680.0,12000.0,0.0,26.0,0.0
81000.0,24000.0,0.0,22.0,0.0
44004.0,12000.0,1.0,25.0,0.0
44160.0,12000.0,1.0,22.0,0.0
44400.0,12000.0,0.0,23.0,0.0
81000.0,10000.0,0.0,22.0,0.0
44412.0,12000.0,1.0,22.0,0.0
81000.0,15000.0,0.0,24.0,0.0
81000.0,5200.0,0.0,25.0,0.0
81000.0,8400.0,1.0,21.0,0.0
45000.0,12000.0,0.0,23.0,0.0
81120.0,15000.0,0.0,23.0,0.0
39000.0,4400.0,0.0,25.0,0.0
45000.0,12000.0,0.0,22.0,0.0
81204.0,9100.0,0.0,26.0,0.0
81360.0,6000.0,0.0,26.0,0.0
39000.0,3600.0,0.0,25.0,0.0
39000.0,8500.0,0.0,25.0,0.0
81500.0,15000.0,0.0,23.0,0.0
81500.0,7575.0,0.0,22.0,0.0
81500.0,20000.0,0.0,22.0,0.0
39000.0,3000.0,0.0,23.0,0.0
81504.0,2400.0,0.0,23.0,0.0
81600.0,7200.0,0.0,26.0,0.0
81600.0,9000.0,0.0,23.0,0.0
81600.0,14400.0,0.0,21.0,0.0
81600.0,13000.0,1.0,25.0,0.0
81600.0,1300.0,0.0,22.0,0.0
45000.0,12000.0,0.0,24.0,0.0
81600.0,20000.0,0.0,25.0,0.0
45000.0,12000.0,0.0,23.0,0.0
45000.0,12000.0,0.0,25.0,0.0
81800.0,2500.0,0.0,22.0,0.0
45000.0,12000.0,0.0,25.0,0.0
45000.0,12000.0,0.0,23.0,0.0
81996.0,7000.0,0.0,22.0,0.0
81996.0,14000.0,0.0,24.0,0.0
45000.0,12000.0,0.0,21.0,0.0
82000.0,7000.0,0.0,26.0,0.0
82000.0,25000.0,1.0,24.0,0.0
45176.0,12000.0,0.0,21.0,0.0
45204.0,12000.0,0.0,24.0,0.0
45600.0,12000.0,0.0,25.0,0.0
39760.0,12000.0,1.0,21.0,1.0
45806.0,12000.0,0.0,26.0,0.0
45900.0,12000.0,0.0,26.0,0.0
82000.0,1000.0,1.0,26.0,0.0
82000.0,19075.0,0.0,26.0,0.0
82000.0,5000.0,1.0,23.0,0.0
45996.0,12000.0,1.0,24.0,0.0
46000.0,12000.0,0.0,22.0,0.0
46000.0,12000.0,0.0,25.0,0.0
82000.0,3200.0,0.0,26.0,0.0
46000.0,12000.0,1.0,22.0,0.0
46000.0,12000.0,0.0,22.0,0.0
46800.0,12000.0,1.0,21.0,0.0
82000.0,15000.0,0.0,25.0,0.0
47000.0,12000.0,1.0,25.0,0.0
82000.0,9600.0,0.0,23.0,0.0
47000.0,12000.0,0.0,22.0,0.0
47000.0,12000.0,0.0,25.0,0.0
82000.0,10750.0,0.0,22.0,0.0
82000.0,8000.0,0.0,24.0,0.0
82000.0,20000.0,0.0,24.0,0.0
76000.0,6000.0,0.0,23.0,1.0
47840.0,12000.0,0.0,23.0,0.0
48000.0,12000.0,0.0,23.0,0.0
82000.0,6000.0,0.0,24.0,0.0
48000.0,12000.0,1.0,24.0,0.0
48000.0,12000.0,1.0,25.0,0.0
82000.0,20000.0,0.0,22.0,0.0
42000.0,12000.0,1.0,22.0,1.0
82000.0,10000.0,1.0,22.0,0.0
82000.0,20000.0,0.0,26.0,0.0
76000.0,7200.0,1.0,26.0,1.0
82000.0,14700.0,0.0,24.0,0.0
48000.0,12000.0,0.0,26.0,0.0
82000.0,4500.0,1.0,26.0,0.0
82000.0,5000.0,1.0,26.0,0.0
82000.0,8300.0,0.0,22.0,0.0
82000.0,10000.0,0.0,25.0,0.0
82000.0,7500.0,0.0,25.0,0.0
82000.0,7500.0,0.0,24.0,0.0
48074.0,12000.0,1.0,25.0,0.0
76000.0,7000.0,0.0,24.0,1.0
60000.0,12000.0,0.0,26.0,0.0
60000.0,12000.0,0.0,21.0,0.0
54000.0,12000.0,0.0,23.0,1.0
76248.0,9750.0,1.0,25.0,1.0
60000.0,12000.0,0.0,23.0,0.0
82305.0,18600.0,0.0,26.0,0.0
60000.0,12000.0,0.0,23.0,0.0
60000.0,12000.0,0.0,26.0,0.0
60000.0,12000.0,0.0,25.0,0.0
82500.0,5000.0,0.0,23.0,0.0
82500.0,10000.0,0.0,24.0,0.0
65025.0,16000.0,0.0,23.0,1.0
60000.0,12000.0,0.0,24.0,0.0
60000.0,12000.0,0.0,24.0,0.0
60000.0,12000.0,0.0,24.0,0.0
82500.0,14400.0,0.0,22.0,0.0
60000.0,12000.0,0.0,22.0,0.0
60000.0,12000.0,0.0,24.0,0.0
54000.0,12000.0,1.0,23.0,1.0
60000.0,12000.0,0.0,25.0,0.0
82729.0,4800.0,0.0,25.0,0.0
60000.0,12000.0,0.0,25.0,0.0
60000.0,12000.0,0.0,23.0,0.0
60000.0,12000.0,0.0,22.0,0.0
60000.0,12000.0,0.0,26.0,0.0
83000.0,5500.0,0.0,22.0,0.0
60000.0,12000.0,1.0,26.0,0.0
60000.0,12000.0,0.0,25.0,0.0
83000.0,14000.0,0.0,21.0,0.0
60000.0,12000.0,0.0,24.0,0.0
60000.0,12000.0,0.0,25.0,0.0
60000.0,12000.0,0.0,24.0,0.0
83000.0,13000.0,0.0,25.0,0.0
83000.0,10400.0,0.0,24.0,0.0
83000.0,20000.0,1.0,23.0,0.0
83000.0,10000.0,0.0,23.0,0.0
60000.0,12000.0,1.0,22.0,0.0
60000.0,12000.0,0.0,23.0,0.0
83000.0,15000.0,0.0,24.0,0.0
38272.0,4800.0,0.0,22.0,0.0
83000.0,1500.0,0.0,23.0,0.0
83000.0,25000.0,1.0,22.0,0.0
60500.0,12000.0,0.0,24.0,0.0
83000.0,25000.0,0.0,26.0,0.0
83000.0,7000.0,1.0,21.0,0.0
83000.0,17000.0,0.0,26.0,0.0
83000.0,8500.0,0.0,21.0,0.0
77000.0,7200.0,0.0,25.0,1.0
65450.0,10800.0,0.0,26.0,1.0
61000.0,12000.0,0.0,25.0,0.0
23500.0,3000.0,1.0,23.0,0.0
83004.0,3500.0,1.0,23.0,0.0
83004.0,24000.0,0.0,22.0,0.0
83004.0,5000.0,0.0,25.0,0.0
83050.0,10000.0,1.0,24.0,0.0
38004.0,3000.0,1.0,24.0,0.0
83199.0,14400.0,0.0,23.0,0.0
83200.0,4000.0,0.0,23.0,0.0
24856.0,3000.0,0.0,26.0,0.0
77200.0,22000.0,0.0,23.0,1.0
24996.0,3000.0,0.0,21.0,0.0
25000.0,3000.0,0.0,22.0,0.0
83400.0,10000.0,0.0,25.0,0.0
25000.0,3000.0,0.0,25.0,0.0
38004.0,3000.0,1.0,22.0,0.0
83500.0,1600.0,0.0,26.0,0.0
83500.0,6500.0,0.0,26.0,0.0
83600.0,13600.0,0.0,26.0,0.0
83600.0,7500.0,1.0,22.0,0.0
25000.0,3000.0,0.0,24.0,0.0
25000.0,3000.0,0.0,24.0,0.0
83957.0,3000.0,0.0,26.0,0.0
25200.0,3000.0,1.0,26.0,0.0
84000.0,8500.0,0.0,25.0,0.0
84000.0,17500.0,0.0,23.0,0.0
84000.0,16000.0,0.0,23.0,0.0
84000.0,20000.0,0.0,25.0,0.0
84000.0,7500.0,0.0,26.0,0.0
84000.0,3900.0,0.0,22.0,0.0
26500.0,3000.0,0.0,25.0,0.0
26880.0,3000.0,1.0,23.0,0.0
84000.0,4200.0,0.0,23.0,0.0
27000.0,3000.0,0.0,24.0,0.0
84000.0,5000.0,0.0,25.0,0.0
27600.0,3000.0,0.0,21.0,0.0
84000.0,2500.0,0.0,21.0,0.0
84000.0,6500.0,0.0,25.0,0.0
84000.0,28000.0,0.0,23.0,0.0
28000.0,3000.0,0.0,22.0,0.0
28000.0,3000.0,0.0,24.0,0.0
28000.0,3000.0,0.0,23.0,0.0
84000.0,23000.0,0.0,23.0,0.0
84000.0,18000.0,0.0,24.0,0.0
84000.0,12000.0,0.0,22.0,0.0
28800.0,3000.0,0.0,25.0,0.0
84000.0,2825.0,0.0,22.0,0.0
84000.0,21000.0,1.0,26.0,0.0
28800.0,3000.0,0.0,25.0,0.0
84000.0,7000.0,0.0,23.0,0.0
29000.0,3000.0,1.0,25.0,1.0
84000.0,7200.0,0.0,22.0,0.0
84000.0,23000.0,0.0,22.0,0.0
30000.0,3000.0,0.0,23.0,1.0
30000.0,3000.0,0.0,25.0,0.0
30000.0,3000.0,0.0,26.0,0.0
84000.0,4200.0,0.0,25.0,0.0
84000.0,8000.0,0.0,24.0,0.0
84000.0,8000.0,0.0,22.0,0.0
62000.0,12000.0,0.0,26.0,0.0
84000.0,10000.0,0.0,22.0,0.0
84000.0,10000.0,0.0,22.0,0.0
84000.0,6000.0,0.0,25.0,0.0
66300.0,1700.0,0.0,25.0,1.0
62000.0,12000.0,0.0,23.0,0.0
84000.0,25000.0,0.0,23.0,0.0
84000.0,15000.0,0.0,25.0,0.0
62204.0,12000.0,1.0,25.0,0.0
84000.0,8500.0,0.0,25.0,0.0
62300.0,12000.0,0.0,25.0,0.0
84000.0,25000.0,0.0,23.0,0.0
84000.0,10000.0,0.0,21.0,0.0
84000.0,20000.0,0.0,24.0,0.0
78000.0,8000.0,0.0,23.0,1.0
62400.0,12000.0,0.0,23.0,0.0
62400.0,12000.0,0.0,23.0,0.0
84000.0,3000.0,0.0,26.0,0.0
84000.0,2150.0,0.0,26.0,0.0
84000.0,25000.0,0.0,24.0,0.0
62500.0,12000.0,0.0,26.0,0.0
84000.0,7500.0,0.0,22.0,0.0
63000.0,12000.0,0.0,24.0,0.0
84000.0,20000.0,1.0,23.0,0.0
84000.0,4925.0,0.0,26.0,0.0
63000.0,12000.0,0.0,25.0,0.0
84191.0,9000.0,0.0,26.0,0.0
84400.0,12000.0,0.0,21.0,0.0
63996.0,12000.0,0.0,21.0,0.0
84500.0,10000.0,0.0,23.0,0.0
38000.0,5000.0,0.0,24.0,0.0
64000.0,12000.0,0.0,23.0,0.0
84554.0,3600.0,0.0,23.0,0.0
64404.0,12000.0,0.0,26.0,0.0
78700.0,7000.0,0.0,22.0,1.0
64500.0,12000.0,0.0,26.0,0.0
64575.0,12000.0,0.0,24.0,0.0
65000.0,12000.0,0.0,24.0,0.0
65000.0,12000.0,0.0,21.0,0.0
38000.0,1000.0,0.0,24.0,0.0
84996.0,1500.0,0.0,26.0,0.0
84996.0,8000.0,1.0,24.0,0.0
84996.0,16750.0,0.0,23.0,0.0
59000.0,12000.0,1.0,24.0,1.0
65000.0,12000.0,0.0,22.0,0.0
84996.0,15000.0,0.0,22.0,0.0
84996.0,10000.0,0.0,23.0,0.0
59000.0,12000.0,0.0,22.0,1.0
84996.0,5000.0,0.0,23.0,0.0
65000.0,12000.0,0.0,21.0,0.0
65400.0,12000.0,0.0,22.0,0.0
66000.0,12000.0,1.0,23.0,0.0
62050.0,5600.0,0.0,24.0,1.0
66000.0,12000.0,0.0,26.0,0.0
67200.0,12000.0,1.0,25.0,0.0
68400.0,12000.0,0.0,26.0,0.0
85000.0,12000.0,1.0,25.0,0.0
68496.0,12000.0,1.0,22.0,0.0
62500.0,12000.0,0.0,25.0,1.0
69000.0,12000.0,0.0,21.0,0.0
85000.0,15000.0,0.0,24.0,0.0
85000.0,20000.0,1.0,22.0,0.0
69500.0,12000.0,0.0,24.0,0.0
85000.0,24000.0,0.0,26.0,0.0
85000.0,7000.0,0.0,24.0,0.0
85000.0,10000.0,0.0,24.0,0.0
69600.0,12000.0,0.0,22.0,0.0
85000.0,14000.0,1.0,23.0,0.0
37500.0,6000.0,0.0,21.0,0.0
70000.0,12000.0,0.0,24.0,0.0
70000.0,12000.0,0.0,25.0,0.0
70000.0,12000.0,0.0,23.0,0.0
85000.0,11000.0,0.0,23.0,0.0
70000.0,12000.0,0.0,25.0,0.0
70000.0,12000.0,0.0,26.0,0.0
85000.0,3000.0,0.0,23.0,0.0
70000.0,12000.0,0.0,26.0,0.0
70000.0,12000.0,0.0,21.0,0.0
70000.0,12000.0,0.0,22.0,0.0
70000.0,12000.0,0.0,25.0,0.0
85000.0,7200.0,0.0,26.0,0.0
73000.0,6000.0,1.0,22.0,1.0
85000.0,25600.0,0.0,24.0,0.0
85000.0,14000.0,0.0,23.0,0.0
70000.0,12000.0,0.0,25.0,0.0
64000.0,12000.0,1.0,22.0,1.0
85000.0,12000.0,0.0,26.0,0.0
85000.0,5500.0,0.0,25.0,0.0
85000.0,12000.0,0.0,26.0,0.0
70000.0,12000.0,0.0,24.0,0.0
70000.0,12000.0,1.0,25.0,0.0
85000.0,24000.0,0.0,23.0,0.0
71151.0,12000.0,0.0,24.0,0.0
85000.0,10000.0,1.0,24.0,0.0
85000.0,4650.0,1.0,26.0,0.0
85000.0,7500.0,1.0,24.0,0.0
37200.0,7000.0,0.0,21.0,0.0
72000.0,12000.0,1.0,24.0,0.0
72000.0,12000.0,1.0,22.0,0.0
85000.0,12000.0,0.0,24.0,0.0
85000.0,11600.0,0.0,26.0,0.0
85000.0,10000.0,0.0,23.0,0.0
85000.0,10000.0,0.0,22.0,0.0
85000.0,21400.0,1.0,23.0,0.0
72000.0,12000.0,0.0,22.0,0.0
66000.0,12000.0,0.0,25.0,1.0
85000.0,2800.0,0.0,25.0,0.0
85000.0,27500.0,0.0,24.0,0.0
85000.0,10000.0,1.0,22.0,0.0
72000.0,12000.0,0.0,23.0,0.0
85000.0,11000.0,0.0,26.0,0.0
72000.0,12000.0,0.0,24.0,0.0
85000.0,24000.0,0.0,25.0,0.0
85000.0,4650.0,0.0,26.0,0.0
85000.0,12000.0,0.0,22.0,0.0
72100.0,12000.0,0.0,21.0,0.0
85000.0,16000.0,0.0,25.0,0.0
72324.0,12000.0,0.0,23.0,0.0
85000.0,1500.0,0.0,25.0,0.0
85000.0,10000.0,0.0,24.0,0.0
85000.0,7200.0,0.0,23.0,0.0
73000.0,12000.0,0.0,25.0,0.0
85000.0,6250.0,0.0,24.0,0.0
57424.0,12000.0,0.0,25.0,1.0
85000.0,20000.0,0.0,26.0,0.0
74000.0,12000.0,0.0,25.0,0.0
85000.0,4000.0,0.0,23.0,0.0
85000.0,10400.0,0.0,24.0,0.0
85000.0,7350.0,0.0,25.0,0.0
85000.0,9600.0,0.0,24.0,0.0
41000.0,3000.0,0.0,26.0,0.0
85000.0,2200.0,0.0,26.0,0.0
85000.0,15000.0,0.0,23.0,0.0
73000.0,14400.0,1.0,26.0,1.0
85000.0,5000.0,0.0,23.0,0.0
41000.0,3000.0,1.0,23.0,0.0
85000.0,20000.0,0.0,24.0,0.0
85000.0,7000.0,0.0,22.0,0.0
73000.0,10000.0,0.0,26.0,1.0
85000.0,12800.0,0.0,22.0,0.0
41004.0,3000.0,0.0,26.0,0.0
42000.0,3000.0,0.0,22.0,0.0
73000.0,25000.0,0.0,24.0,1.0
85000.0,25000.0,0.0,23.0,0.0
42000.0,3000.0,0.0,23.0,0.0
85000.0,4000.0,0.0,25.0,0.0
85000.0,1000.0,0.0,24.0,0.0
85000.0,14000.0,0.0,25.0,0.0
85000.0,25000.0,0.0,24.0,0.0
36000.0,3000.0,0.0,22.0,1.0
85000.0,10000.0,0.0,23.0,0.0
37000.0,9250.0,0.0,21.0,0.0
85000.0,7000.0,0.0,23.0,0.0
85000.0,4000.0,0.0,26.0,0.0
85000.0,12000.0,0.0,22.0,0.0
85000.0,5000.0,0.0,22.0,0.0
42000.0,3000.0,0.0,22.0,0.0
36000.0,3000.0,0.0,22.0,1.0
85000.0,22000.0,0.0,24.0,0.0
37000.0,1125.0,0.0,23.0,0.0
85000.0,5000.0,0.0,25.0,0.0
85000.0,9600.0,0.0,23.0,0.0
37000.0,7200.0,0.0,21.0,0.0
62050.0,5400.0,1.0,25.0,1.0
85000.0,12000.0,0.0,24.0,0.0
85000.0,6000.0,0.0,22.0,0.0
85000.0,25000.0,0.0,23.0,0.0
37000.0,9000.0,0.0,25.0,0.0
85000.0,2500.0,0.0,24.0,0.0
85000.0,5000.0,1.0,23.0,0.0
42000.0,3000.0,1.0,23.0,0.0
42000.0,3000.0,0.0,24.0,0.0
85000.0,7750.0,0.0,24.0,0.0
85000.0,4000.0,0.0,25.0,0.0
85000.0,12000.0,0.0,24.0,0.0
42000.0,3000.0,0.0,26.0,0.0
85000.0,9600.0,1.0,25.0,0.0
85000.0,4000.0,0.0,23.0,0.0
85000.0,15000.0,1.0,26.0,0.0
85000.0,18000.0,0.0,25.0,0.0
85000.0,8000.0,0.0,23.0,0.0
85000.0,15000.0,0.0,26.0,0.0
85000.0,25000.0,0.0,21.0,0.0
36000.0,3000.0,0.0,23.0,1.0
42224.0,3000.0,1.0,22.0,0.0
85000.0,15000.0,1.0,23.0,0.0
42264.0,3000.0,0.0,25.0,0.0
36708.0,3000.0,1.0,24.0,1.0
85000.0,15000.0,0.0,24.0,0.0
74000.0,12000.0,0.0,23.0,0.0
68500.0,12000.0,1.0,25.0,1.0
85000.0,7200.0,0.0,25.0,0.0
85000.0,11700.0,0.0,22.0,0.0
74706.0,12000.0,0.0,23.0,0.0
85000.0,18000.0,0.0,22.0,0.0
75000.0,12000.0,1.0,23.0,0.0
85000.0,10000.0,0.0,26.0,0.0
75000.0,12000.0,0.0,23.0,0.0
75000.0,12000.0,0.0,22.0,0.0
75000.0,12000.0,0.0,24.0,0.0
75000.0,12000.0,0.0,22.0,0.0
85000.0,4400.0,0.0,24.0,0.0
85000.0,8000.0,0.0,26.0,0.0
75000.0,12000.0,0.0,22.0,0.0
75000.0,12000.0,0.0,26.0,0.0
69000.0,12000.0,0.0,23.0,1.0
85000.0,20000.0,0.0,25.0,0.0
85000.0,12000.0,0.0,24.0,0.0
85000.0,20000.0,1.0,23.0,0.0
36662.0,18000.0,0.0,21.0,0.0
75000.0,12000.0,1.0,23.0,0.0
75000.0,12000.0,0.0,26.0,0.0
73000.0,25000.0,0.0,23.0,1.0
85000.0,1000.0,0.0,25.0,0.0
75000.0,12000.0,0.0,23.0,0.0
62050.0,6000.0,0.0,22.0,1.0
69000.0,12000.0,0.0,24.0,1.0
75000.0,12000.0,1.0,21.0,0.0
85000.0,15000.0,0.0,23.0,0.0
76000.0,12000.0,0.0,22.0,0.0
85000.0,25000.0,0.0,22.0,0.0
77000.0,12000.0,0.0,26.0,0.0
73000.0,9325.0,0.0,24.0,1.0
85000.0,5000.0,1.0,25.0,0.0
77000.0,12000.0,0.0,24.0,0.0
78000.0,12000.0,0.0,26.0,0.0
78000.0,12000.0,0.0,25.0,0.0
78500.0,12000.0,0.0,25.0,0.0
85000.0,4800.0,1.0,26.0,0.0
85000.0,7500.0,1.0,25.0,0.0
85000.0,7000.0,0.0,23.0,0.0
73500.0,12000.0,0.0,23.0,1.0
80000.0,12000.0,0.0,24.0,0.0
85000.0,9000.0,1.0,23.0,0.0
73000.0,20000.0,1.0,25.0,1.0
85000.0,5275.0,0.0,23.0,0.0
80000.0,12000.0,0.0,24.0,0.0
73008.0,15000.0,1.0,26.0,1.0
85100.0,4500.0,0.0,25.0,0.0
85200.0,8000.0,0.0,26.0,0.0
80000.0,12000.0,0.0,22.0,0.0
73248.0,12000.0,0.0,25.0,1.0
36184.0,12000.0,0.0,21.0,0.0
80000.0,12000.0,0.0,23.0,0.0
80000.0,12000.0,0.0,23.0,0.0
80000.0,12000.0,0.0,25.0,0.0
62900.0,12000.0,1.0,24.0,1.0
80000.0,12000.0,0.0,23.0,0.0
85500.0,20675.0,0.0,24.0,0.0
85500.0,12000.0,0.0,24.0,0.0
85596.0,6000.0,0.0,23.0,0.0
80000.0,12000.0,1.0,24.0,0.0
85920.0,12000.0,0.0,20.0,0.0
62900.0,12000.0,0.0,23.0,1.0
80000.0,12000.0,0.0,26.0,0.0
86000.0,24000.0,0.0,22.0,0.0
86000.0,15000.0,0.0,23.0,0.0
80000.0,12000.0,0.0,22.0,0.0
74000.0,12000.0,1.0,25.0,1.0
86000.0,21000.0,0.0,23.0,0.0
80004.0,12000.0,0.0,24.0,0.0
80004.0,12000.0,0.0,25.0,0.0
86000.0,10000.0,0.0,22.0,0.0
80800.0,12000.0,0.0,23.0,0.0
81000.0,12000.0,1.0,23.0,0.0
86000.0,13000.0,0.0,25.0,0.0
36000.0,5000.0,1.0,24.0,0.0
86000.0,8000.0,0.0,25.0,0.0
82000.0,12000.0,0.0,21.0,0.0
82000.0,12000.0,0.0,22.0,0.0
86000.0,15000.0,0.0,24.0,0.0
86000.0,5000.0,0.0,26.0,0.0
86000.0,16000.0,0.0,24.0,0.0
82560.0,12000.0,0.0,25.0,0.0
86000.0,9250.0,0.0,26.0,0.0
82700.0,12000.0,0.0,26.0,0.0
83000.0,12000.0,0.0,23.0,0.0
86000.0,25000.0,0.0,22.0,0.0
86000.0,10000.0,0.0,22.0,0.0
86000.0,16000.0,0.0,26.0,0.0
83000.0,12000.0,0.0,22.0,0.0
83000.0,12000.0,0.0,26.0,0.0
62900.0,14000.0,0.0,24.0,1.0
86000.0,16000.0,0.0,23.0,0.0
83004.0,12000.0,1.0,24.0,0.0
86000.0,15000.0,0.0,24.0,0.0
62903.0,3000.0,0.0,25.0,1.0
74004.0,8000.0,0.0,24.0,1.0
84000.0,12000.0,0.0,24.0,0.0
78000.0,12000.0,0.0,23.0,1.0
86250.0,20000.0,0.0,23.0,0.0
86376.0,20000.0,0.0,24.0,0.0
78996.0,12000.0,1.0,22.0,1.0
85000.0,12000.0,0.0,25.0,0.0
74400.0,9000.0,0.0,23.0,1.0
86400.0,12200.0,0.0,24.0,0.0
86400.0,24000.0,0.0,22.0,0.0
86400.0,16000.0,0.0,23.0,0.0
86500.0,14000.0,0.0,23.0,0.0
86604.0,4300.0,0.0,26.0,0.0
86610.0,8750.0,1.0,24.0,0.0
86670.0,20000.0,0.0,23.0,0.0
86748.0,10000.0,0.0,23.0,0.0
63719.0,3500.0,0.0,23.0,1.0
87000.0,6000.0,0.0,24.0,0.0
87000.0,4000.0,0.0,24.0,0.0
85000.0,12000.0,0.0,23.0,0.0
87000.0,17000.0,0.0,23.0,0.0
75000.0,8000.0,0.0,22.0,1.0
87000.0,8000.0,0.0,23.0,0.0
87000.0,1750.0,0.0,22.0,0.0
75000.0,8000.0,0.0,23.0,1.0
87000.0,10000.0,0.0,26.0,0.0
87000.0,11200.0,0.0,22.0,0.0
85000.0,12000.0,1.0,22.0,0.0
85000.0,12000.0,0.0,23.0,0.0
85000.0,12000.0,1.0,23.0,0.0
87000.0,8000.0,0.0,22.0,0.0
85000.0,12000.0,0.0,21.0,0.0
87000.0,10000.0,0.0,23.0,0.0
86000.0,12000.0,0.0,24.0,0.0
87000.0,10000.0,0.0,24.0,0.0
86004.0,12000.0,0.0,26.0,0.0
87000.0,7000.0,0.0,25.0,0.0
87000.0,15000.0,0.0,23.0,0.0
87000.0,12000.0,0.0,24.0,0.0
87500.0,12000.0,1.0,24.0,0.0
87000.0,12000.0,1.0,23.0,0.0
88000.0,12000.0,0.0,26.0,0.0
87000.0,1500.0,0.0,22.0,0.0
87000.0,25000.0,0.0,26.0,0.0
87000.0,15000.0,0.0,26.0,0.0
87000.0,25000.0,0.0,24.0,0.0
87000.0,12000.0,0.0,24.0,0.0
36000.0,14500.0,0.0,22.0,0.0
87000.0,25000.0,1.0,23.0,0.0
63750.0,15000.0,0.0,23.0,1.0
87000.0,5500.0,0.0,25.0,0.0
87000.0,10000.0,0.0,22.0,0.0
87000.0,13000.0,0.0,25.0,0.0
87000.0,1000.0,0.0,26.0,0.0
87000.0,8000.0,0.0,22.0,0.0
36000.0,4000.0,1.0,24.0,0.0
90000.0,12000.0,0.0,24.0,0.0
87000.0,3500.0,0.0,23.0,0.0
87000.0,15000.0,1.0,26.0,0.0
87000.0,7500.0,1.0,23.0,0.0
90000.0,12000.0,0.0,23.0,0.0
87200.0,10000.0,0.0,23.0,0.0
87278.0,12000.0,0.0,24.0,0.0
87292.0,9600.0,0.0,26.0,0.0
87300.0,6000.0,1.0,26.0,0.0
90000.0,12000.0,0.0,22.0,0.0
36000.0,8000.0,0.0,23.0,0.0
78000.0,12000.0,1.0,25.0,1.0
90000.0,12000.0,0.0,22.0,0.0
87500.0,10000.0,0.0,24.0,0.0
87500.0,25000.0,1.0,21.0,0.0
87500.0,1600.0,0.0,23.0,0.0
87500.0,7500.0,1.0,26.0,0.0
87504.0,7000.0,0.0,24.0,0.0
87547.0,12000.0,0.0,21.0,0.0
87550.0,3600.0,0.0,24.0,0.0
87600.0,10000.0,1.0,24.0,0.0
87600.0,3000.0,0.0,24.0,0.0
87600.0,20000.0,1.0,23.0,0.0
87700.0,25000.0,0.0,24.0,0.0
87800.0,12000.0,0.0,26.0,0.0
87996.0,7000.0,0.0,24.0,0.0
87996.0,8000.0,0.0,26.0,0.0
90000.0,12000.0,0.0,22.0,0.0
90000.0,12000.0,0.0,25.0,0.0
88000.0,16000.0,0.0,22.0,0.0
88000.0,6000.0,0.0,24.0,0.0
90000.0,12000.0,0.0,26.0,0.0
88000.0,12475.0,0.0,23.0,0.0
88000.0,2700.0,0.0,23.0,0.0
88000.0,15000.0,0.0,23.0,0.0
91392.0,12000.0,0.0,23.0,0.0
88000.0,8000.0,0.0,24.0,0.0
92000.0,12000.0,0.0,25.0,0.0
92004.0,12000.0,1.0,24.0,0.0
92341.0,12000.0,0.0,24.0,0.0
88000.0,5000.0,0.0,22.0,0.0
92500.0,12000.0,0.0,26.0,0.0
88000.0,18150.0,0.0,23.0,0.0
88000.0,25000.0,0.0,24.0,0.0
88000.0,3800.0,0.0,26.0,0.0
94992.0,12000.0,0.0,24.0,0.0
83000.0,12000.0,1.0,23.0,1.0
88000.0,10000.0,0.0,26.0,0.0
95000.0,12000.0,0.0,23.0,0.0
88000.0,10000.0,0.0,23.0,0.0
95000.0,12000.0,0.0,26.0,0.0
95000.0,12000.0,0.0,26.0,0.0
95000.0,12000.0,0.0,23.0,0.0
88000.0,10000.0,0.0,23.0,0.0
95000.0,12000.0,0.0,24.0,0.0
88000.0,15000.0,0.0,22.0,0.0
88000.0,11000.0,0.0,25.0,0.0
70550.0,12000.0,0.0,22.0,1.0
96000.0,12000.0,0.0,25.0,0.0
96000.0,12000.0,0.0,25.0,0.0
88000.0,6625.0,1.0,23.0,0.0
96000.0,12000.0,1.0,22.0,0.0
88140.0,15000.0,1.0,25.0,0.0
88200.0,3000.0,0.0,26.0,0.0
88200.0,21000.0,0.0,22.0,0.0
88200.0,19000.0,1.0,22.0,0.0
76268.0,15000.0,0.0,23.0,1.0
88500.0,5000.0,0.0,23.0,0.0
88500.0,12000.0,0.0,23.0,0.0
100000.0,12000.0,0.0,24.0,0.0
88500.0,10000.0,0.0,26.0,0.0
100000.0,12000.0,0.0,25.0,0.0
88512.0,3000.0,0.0,22.0,0.0
88560.0,10000.0,0.0,24.0,0.0
88620.0,24000.0,0.0,22.0,0.0
88668.0,3000.0,0.0,25.0,0.0
76800.0,7200.0,0.0,23.0,1.0
88800.0,10000.0,0.0,26.0,0.0
76800.0,15000.0,0.0,25.0,1.0
88812.0,29000.0,0.0,22.0,0.0
88824.0,12600.0,0.0,22.0,0.0
88900.0,19200.0,0.0,26.0,0.0
88900.0,5000.0,0.0,26.0,0.0
65450.0,5000.0,0.0,24.0,1.0
89000.0,15000.0,0.0,24.0,0.0
100000.0,12000.0,0.0,23.0,0.0
88000.0,12000.0,1.0,23.0,1.0
89000.0,14000.0,0.0,25.0,0.0
78200.0,12000.0,0.0,25.0,1.0
89000.0,20000.0,0.0,22.0,0.0
104000.0,12000.0,0.0,26.0,0.0
77000.0,14500.0,1.0,25.0,1.0
89000.0,8000.0,0.0,26.0,0.0
105000.0,12000.0,0.0,23.0,0.0
89000.0,25000.0,1.0,24.0,0.0
93000.0,12000.0,0.0,25.0,1.0
110000.0,12000.0,0.0,24.0,0.0
89000.0,16000.0,0.0,22.0,0.0
110000.0,12000.0,1.0,25.0,0.0
110000.0,12000.0,0.0,26.0,0.0
89018.0,5800.0,1.0,26.0,0.0
111016.0,12000.0,0.0,21.0,0.0
112000.0,12000.0,1.0,26.0,0.0
89204.0,18000.0,0.0,23.0,0.0
113000.0,12000.0,0.0,24.0,0.0
89440.0,8000.0,0.0,22.0,0.0
115000.0,12000.0,0.0,26.0,0.0
115000.0,12000.0,0.0,24.0,0.0
119000.0,12000.0,0.0,22.0,0.0
120000.0,12000.0,0.0,23.0,0.0
89796.0,9000.0,0.0,25.0,0.0
89800.0,20000.0,0.0,22.0,0.0
78000.0,24000.0,0.0,24.0,1.0
120000.0,12000.0,0.0,25.0,0.0
123000.0,12000.0,0.0,25.0,0.0
123144.0,12000.0,0.0,25.0,0.0
90000.0,20000.0,1.0,23.0,0.0
125000.0,12000.0,0.0,26.0,0.0
36000.0,2400.0,0.0,25.0,0.0
36000.0,14000.0,0.0,22.0,0.0
113000.0,12000.0,1.0,23.0,1.0
90000.0,6000.0,0.0,26.0,0.0
66300.0,30000.0,0.0,24.0,1.0
36000.0,12000.0,0.0,23.0,0.0
90000.0,7750.0,0.0,25.0,0.0
90000.0,4000.0,0.0,23.0,0.0
90000.0,15000.0,0.0,25.0,0.0
127500.0,12000.0,0.0,23.0,0.0
90000.0,3600.0,0.0,23.0,0.0
90000.0,14300.0,0.0,22.0,0.0
78000.0,14000.0,0.0,26.0,1.0
90000.0,35000.0,0.0,24.0,0.0
36000.0,11200.0,0.0,25.0,0.0
90000.0,9500.0,0.0,25.0,0.0
130000.0,12000.0,1.0,26.0,0.0
90000.0,18000.0,0.0,25.0,0.0
136000.0,12000.0,1.0,26.0,0.0
78000.0,25000.0,0.0,22.0,1.0
140000.0,12000.0,0.0,23.0,0.0
36000.0,3250.0,0.0,22.0,0.0
90000.0,3600.0,0.0,25.0,0.0
90000.0,13000.0,0.0,24.0,0.0
150000.0,12000.0,0.0,26.0,0.0
90000.0,12000.0,0.0,24.0,0.0
90000.0,15000.0,0.0,23.0,0.0
125375.0,12000.0,0.0,24.0,1.0
90000.0,8000.0,0.0,24.0,0.0
35556.0,13000.0,0.0,24.0,0.0
90000.0,16000.0,0.0,22.0,0.0
170000.0,12000.0,0.0,23.0,0.0
90000.0,9000.0,0.0,25.0,0.0
90000.0,20000.0,0.0,24.0,0.0
66300.0,20000.0,0.0,25.0,1.0
90000.0,10000.0,0.0,26.0,0.0
225000.0,12000.0,0.0,25.0,0.0
90000.0,35000.0,0.0,23.0,0.0
90000.0,4300.0,0.0,24.0,0.0
90000.0,12000.0,0.0,21.0,0.0
35482.0,7000.0,0.0,23.0,0.0
90000.0,21000.0,0.0,23.0,0.0
35400.0,8000.0,0.0,22.0,0.0
90000.0,8000.0,0.0,26.0,0.0
90000.0,6400.0,0.0,22.0,0.0
90000.0,15000.0,0.0,24.0,0.0
36000.0,12200.0,0.0,22.0,1.0
90000.0,6000.0,0.0,25.0,0.0
82100.0,12200.0,0.0,21.0,0.0
24000.0,12250.0,1.0,23.0,1.0
25960.0,12250.0,0.0,23.0,1.0
90000.0,13000.0,0.0,26.0,0.0
26000.0,12250.0,0.0,24.0,1.0
90000.0,8000.0,0.0,24.0,0.0
28800.0,12250.0,0.0,24.0,1.0
90000.0,22000.0,0.0,23.0,0.0
90000.0,4900.0,0.0,23.0,0.0
90000.0,12000.0,0.0,22.0,0.0
30000.0,12250.0,1.0,21.0,1.0
30000.0,12250.0,1.0,22.0,1.0
90000.0,10000.0,0.0,25.0,0.0
90000.0,3000.0,0.0,25.0,0.0
29000.0,12250.0,0.0,21.0,1.0
90000.0,15000.0,0.0,24.0,0.0
90000.0,15000.0,0.0,25.0,0.0
90000.0,13675.0,0.0,23.0,0.0
36000.0,12250.0,0.0,24.0,1.0
90000.0,7000.0,0.0,24.0,0.0
36000.0,12250.0,0.0,23.0,1.0
78000.0,6000.0,0.0,25.0,1.0
44000.0,12250.0,1.0,22.0,1.0
90000.0,5600.0,0.0,25.0,0.0
50000.0,12250.0,1.0,24.0,0.0
45600.0,12250.0,0.0,25.0,1.0
60000.0,12250.0,0.0,23.0,0.0
90000.0,4000.0,0.0,23.0,0.0
61400.0,12250.0,0.0,24.0,0.0
90000.0,5175.0,0.0,26.0,0.0
30000.0,12300.0,0.0,24.0,1.0
90000.0,21000.0,0.0,23.0,0.0
90000.0,10000.0,1.0,25.0,0.0
90000.0,35000.0,1.0,24.0,0.0
90000.0,10000.0,0.0,25.0,0.0
90000.0,24000.0,1.0,24.0,0.0
42000.0,12375.0,0.0,26.0,0.0
42000.0,12375.0,0.0,25.0,0.0
80000.0,12375.0,0.0,25.0,0.0
90000.0,4800.0,0.0,23.0,0.0
56324.0,12400.0,0.0,22.0,0.0
36996.0,12450.0,0.0,25.0,1.0
31000.0,12500.0,0.0,23.0,1.0
90000.0,20000.0,0.0,25.0,0.0
90000.0,1000.0,0.0,26.0,0.0
90000.0,12000.0,0.0,24.0,0.0
66300.0,15000.0,0.0,23.0,1.0
90000.0,6000.0,0.0,24.0,0.0
36000.0,12500.0,0.0,25.0,1.0
32000.0,12500.0,1.0,24.0,1.0
90000.0,5000.0,0.0,23.0,0.0
40000.0,12500.0,0.0,26.0,1.0
30000.0,2800.0,0.0,22.0,0.0
90000.0,6000.0,0.0,22.0,0.0
90000.0,8500.0,0.0,23.0,0.0
90000.0,8000.0,0.0,23.0,0.0
90000.0,10000.0,1.0,25.0,0.0
33250.0,2800.0,1.0,22.0,1.0
90000.0,3500.0,0.0,22.0,0.0
33396.0,2800.0,0.0,24.0,1.0
35000.0,2800.0,0.0,22.0,0.0
37423.0,2800.0,0.0,21.0,0.0
39000.0,2800.0,0.0,26.0,0.0
40000.0,2800.0,0.0,22.0,0.0
40000.0,2800.0,0.0,22.0,0.0
40000.0,2800.0,0.0,24.0,0.0
90000.0,15000.0,0.0,25.0,0.0
40800.0,2800.0,0.0,24.0,0.0
90000.0,19750.0,1.0,24.0,0.0
90000.0,7500.0,0.0,25.0,0.0
36120.0,2800.0,0.0,26.0,1.0
37200.0,2800.0,0.0,25.0,1.0
90000.0,8500.0,1.0,25.0,0.0
90000.0,1700.0,0.0,24.0,0.0
44000.0,2800.0,0.0,25.0,0.0
90000.0,5000.0,0.0,22.0,0.0
45000.0,2800.0,1.0,22.0,0.0
90000.0,7000.0,0.0,22.0,0.0
46800.0,2800.0,0.0,22.0,0.0
90000.0,25000.0,0.0,22.0,0.0
35000.0,7500.0,0.0,26.0,0.0
90000.0,6400.0,0.0,22.0,0.0
90000.0,6500.0,0.0,26.0,0.0
50000.0,2800.0,0.0,24.0,0.0
90000.0,6000.0,0.0,25.0,0.0
90000.0,24000.0,0.0,24.0,0.0
44000.0,2800.0,0.0,24.0,1.0
50000.0,2800.0,1.0,26.0,0.0
50000.0,2800.0,0.0,23.0,0.0
90000.0,10000.0,0.0,22.0,0.0
52582.0,2800.0,0.0,26.0,0.0
48000.0,2800.0,0.0,21.0,1.0
56000.0,2800.0,1.0,22.0,0.0
74000.0,2800.0,1.0,23.0,1.0
78000.0,15000.0,0.0,23.0,1.0
86400.0,2800.0,1.0,24.0,0.0
35000.0,7200.0,0.0,21.0,0.0
90000.0,15000.0,0.0,25.0,0.0
123000.0,2800.0,1.0,23.0,0.0
90000.0,6000.0,0.0,25.0,0.0
78000.0,19500.0,0.0,24.0,1.0
35000.0,18500.0,0.0,22.0,0.0
18460.0,2775.0,0.0,23.0,0.0
16800.0,2750.0,1.0,23.0,1.0
78000.0,3000.0,0.0,25.0,1.0
78000.0,8000.0,0.0,25.0,1.0
90000.0,3200.0,0.0,26.0,0.0
90000.0,2500.0,0.0,22.0,0.0
60000.0,2750.0,1.0,23.0,0.0
90000.0,12000.0,0.0,23.0,0.0
90000.0,10000.0,0.0,25.0,0.0
31200.0,2725.0,0.0,24.0,0.0
90000.0,20000.0,0.0,22.0,0.0
90000.0,16000.0,0.0,21.0,0.0
90000.0,6000.0,0.0,23.0,0.0
15600.0,2700.0,0.0,21.0,1.0
90000.0,3000.0,1.0,24.0,0.0
90000.0,1500.0,0.0,23.0,0.0
90000.0,15000.0,0.0,23.0,0.0
78000.0,10000.0,0.0,26.0,1.0
90000.0,11000.0,0.0,25.0,0.0
24000.0,2700.0,0.0,23.0,1.0
78000.0,9000.0,1.0,25.0,1.0
90000.0,5000.0,0.0,24.0,0.0
26000.0,2700.0,0.0,23.0,0.0
90000.0,5000.0,1.0,24.0,0.0
90000.0,25000.0,0.0,25.0,0.0
30000.0,2700.0,0.0,26.0,0.0
31200.0,2700.0,0.0,22.0,0.0
90000.0,25000.0,0.0,26.0,0.0
35000.0,2700.0,0.0,25.0,0.0
90000.0,9500.0,0.0,26.0,0.0
90084.0,15000.0,0.0,25.0,0.0
90096.0,10150.0,0.0,23.0,0.0
78369.0,11000.0,0.0,22.0,1.0
90474.0,15000.0,0.0,24.0,0.0
51000.0,2700.0,0.0,25.0,0.0
46200.0,2700.0,0.0,25.0,1.0
90888.0,13200.0,0.0,22.0,0.0
98450.0,2700.0,0.0,24.0,0.0
90996.0,8400.0,0.0,24.0,0.0
90996.0,6000.0,0.0,21.0,0.0
90996.0,20000.0,1.0,24.0,0.0
18144.0,2675.0,0.0,26.0,0.0
90996.0,16000.0,0.0,24.0,0.0
40000.0,2675.0,0.0,23.0,0.0
91000.0,1000.0,0.0,23.0,0.0
91000.0,15000.0,0.0,24.0,0.0
91000.0,2400.0,0.0,24.0,0.0
91000.0,10000.0,0.0,24.0,0.0
91000.0,1500.0,1.0,23.0,0.0
22240.0,2650.0,0.0,21.0,0.0
79000.0,16000.0,0.0,23.0,1.0
91000.0,10000.0,1.0,23.0,0.0
46728.0,2650.0,0.0,23.0,0.0
91000.0,15000.0,0.0,22.0,0.0
91000.0,10000.0,0.0,23.0,0.0
79000.0,5000.0,0.0,24.0,1.0
91000.0,8000.0,0.0,23.0,0.0
91000.0,20000.0,0.0,21.0,0.0
91000.0,15000.0,0.0,24.0,0.0
20160.0,2600.0,0.0,22.0,0.0
35000.0,11000.0,0.0,21.0,0.0
21600.0,2600.0,1.0,24.0,1.0
91000.0,1000.0,0.0,24.0,0.0
67150.0,15000.0,1.0,26.0,1.0
27000.0,2600.0,1.0,21.0,0.0
91000.0,7000.0,0.0,24.0,0.0
91000.0,7500.0,0.0,24.0,0.0
91000.0,7500.0,1.0,23.0,0.0
91092.0,10000.0,0.0,23.0,0.0
79200.0,11200.0,1.0,25.0,1.0
35000.0,7000.0,0.0,21.0,0.0
35000.0,4000.0,0.0,25.0,0.0
91200.0,3000.0,0.0,23.0,0.0
91200.0,5000.0,0.0,22.0,0.0
91200.0,6000.0,0.0,25.0,0.0
79200.0,6500.0,1.0,24.0,1.0
91228.0,12000.0,0.0,24.0,0.0
91234.0,12000.0,0.0,22.0,0.0
35000.0,10000.0,0.0,23.0,0.0
35000.0,13200.0,0.0,22.0,0.0
48000.0,2600.0,0.0,22.0,0.0
91500.0,8000.0,0.0,21.0,0.0
74029.0,2600.0,1.0,23.0,0.0
100000.0,2600.0,0.0,25.0,0.0
35000.0,4175.0,0.0,26.0,0.0
67983.0,15000.0,1.0,26.0,1.0
92000.0,15000.0,0.0,23.0,0.0
92000.0,12000.0,0.0,23.0,0.0
10000.0,2500.0,1.0,23.0,1.0
92000.0,2400.0,0.0,23.0,0.0
92000.0,4800.0,0.0,23.0,0.0
35000.0,5000.0,0.0,22.0,0.0
92000.0,11000.0,0.0,24.0,0.0
92000.0,22500.0,0.0,26.0,0.0
41000.0,12500.0,0.0,23.0,0.0
42000.0,12500.0,0.0,21.0,0.0
68000.0,25000.0,0.0,26.0,1.0
92000.0,18000.0,1.0,23.0,0.0
92000.0,15000.0,0.0,24.0,0.0
36960.0,12500.0,1.0,25.0,1.0
13200.0,2500.0,0.0,22.0,1.0
92000.0,25000.0,1.0,24.0,0.0
14400.0,2500.0,1.0,26.0,1.0
92000.0,22000.0,0.0,24.0,0.0
15600.0,2500.0,0.0,23.0,1.0
92000.0,7200.0,0.0,24.0,0.0
68000.0,8000.0,0.0,23.0,1.0
92000.0,10000.0,1.0,23.0,0.0
92000.0,15600.0,1.0,23.0,0.0
92000.0,15000.0,0.0,23.0,0.0
92000.0,7000.0,1.0,23.0,0.0
92000.0,13000.0,0.0,25.0,0.0
92000.0,5600.0,0.0,26.0,0.0
92000.0,6000.0,0.0,22.0,0.0
92000.0,12950.0,0.0,23.0,0.0
17352.0,2500.0,0.0,25.0,0.0
18000.0,2500.0,0.0,21.0,0.0
80004.0,7500.0,1.0,26.0,1.0
18204.0,2500.0,0.0,22.0,0.0
92004.0,24250.0,0.0,23.0,0.0
18984.0,2500.0,1.0,22.0,1.0
92004.0,24250.0,0.0,26.0,0.0
80004.0,6000.0,0.0,25.0,1.0
20000.0,2500.0,0.0,25.0,1.0
20000.0,2500.0,1.0,21.0,0.0
37560.0,12500.0,0.0,25.0,1.0
92400.0,14500.0,0.0,26.0,0.0
80400.0,10000.0,0.0,24.0,1.0
45000.0,12500.0,0.0,25.0,0.0
46000.0,12500.0,0.0,23.0,0.0
46800.0,12500.0,0.0,26.0,0.0
49000.0,12500.0,0.0,21.0,0.0
44000.0,12500.0,1.0,26.0,1.0
50000.0,12500.0,0.0,22.0,0.0
92700.0,1500.0,1.0,25.0,0.0
92700.0,9250.0,0.0,22.0,0.0
50000.0,12500.0,0.0,24.0,0.0
92700.0,1500.0,0.0,26.0,0.0
92700.0,25000.0,0.0,23.0,0.0
34800.0,1700.0,0.0,24.0,0.0
34800.0,7350.0,0.0,22.0,0.0
92700.0,5000.0,0.0,23.0,0.0
92795.0,19000.0,0.0,26.0,0.0
34656.0,5500.0,0.0,26.0,0.0
93000.0,12000.0,1.0,25.0,0.0
93000.0,12000.0,0.0,25.0,0.0
54996.0,12500.0,0.0,24.0,0.0
93000.0,2000.0,0.0,23.0,0.0
51000.0,12500.0,0.0,26.0,1.0
93000.0,3600.0,0.0,22.0,0.0
93000.0,8000.0,0.0,26.0,0.0
93000.0,6000.0,0.0,26.0,0.0
93000.0,2000.0,0.0,25.0,0.0
34500.0,2000.0,0.0,24.0,0.0
81000.0,16000.0,0.0,23.0,1.0
60000.0,12500.0,0.0,22.0,0.0
60000.0,12500.0,0.0,24.0,0.0
60000.0,12500.0,0.0,23.0,0.0
60000.0,12500.0,0.0,25.0,0.0
54000.0,12500.0,0.0,24.0,1.0
62000.0,12500.0,0.0,22.0,0.0
63000.0,12500.0,0.0,22.0,0.0
65000.0,12500.0,0.0,22.0,0.0
93000.0,17500.0,0.0,26.0,0.0
65000.0,12500.0,0.0,23.0,0.0
93000.0,25000.0,0.0,23.0,0.0
93000.0,12000.0,0.0,25.0,0.0
93000.0,10000.0,0.0,23.0,0.0
93000.0,9800.0,0.0,21.0,0.0
70000.0,12500.0,0.0,24.0,0.0
80400.0,12500.0,0.0,25.0,0.0
84000.0,12500.0,0.0,23.0,0.0
73000.0,12500.0,0.0,24.0,1.0
95000.0,12500.0,0.0,26.0,0.0
93000.0,18000.0,1.0,24.0,0.0
93000.0,3000.0,0.0,23.0,0.0
93080.0,8450.0,1.0,25.0,0.0
110000.0,12500.0,0.0,24.0,0.0
93200.0,25000.0,1.0,25.0,0.0
93218.0,12000.0,0.0,22.0,0.0
93240.0,7000.0,0.0,22.0,0.0
93450.0,12000.0,0.0,26.0,0.0
30000.0,12600.0,0.0,22.0,1.0
42504.0,12600.0,0.0,25.0,0.0
93500.0,14000.0,0.0,25.0,0.0
93500.0,6250.0,1.0,26.0,0.0
47250.0,12600.0,0.0,24.0,0.0
74000.0,12600.0,0.0,22.0,0.0
110000.0,12600.0,0.0,22.0,0.0
190000.0,12600.0,0.0,22.0,0.0
93600.0,5000.0,0.0,22.0,0.0
93600.0,25000.0,0.0,21.0,0.0
69360.0,22000.0,1.0,25.0,1.0
93600.0,20000.0,0.0,25.0,0.0
23000.0,12700.0,1.0,23.0,1.0
81996.0,10000.0,0.0,22.0,1.0
52000.0,12750.0,0.0,22.0,1.0
94000.0,30000.0,0.0,25.0,0.0
94000.0,13000.0,0.0,23.0,0.0
94000.0,35000.0,1.0,22.0,0.0
32000.0,12800.0,0.0,24.0,1.0
38500.0,12800.0,0.0,23.0,1.0
94000.0,15000.0,0.0,26.0,0.0
94000.0,25000.0,0.0,24.0,0.0
40000.0,12800.0,0.0,22.0,1.0
40000.0,12800.0,1.0,23.0,1.0
42000.0,12800.0,0.0,26.0,0.0
44400.0,12800.0,0.0,22.0,0.0
94000.0,5000.0,0.0,26.0,0.0
42200.0,12800.0,0.0,22.0,1.0
46000.0,12800.0,1.0,23.0,1.0
52992.0,12800.0,0.0,26.0,0.0
94200.0,20000.0,0.0,22.0,0.0
94200.0,18000.0,0.0,23.0,0.0
94400.0,35000.0,0.0,25.0,0.0
94500.0,2000.0,0.0,26.0,0.0
94500.0,13500.0,0.0,25.0,0.0
58000.0,12800.0,0.0,23.0,0.0
60000.0,12800.0,0.0,23.0,0.0
94692.0,20000.0,0.0,22.0,0.0
60000.0,12800.0,0.0,26.0,0.0
94800.0,6000.0,1.0,23.0,0.0
94800.0,14000.0,0.0,26.0,0.0
82800.0,12000.0,0.0,23.0,1.0
94940.0,2000.0,0.0,23.0,0.0
94965.0,8000.0,0.0,23.0,0.0
94976.0,20000.0,0.0,25.0,0.0
64000.0,12800.0,1.0,23.0,0.0
95000.0,10000.0,0.0,23.0,0.0
95000.0,19000.0,0.0,23.0,0.0
71232.0,12800.0,0.0,21.0,0.0
95000.0,4400.0,0.0,23.0,0.0
70550.0,15000.0,0.0,23.0,1.0
95000.0,35000.0,0.0,23.0,0.0
78600.0,12800.0,1.0,24.0,1.0
103000.0,12800.0,1.0,25.0,0.0
95000.0,7450.0,0.0,24.0,0.0
95000.0,24000.0,0.0,22.0,0.0
95000.0,6400.0,0.0,22.0,0.0
95000.0,10000.0,0.0,24.0,0.0
95000.0,15000.0,0.0,24.0,0.0
95000.0,6600.0,0.0,26.0,0.0
31760.0,12875.0,0.0,22.0,1.0
95000.0,15000.0,1.0,26.0,0.0
44000.0,12875.0,0.0,21.0,1.0
95000.0,7200.0,0.0,22.0,0.0
50000.0,13000.0,0.0,22.0,0.0
95000.0,7200.0,1.0,23.0,0.0
44000.0,13000.0,1.0,23.0,1.0
50000.0,13000.0,0.0,22.0,0.0
33716.0,13750.0,0.0,22.0,0.0
95000.0,24000.0,0.0,26.0,0.0
44000.0,13000.0,1.0,23.0,1.0
95000.0,12000.0,0.0,23.0,0.0
50000.0,13000.0,0.0,26.0,0.0
95000.0,25000.0,1.0,26.0,0.0
45996.0,13000.0,1.0,24.0,1.0
83000.0,28000.0,1.0,24.0,1.0
95000.0,35000.0,0.0,24.0,0.0
52000.0,13000.0,1.0,25.0,0.0
95000.0,18000.0,0.0,25.0,0.0
95000.0,10400.0,0.0,22.0,0.0
52128.0,13000.0,0.0,22.0,0.0
95000.0,9950.0,0.0,23.0,0.0
48000.0,13000.0,0.0,22.0,1.0
95000.0,5000.0,0.0,22.0,0.0
95000.0,15000.0,0.0,25.0,0.0
95000.0,10000.0,1.0,24.0,0.0
54000.0,13000.0,1.0,26.0,0.0
95000.0,9000.0,0.0,22.0,0.0
55000.0,13000.0,0.0,25.0,0.0
95000.0,20000.0,1.0,23.0,0.0
83000.0,24175.0,0.0,23.0,1.0
95000.0,15000.0,0.0,26.0,0.0
56000.0,13000.0,0.0,24.0,0.0
95000.0,4800.0,0.0,24.0,0.0
95000.0,4500.0,0.0,23.0,0.0
95000.0,17000.0,0.0,26.0,0.0
95000.0,6800.0,0.0,25.0,0.0
60000.0,13000.0,0.0,22.0,0.0
33600.0,9600.0,1.0,21.0,0.0
95000.0,12000.0,0.0,24.0,0.0
95000.0,6875.0,0.0,22.0,0.0
60000.0,13000.0,0.0,22.0,0.0
62000.0,13000.0,0.0,25.0,0.0
33600.0,2500.0,0.0,24.0,0.0
95000.0,7200.0,1.0,22.0,0.0
33600.0,10000.0,0.0,21.0,0.0
95000.0,7275.0,0.0,26.0,0.0
64000.0,13000.0,1.0,22.0,0.0
95000.0,25000.0,0.0,24.0,0.0
33600.0,3000.0,0.0,21.0,0.0
65000.0,13000.0,1.0,24.0,0.0
95000.0,4000.0,0.0,23.0,0.0
95000.0,12000.0,0.0,22.0,0.0
95000.0,18000.0,0.0,24.0,0.0
95000.0,6500.0,0.0,25.0,0.0
60000.0,13000.0,0.0,23.0,1.0
67500.0,13000.0,1.0,24.0,0.0
95000.0,20000.0,0.0,26.0,0.0
95000.0,5000.0,0.0,26.0,0.0
95000.0,16000.0,0.0,24.0,0.0
95000.0,15000.0,1.0,23.0,0.0
95000.0,20000.0,0.0,24.0,0.0
95000.0,5000.0,0.0,24.0,0.0
69996.0,13000.0,0.0,23.0,0.0
95000.0,12000.0,0.0,22.0,0.0
95000.0,10900.0,0.0,23.0,0.0
70000.0,13000.0,0.0,24.0,0.0
95000.0,1000.0,0.0,26.0,0.0
95000.0,25000.0,0.0,23.0,0.0
70000.0,13000.0,0.0,24.0,0.0
95000.0,14400.0,0.0,23.0,0.0
83000.0,20000.0,0.0,23.0,1.0
83000.0,5000.0,0.0,23.0,1.0
75000.0,13000.0,0.0,24.0,0.0
83000.0,15000.0,1.0,21.0,1.0
95000.0,6000.0,0.0,23.0,0.0
95000.0,4000.0,0.0,25.0,0.0
75000.0,13000.0,0.0,23.0,0.0
33009.0,12000.0,0.0,21.0,0.0
33004.0,5000.0,0.0,23.0,0.0
75000.0,13000.0,0.0,25.0,0.0
95000.0,10000.0,0.0,22.0,0.0
95000.0,25000.0,0.0,24.0,0.0
83195.0,13000.0,0.0,25.0,0.0
84000.0,13000.0,0.0,24.0,0.0
95000.0,5000.0,0.0,25.0,0.0
95004.0,2800.0,0.0,25.0,0.0
86000.0,13000.0,0.0,23.0,0.0
83004.0,10000.0,0.0,21.0,1.0
95004.0,18000.0,0.0,24.0,0.0
87000.0,13000.0,0.0,25.0,0.0
95004.0,24250.0,0.0,26.0,0.0
95004.0,16000.0,0.0,24.0,0.0
90000.0,13000.0,0.0,23.0,0.0
95004.0,18000.0,0.0,25.0,0.0
95004.0,10000.0,0.0,23.0,0.0
95004.0,7200.0,0.0,22.0,0.0
90000.0,13000.0,0.0,24.0,0.0
95111.0,18000.0,0.0,25.0,0.0
83290.0,6000.0,0.0,24.0,1.0
95327.0,4325.0,0.0,23.0,0.0
95400.0,12000.0,0.0,21.0,0.0
95400.0,5000.0,0.0,26.0,0.0
69700.0,13000.0,1.0,26.0,1.0
110000.0,13000.0,0.0,24.0,0.0
110400.0,13000.0,0.0,26.0,0.0
95610.0,6000.0,0.0,24.0,0.0
95620.0,13500.0,1.0,23.0,0.0
90100.0,13000.0,0.0,24.0,1.0
120000.0,13000.0,0.0,23.0,0.0
108000.0,13000.0,1.0,26.0,1.0
83904.0,16000.0,1.0,24.0,1.0
96000.0,21000.0,0.0,25.0,0.0
96000.0,35000.0,0.0,24.0,0.0
96000.0,10925.0,0.0,25.0,0.0
71400.0,21600.0,1.0,22.0,1.0
96000.0,3000.0,0.0,22.0,0.0
96000.0,5500.0,0.0,22.0,0.0
96000.0,35000.0,1.0,25.0,0.0
96000.0,6000.0,0.0,22.0,0.0
96000.0,9000.0,0.0,23.0,0.0
96000.0,14000.0,0.0,25.0,0.0
96000.0,1500.0,0.0,23.0,0.0
96000.0,24000.0,0.0,26.0,0.0
57840.0,13600.0,0.0,25.0,0.0
96000.0,5000.0,0.0,24.0,0.0
96000.0,35000.0,0.0,25.0,0.0
68000.0,13600.0,0.0,25.0,0.0
70000.0,13600.0,0.0,22.0,0.0
96000.0,4800.0,0.0,24.0,0.0
96000.0,10000.0,0.0,26.0,0.0
70000.0,13600.0,0.0,22.0,0.0
73000.0,13600.0,0.0,25.0,0.0
78625.0,13600.0,0.0,23.0,0.0
96000.0,20000.0,0.0,25.0,0.0
96000.0,12000.0,0.0,23.0,0.0
96000.0,11000.0,0.0,24.0,0.0
85000.0,13600.0,0.0,23.0,0.0
96000.0,12000.0,0.0,24.0,0.0
33000.0,8000.0,0.0,25.0,0.0
96000.0,8000.0,0.0,23.0,0.0
96000.0,4200.0,0.0,24.0,0.0
96000.0,4000.0,0.0,23.0,0.0
96000.0,10000.0,0.0,23.0,0.0
96000.0,9000.0,0.0,22.0,0.0
33000.0,13650.0,0.0,25.0,1.0
33000.0,11000.0,1.0,21.0,0.0
33000.0,8000.0,1.0,24.0,0.0
33000.0,5000.0,1.0,21.0,0.0
84000.0,5000.0,0.0,25.0,1.0
96000.0,20000.0,0.0,26.0,0.0
96000.0,7000.0,0.0,23.0,0.0
96000.0,11625.0,0.0,26.0,0.0
96000.0,8000.0,0.0,26.0,0.0
96000.0,25000.0,0.0,22.0,0.0
96000.0,20000.0,0.0,23.0,0.0
33000.0,3600.0,0.0,23.0,0.0
45000.0,13650.0,0.0,25.0,1.0
96000.0,18250.0,0.0,25.0,0.0
71400.0,25000.0,0.0,25.0,1.0
96000.0,16000.0,0.0,26.0,0.0
30000.0,13750.0,1.0,21.0,1.0
35000.0,13750.0,0.0,25.0,1.0
84000.0,3500.0,0.0,25.0,1.0
96000.0,20000.0,0.0,22.0,0.0
32956.0,10000.0,0.0,26.0,0.0
53591.0,13750.0,0.0,22.0,0.0
96000.0,5000.0,0.0,23.0,0.0
32868.0,2500.0,1.0,21.0,0.0
32800.0,8000.0,0.0,23.0,0.0
96000.0,8000.0,0.0,22.0,0.0
96000.0,15000.0,0.0,24.0,0.0
32760.0,7000.0,1.0,22.0,0.0
96000.0,5000.0,0.0,23.0,0.0
32700.0,4200.0,0.0,24.0,0.0
96000.0,2000.0,0.0,24.0,0.0
79000.0,13800.0,0.0,24.0,0.0
80600.0,13800.0,0.0,25.0,0.0
96000.0,4000.0,0.0,25.0,0.0
105000.0,13800.0,0.0,24.0,0.0
96000.0,5000.0,0.0,22.0,0.0
96000.0,12000.0,0.0,26.0,0.0
96000.0,20000.0,0.0,23.0,0.0
32500.0,5000.0,1.0,23.0,0.0
96000.0,10000.0,0.0,26.0,0.0
71400.0,15000.0,1.0,22.0,1.0
71400.0,16500.0,0.0,26.0,1.0
117500.0,13800.0,0.0,26.0,0.0
32500.0,5600.0,0.0,24.0,0.0
96000.0,20000.0,0.0,26.0,0.0
96000.0,5000.0,0.0,25.0,0.0
76400.0,13900.0,0.0,25.0,0.0
96000.0,7000.0,0.0,21.0,0.0
96000.0,6000.0,1.0,24.0,0.0
42000.0,14000.0,0.0,26.0,1.0
42000.0,14000.0,0.0,26.0,1.0
96000.0,11400.0,1.0,22.0,0.0
84000.0,2125.0,1.0,25.0,1.0
42996.0,14000.0,0.0,24.0,1.0
96060.0,10000.0,0.0,23.0,0.0
96216.0,14400.0,0.0,24.0,0.0
96300.0,15000.0,0.0,26.0,0.0
96384.0,18000.0,0.0,22.0,0.0
96500.0,10000.0,0.0,25.0,0.0
96500.0,18000.0,0.0,26.0,0.0
96500.0,14000.0,0.0,24.0,0.0
96640.0,25000.0,0.0,26.0,0.0
96720.0,18000.0,0.0,25.0,0.0
39000.0,14000.0,0.0,25.0,1.0
96900.0,9300.0,0.0,24.0,0.0
97000.0,12000.0,0.0,23.0,0.0
97000.0,6400.0,1.0,24.0,0.0
97000.0,4000.0,0.0,26.0,0.0
72250.0,35000.0,0.0,23.0,1.0
97000.0,5000.0,0.0,22.0,0.0
46000.0,14000.0,0.0,22.0,0.0
97000.0,16000.0,0.0,23.0,0.0
40000.0,14000.0,1.0,24.0,1.0
97000.0,8000.0,0.0,24.0,0.0
46800.0,14000.0,0.0,23.0,0.0
97000.0,15000.0,0.0,23.0,0.0
97000.0,22000.0,0.0,24.0,0.0
97000.0,15000.0,1.0,23.0,0.0
46800.0,14000.0,0.0,24.0,0.0
97000.0,12975.0,0.0,22.0,0.0
97000.0,6000.0,0.0,26.0,0.0
97000.0,5000.0,0.0,23.0,0.0
97000.0,6800.0,1.0,24.0,0.0
42000.0,14000.0,0.0,23.0,1.0
97000.0,25000.0,0.0,25.0,0.0
97000.0,10000.0,1.0,22.0,0.0
97000.0,4000.0,1.0,23.0,0.0
44000.0,14000.0,0.0,26.0,1.0
97000.0,7500.0,1.0,22.0,0.0
97000.0,12000.0,0.0,24.0,0.0
97333.0,10000.0,0.0,26.0,0.0
50000.0,14000.0,0.0,24.0,0.0
50004.0,14000.0,0.0,24.0,0.0
85584.0,24000.0,1.0,25.0,1.0
97600.0,14500.0,0.0,23.0,0.0
97700.0,8000.0,0.0,25.0,0.0
97700.0,25000.0,0.0,24.0,0.0
97700.0,10400.0,0.0,26.0,0.0
97781.0,5575.0,0.0,23.0,0.0
97781.0,15000.0,0.0,23.0,0.0
52000.0,14000.0,0.0,23.0,0.0
32000.0,3500.0,0.0,23.0,0.0
85992.0,3500.0,1.0,22.0,1.0
98000.0,12000.0,0.0,24.0,0.0
52800.0,14000.0,0.0,23.0,0.0
98000.0,10000.0,0.0,24.0,0.0
98000.0,10000.0,0.0,24.0,0.0
53000.0,14000.0,0.0,21.0,0.0
98000.0,2000.0,0.0,25.0,0.0
98000.0,12000.0,0.0,24.0,0.0
32000.0,3000.0,0.0,22.0,0.0
98000.0,12000.0,0.0,26.0,0.0
98000.0,10000.0,1.0,23.0,0.0
98000.0,6000.0,0.0,21.0,0.0
98000.0,6500.0,0.0,24.0,0.0
54000.0,14000.0,0.0,25.0,0.0
86000.0,5000.0,0.0,25.0,1.0
54000.0,14000.0,0.0,22.0,0.0
98000.0,25000.0,0.0,22.0,0.0
48000.0,14000.0,0.0,22.0,1.0
86000.0,18000.0,0.0,22.0,1.0
98000.0,14000.0,0.0,26.0,0.0
86000.0,20000.0,0.0,24.0,1.0
55000.0,14000.0,0.0,25.0,0.0
55000.0,14000.0,0.0,26.0,0.0
98000.0,10000.0,0.0,23.0,0.0
98000.0,25000.0,0.0,24.0,0.0
86000.0,4800.0,1.0,23.0,1.0
98000.0,14500.0,0.0,23.0,0.0
32000.0,7500.0,0.0,23.0,0.0
98000.0,1000.0,0.0,25.0,0.0
98000.0,20000.0,0.0,23.0,0.0
98000.0,6400.0,0.0,25.0,0.0
98000.0,2000.0,0.0,25.0,0.0
98004.0,16000.0,0.0,22.0,0.0
86004.0,15000.0,0.0,25.0,1.0
55000.0,14000.0,0.0,23.0,0.0
55260.0,14000.0,0.0,21.0,0.0
73185.0,7000.0,0.0,23.0,1.0
98132.0,15000.0,0.0,21.0,0.0
98280.0,10000.0,0.0,21.0,0.0
98280.0,9400.0,0.0,23.0,0.0
98400.0,9000.0,0.0,23.0,0.0
98400.0,8450.0,0.0,26.0,0.0
55992.0,14000.0,0.0,22.0,0.0
98400.0,8000.0,0.0,24.0,0.0
98400.0,10000.0,0.0,23.0,0.0
56000.0,14000.0,1.0,22.0,0.0
32000.0,6500.0,0.0,23.0,0.0
98518.0,10000.0,0.0,24.0,0.0
56004.0,14000.0,0.0,25.0,0.0
98700.0,9600.0,0.0,26.0,0.0
56004.0,14000.0,0.0,24.0,0.0
98800.0,1000.0,0.0,23.0,0.0
99000.0,18000.0,0.0,22.0,0.0
99000.0,12000.0,0.0,24.0,0.0
57600.0,14000.0,0.0,26.0,0.0
99000.0,5000.0,0.0,26.0,0.0
58000.0,14000.0,1.0,25.0,0.0
60000.0,14000.0,0.0,26.0,0.0
60000.0,14000.0,0.0,22.0,0.0
99000.0,15000.0,0.0,25.0,0.0
60000.0,14000.0,1.0,23.0,0.0
99000.0,1800.0,0.0,23.0,0.0
99000.0,20000.0,0.0,26.0,0.0
99000.0,12250.0,0.0,24.0,0.0
60000.0,14000.0,0.0,22.0,0.0
99085.0,8000.0,1.0,26.0,0.0
99200.0,23000.0,0.0,23.0,0.0
60000.0,14000.0,1.0,22.0,0.0
99473.0,8500.0,0.0,25.0,0.0
99500.0,25000.0,0.0,23.0,0.0
54000.0,14000.0,1.0,25.0,1.0
99600.0,12800.0,0.0,25.0,0.0
99600.0,7125.0,0.0,22.0,0.0
99600.0,5000.0,0.0,22.0,0.0
99670.0,5500.0,0.0,23.0,0.0
60000.0,14000.0,0.0,22.0,0.0
99750.0,12000.0,0.0,24.0,0.0
99800.0,12000.0,0.0,25.0,0.0
99996.0,20000.0,0.0,23.0,0.0
99996.0,4800.0,0.0,23.0,0.0
61000.0,14000.0,0.0,22.0,0.0
99996.0,12000.0,0.0,25.0,0.0
62000.0,14000.0,0.0,23.0,0.0
99996.0,10000.0,1.0,24.0,0.0
62004.0,14000.0,0.0,24.0,0.0
99996.0,8000.0,0.0,25.0,0.0
62800.0,14000.0,0.0,24.0,0.0
100000.0,25000.0,0.0,23.0,0.0
100000.0,6600.0,0.0,24.0,0.0
64000.0,14000.0,0.0,22.0,0.0
65000.0,14000.0,0.0,23.0,0.0
100000.0,35000.0,0.0,23.0,0.0
65000.0,14000.0,0.0,23.0,0.0
65000.0,14000.0,0.0,24.0,0.0
100000.0,14000.0,1.0,23.0,0.0
100000.0,15000.0,0.0,23.0,0.0
100000.0,6000.0,0.0,24.0,0.0
65000.0,14000.0,0.0,22.0,0.0
66000.0,14000.0,0.0,26.0,0.0
100000.0,6000.0,0.0,25.0,0.0
31200.0,15000.0,0.0,25.0,0.0
66000.0,14000.0,0.0,23.0,0.0
100000.0,12000.0,0.0,25.0,0.0
100000.0,9200.0,0.0,26.0,0.0
88000.0,20000.0,0.0,25.0,1.0
100000.0,35000.0,0.0,23.0,0.0
100000.0,4800.0,0.0,25.0,0.0
100000.0,11650.0,0.0,25.0,0.0
88000.0,8400.0,0.0,23.0,1.0
69000.0,14000.0,1.0,24.0,0.0
69575.0,14000.0,0.0,26.0,0.0
100000.0,15000.0,0.0,25.0,0.0
63996.0,14000.0,1.0,25.0,1.0
70000.0,14000.0,0.0,21.0,0.0
31200.0,6000.0,0.0,23.0,0.0
70000.0,14000.0,0.0,25.0,0.0
55845.0,14000.0,0.0,24.0,1.0
100000.0,6000.0,0.0,22.0,0.0
100000.0,8000.0,0.0,24.0,0.0
72000.0,14000.0,0.0,24.0,0.0
100000.0,12000.0,0.0,26.0,0.0
72150.0,14000.0,0.0,23.0,0.0
72500.0,14000.0,1.0,21.0,0.0
100000.0,14350.0,0.0,22.0,0.0
100000.0,6000.0,0.0,24.0,0.0
100000.0,5625.0,0.0,24.0,0.0
100000.0,15000.0,0.0,26.0,0.0
73000.0,14000.0,0.0,23.0,0.0
100000.0,8000.0,0.0,23.0,0.0
100000.0,3275.0,0.0,25.0,0.0
100000.0,10750.0,0.0,24.0,0.0
100000.0,11200.0,0.0,23.0,0.0
100000.0,10000.0,0.0,23.0,0.0
100000.0,16000.0,1.0,25.0,0.0
100000.0,6200.0,0.0,21.0,0.0
88000.0,7700.0,1.0,26.0,1.0
75000.0,14000.0,0.0,26.0,0.0
100000.0,15000.0,0.0,22.0,0.0
100000.0,7500.0,0.0,25.0,0.0
100000.0,17600.0,0.0,25.0,0.0
31193.0,4000.0,1.0,22.0,0.0
100000.0,10000.0,0.0,24.0,0.0
100000.0,3000.0,0.0,22.0,0.0
100000.0,11000.0,0.0,23.0,0.0
100000.0,10000.0,0.0,26.0,0.0
100000.0,15000.0,1.0,25.0,0.0
100000.0,15000.0,0.0,22.0,0.0
100000.0,10300.0,1.0,24.0,0.0
88000.0,24000.0,0.0,24.0,1.0
100000.0,25000.0,0.0,26.0,0.0
77700.0,14000.0,0.0,25.0,0.0
78700.0,14000.0,0.0,22.0,0.0
80000.0,14000.0,1.0,23.0,0.0
100000.0,5000.0,0.0,26.0,0.0
74800.0,10000.0,0.0,26.0,1.0
100000.0,10000.0,0.0,23.0,0.0
81000.0,14000.0,0.0,24.0,0.0
100000.0,12000.0,0.0,22.0,0.0
100000.0,6000.0,0.0,24.0,0.0
82000.0,14000.0,0.0,22.0,0.0
100000.0,9125.0,0.0,23.0,0.0
100000.0,12000.0,0.0,25.0,0.0
100000.0,30000.0,1.0,24.0,0.0
100000.0,7000.0,0.0,25.0,0.0
100000.0,12000.0,0.0,24.0,0.0
100000.0,12800.0,0.0,24.0,0.0
100000.0,20000.0,0.0,24.0,0.0
100000.0,7700.0,0.0,24.0,0.0
100000.0,10000.0,0.0,22.0,0.0
100000.0,25000.0,1.0,23.0,0.0
100000.0,7500.0,0.0,25.0,0.0
100000.0,16000.0,0.0,23.0,0.0
86000.0,14000.0,0.0,23.0,0.0
88000.0,14000.0,0.0,24.0,0.0
90000.0,14000.0,0.0,26.0,0.0
88000.0,25000.0,0.0,21.0,1.0
90996.0,14000.0,0.0,25.0,0.0
100000.0,15000.0,0.0,25.0,0.0
100000.0,17000.0,0.0,23.0,0.0
95000.0,14000.0,0.0,23.0,0.0
100000.0,10000.0,0.0,24.0,0.0
100000.0,2000.0,0.0,26.0,0.0
100000.0,5000.0,0.0,24.0,0.0
100000.0,16000.0,0.0,24.0,0.0
100000.0,14000.0,0.0,23.0,0.0
83000.0,14000.0,1.0,23.0,1.0
100000.0,20000.0,0.0,22.0,0.0
100000.0,5400.0,1.0,23.0,0.0
100000.0,14000.0,0.0,26.0,0.0
100000.0,16800.0,0.0,24.0,0.0
74800.0,14000.0,0.0,24.0,1.0
100000.0,15000.0,0.0,25.0,0.0
100000.0,14000.0,0.0,24.0,0.0
100000.0,13750.0,0.0,25.0,0.0
100000.0,3600.0,1.0,24.0,0.0
100000.0,7000.0,0.0,24.0,0.0
105000.0,14000.0,0.0,24.0,0.0
100000.0,17000.0,1.0,26.0,0.0
98000.0,14000.0,0.0,24.0,1.0
100000.0,7000.0,0.0,25.0,0.0
100000.0,10000.0,0.0,25.0,0.0
100000.0,15000.0,0.0,23.0,0.0
100000.0,16000.0,0.0,24.0,0.0
110004.0,14000.0,0.0,24.0,0.0
100000.0,25000.0,0.0,25.0,0.0
113000.0,14000.0,1.0,23.0,0.0
120000.0,14000.0,0.0,23.0,0.0
100000.0,24000.0,0.0,26.0,0.0
100000.0,15000.0,0.0,22.0,0.0
120000.0,14000.0,0.0,24.0,0.0
100000.0,4800.0,0.0,25.0,0.0
100000.0,20000.0,0.0,23.0,0.0
100000.0,14000.0,1.0,26.0,0.0
122000.0,14000.0,1.0,23.0,0.0
100000.0,15000.0,1.0,25.0,0.0
100000.0,25000.0,1.0,24.0,0.0
100000.0,24000.0,0.0,24.0,0.0
128165.0,14000.0,0.0,22.0,0.0
100000.0,14000.0,0.0,25.0,0.0
140000.0,14000.0,0.0,22.0,0.0
100000.0,5000.0,0.0,21.0,0.0
145000.0,14000.0,1.0,24.0,0.0
100000.0,17400.0,1.0,24.0,0.0
100000.0,8000.0,0.0,25.0,0.0
100000.0,12000.0,0.0,24.0,0.0
100000.0,20000.0,0.0,22.0,0.0
148000.0,14000.0,0.0,24.0,0.0
88000.0,25000.0,0.0,22.0,1.0
100000.0,1000.0,0.0,23.0,0.0
100000.0,15000.0,1.0,23.0,0.0
100000.0,25000.0,0.0,25.0,0.0
100000.0,10000.0,1.0,24.0,0.0
100000.0,15000.0,0.0,22.0,0.0
100000.0,10000.0,0.0,26.0,0.0
100000.0,7000.0,0.0,23.0,0.0
100000.0,13000.0,0.0,24.0,0.0
46000.0,14100.0,0.0,22.0,1.0
100000.0,10000.0,0.0,23.0,0.0
100000.0,12000.0,0.0,25.0,0.0
100000.0,10000.0,1.0,23.0,0.0
100000.0,12000.0,0.0,24.0,0.0
100000.0,25000.0,0.0,23.0,0.0
100000.0,15000.0,0.0,24.0,0.0
88000.0,25000.0,0.0,24.0,1.0
32000.0,14125.0,0.0,23.0,1.0
30000.0,6000.0,0.0,26.0,0.0
100000.0,24000.0,0.0,22.0,0.0
100000.0,6850.0,0.0,23.0,0.0
33000.0,14125.0,0.0,25.0,1.0
88000.0,15000.0,0.0,24.0,1.0
30000.0,1925.0,0.0,26.0,0.0
100000.0,15000.0,0.0,25.0,0.0
100000.0,7500.0,0.0,26.0,0.0
88000.0,6400.0,1.0,24.0,1.0
40000.0,14125.0,0.0,22.0,1.0
100000.0,12800.0,0.0,26.0,0.0
92000.0,14200.0,0.0,26.0,0.0
100000.0,15000.0,1.0,23.0,0.0
78000.0,14275.0,0.0,21.0,0.0
135000.0,14275.0,0.0,26.0,0.0
74867.0,17000.0,1.0,22.0,1.0
100080.0,20600.0,0.0,23.0,0.0
88128.0,1950.0,0.0,24.0,1.0
74909.0,14000.0,0.0,24.0,1.0
100400.0,10000.0,1.0,24.0,0.0
100505.0,35000.0,0.0,25.0,0.0
100800.0,20000.0,0.0,23.0,0.0
35000.0,14400.0,0.0,24.0,1.0
100800.0,8000.0,0.0,26.0,0.0
100800.0,21000.0,0.0,24.0,0.0
100800.0,10800.0,0.0,24.0,0.0
75500.0,6000.0,1.0,25.0,1.0
30000.0,15000.0,0.0,22.0,0.0
100860.0,6000.0,0.0,24.0,0.0
36000.0,14400.0,0.0,23.0,1.0
100995.0,16000.0,0.0,24.0,0.0
101000.0,17000.0,0.0,25.0,0.0
101000.0,20000.0,1.0,23.0,0.0
30000.0,7200.0,0.0,22.0,0.0
34320.0,14400.0,1.0,24.0,1.0
36500.0,14400.0,0.0,21.0,1.0
101000.0,16000.0,0.0,26.0,0.0
101000.0,24250.0,0.0,24.0,0.0
89000.0,25000.0,1.0,24.0,1.0
43000.0,14400.0,0.0,26.0,1.0
101004.0,14000.0,0.0,21.0,0.0
43000.0,14400.0,0.0,22.0,1.0
30000.0,6000.0,0.0,22.0,0.0
101138.0,20500.0,0.0,23.0,0.0
101400.0,5600.0,0.0,26.0,0.0
101400.0,9900.0,0.0,24.0,0.0
48000.0,14400.0,1.0,22.0,0.0
101900.0,13600.0,0.0,24.0,0.0
102000.0,30000.0,1.0,23.0,0.0
102000.0,6975.0,0.0,25.0,0.0
51000.0,14400.0,0.0,23.0,0.0
102000.0,25000.0,0.0,23.0,0.0
102000.0,35000.0,0.0,23.0,0.0
102000.0,8000.0,0.0,25.0,0.0
102000.0,12000.0,0.0,24.0,0.0
102000.0,23800.0,0.0,24.0,0.0
56400.0,14400.0,0.0,21.0,0.0
102000.0,13000.0,0.0,26.0,0.0
57000.0,14400.0,0.0,24.0,0.0
102000.0,11200.0,0.0,25.0,0.0
102000.0,18000.0,0.0,22.0,0.0
102000.0,10000.0,0.0,22.0,0.0
90000.0,15000.0,0.0,23.0,1.0
102000.0,9800.0,0.0,24.0,0.0
102000.0,10000.0,0.0,23.0,0.0
59000.0,14400.0,0.0,23.0,0.0
102000.0,6000.0,0.0,26.0,0.0
102000.0,20000.0,0.0,24.0,0.0
102000.0,6000.0,0.0,23.0,0.0
102000.0,20000.0,0.0,26.0,0.0
60996.0,14400.0,0.0,23.0,0.0
61000.0,14400.0,0.0,25.0,0.0
102000.0,24250.0,0.0,24.0,0.0
102000.0,7000.0,0.0,22.0,0.0
62000.0,14400.0,1.0,25.0,0.0
64000.0,14400.0,0.0,25.0,0.0
102000.0,18000.0,0.0,21.0,0.0
102000.0,15000.0,0.0,23.0,0.0
70000.0,14400.0,1.0,24.0,0.0
90000.0,19200.0,1.0,24.0,1.0
70000.0,14400.0,0.0,24.0,0.0
72000.0,14400.0,0.0,23.0,0.0
102211.0,15000.0,0.0,25.0,0.0
72000.0,14400.0,0.0,24.0,0.0
68000.0,14400.0,1.0,23.0,1.0
102500.0,11800.0,0.0,26.0,0.0
102960.0,16000.0,0.0,24.0,0.0
102996.0,20000.0,0.0,24.0,0.0
102996.0,5000.0,1.0,24.0,0.0
102996.0,8000.0,0.0,22.0,0.0
103000.0,21000.0,1.0,24.0,0.0
103000.0,24000.0,0.0,24.0,0.0
103000.0,4000.0,0.0,23.0,0.0
103000.0,15000.0,1.0,22.0,0.0
103000.0,8000.0,0.0,24.0,0.0
103000.0,21850.0,0.0,23.0,0.0
103000.0,6400.0,0.0,24.0,0.0
103000.0,17000.0,0.0,23.0,0.0
76000.0,14400.0,0.0,22.0,0.0
78000.0,14400.0,1.0,23.0,0.0
80000.0,14400.0,0.0,22.0,0.0
80000.0,14400.0,0.0,23.0,0.0
91000.0,5000.0,0.0,26.0,1.0
77350.0,25000.0,1.0,24.0,1.0
30000.0,4000.0,1.0,23.0,0.0
81380.0,14400.0,0.0,26.0,0.0
103000.0,20000.0,0.0,23.0,0.0
82000.0,14400.0,0.0,23.0,0.0
103200.0,9000.0,0.0,26.0,0.0
103500.0,7500.0,0.0,25.0,0.0
85000.0,14400.0,0.0,25.0,0.0
30000.0,3425.0,0.0,25.0,0.0
94500.0,14400.0,0.0,26.0,0.0
104000.0,13600.0,0.0,22.0,0.0
104000.0,9000.0,0.0,23.0,0.0
78200.0,15000.0,1.0,26.0,1.0
104000.0,14000.0,0.0,25.0,0.0
104000.0,10000.0,0.0,25.0,0.0
100000.0,14400.0,0.0,25.0,0.0
30000.0,1200.0,1.0,25.0,1.0
100000.0,14400.0,0.0,22.0,0.0
30000.0,3000.0,0.0,22.0,0.0
30000.0,7000.0,0.0,26.0,0.0
104000.0,14000.0,0.0,24.0,0.0
113000.0,14400.0,0.0,25.0,1.0
130000.0,14400.0,1.0,26.0,0.0
104000.0,11000.0,0.0,25.0,0.0
135000.0,14400.0,0.0,24.0,0.0
28000.0,14500.0,0.0,26.0,1.0
104000.0,25000.0,0.0,24.0,0.0
104000.0,15000.0,0.0,21.0,0.0
104004.0,15000.0,0.0,26.0,0.0
92085.0,2500.0,1.0,25.0,1.0
104606.0,5000.0,0.0,24.0,0.0
104740.0,19200.0,0.0,21.0,0.0
30000.0,14500.0,0.0,25.0,1.0
105000.0,9600.0,0.0,25.0,0.0
105000.0,13000.0,0.0,24.0,0.0
30600.0,14500.0,0.0,25.0,1.0
105000.0,12000.0,0.0,24.0,0.0
105000.0,12000.0,0.0,22.0,0.0
105000.0,4800.0,0.0,26.0,0.0
105000.0,7200.0,0.0,26.0,0.0
105000.0,7200.0,0.0,23.0,0.0
105000.0,5300.0,0.0,26.0,0.0
30000.0,14500.0,1.0,21.0,1.0
105000.0,11000.0,0.0,24.0,0.0
36000.0,14500.0,0.0,26.0,1.0
105000.0,12000.0,0.0,26.0,0.0
37000.0,14500.0,0.0,26.0,1.0
105000.0,12000.0,0.0,26.0,0.0
105000.0,20000.0,0.0,23.0,0.0
105000.0,16000.0,0.0,25.0,0.0
105000.0,10000.0,0.0,26.0,0.0
105000.0,3650.0,0.0,22.0,0.0
105000.0,6000.0,0.0,26.0,0.0
105000.0,5600.0,0.0,24.0,0.0
105000.0,19000.0,0.0,23.0,0.0
31000.0,14500.0,0.0,22.0,1.0
105000.0,6000.0,0.0,24.0,0.0
36000.0,14500.0,1.0,25.0,1.0
105000.0,4800.0,1.0,25.0,0.0
43000.0,14500.0,0.0,24.0,1.0
37200.0,14500.0,1.0,25.0,1.0
105000.0,5000.0,0.0,26.0,0.0
105000.0,10000.0,1.0,26.0,0.0
45000.0,14500.0,0.0,23.0,1.0
105000.0,9850.0,0.0,24.0,0.0
105000.0,25000.0,0.0,24.0,0.0
45000.0,14500.0,0.0,25.0,1.0
105000.0,15000.0,0.0,22.0,0.0
55000.0,14500.0,0.0,24.0,0.0
49500.0,14500.0,0.0,24.0,1.0
105000.0,15000.0,1.0,23.0,0.0
51996.0,14500.0,1.0,22.0,1.0
59000.0,14500.0,0.0,26.0,1.0
105000.0,6000.0,1.0,22.0,0.0
105000.0,12000.0,0.0,23.0,0.0
105000.0,10000.0,0.0,24.0,0.0
105000.0,16000.0,1.0,22.0,0.0
105000.0,12000.0,0.0,23.0,0.0
105000.0,12000.0,0.0,25.0,0.0
105000.0,18000.0,0.0,24.0,0.0
105000.0,20000.0,0.0,23.0,0.0
105000.0,15000.0,0.0,26.0,0.0
93000.0,25000.0,1.0,26.0,1.0
100000.0,14500.0,0.0,26.0,0.0
105000.0,12800.0,0.0,22.0,0.0
105000.0,5000.0,0.0,25.0,0.0
162000.0,14500.0,0.0,25.0,0.0
30000.0,12000.0,0.0,26.0,0.0
105000.0,12000.0,1.0,25.0,0.0
105000.0,15000.0,1.0,25.0,0.0
30000.0,11500.0,0.0,25.0,0.0
30000.0,3000.0,0.0,23.0,0.0
105000.0,25000.0,0.0,26.0,0.0
30000.0,10000.0,1.0,25.0,0.0
105000.0,9500.0,0.0,26.0,0.0
105000.0,5000.0,0.0,26.0,0.0
60000.0,14525.0,0.0,24.0,0.0
30000.0,2500.0,0.0,22.0,0.0
48000.0,14550.0,0.0,24.0,0.0
105000.0,6500.0,0.0,25.0,0.0
105000.0,4000.0,0.0,24.0,0.0
35000.0,14575.0,0.0,26.0,1.0
30000.0,14600.0,0.0,23.0,1.0
105018.0,28000.0,1.0,24.0,0.0
60000.0,14650.0,1.0,26.0,0.0
31200.0,14700.0,0.0,25.0,1.0
82440.0,14700.0,0.0,24.0,0.0
24000.0,15000.0,1.0,22.0,1.0
105508.0,3500.0,0.0,24.0,0.0
105600.0,8000.0,0.0,22.0,0.0
105600.0,25000.0,0.0,23.0,0.0
28000.0,15000.0,0.0,22.0,1.0
105600.0,15000.0,0.0,23.0,0.0
105804.0,15000.0,0.0,24.0,0.0
105897.0,25000.0,0.0,25.0,0.0
105996.0,3000.0,0.0,24.0,0.0
105999.0,8550.0,0.0,23.0,0.0
28800.0,15000.0,0.0,26.0,1.0
106000.0,5000.0,0.0,26.0,0.0
106000.0,12000.0,0.0,25.0,0.0
106000.0,10000.0,0.0,23.0,0.0
79900.0,15000.0,0.0,25.0,1.0
29040.0,15000.0,0.0,26.0,1.0
30000.0,15000.0,1.0,22.0,1.0
30000.0,7500.0,0.0,26.0,0.0
106000.0,4575.0,0.0,24.0,0.0
30000.0,15000.0,0.0,26.0,1.0
106000.0,10000.0,1.0,26.0,0.0
106000.0,25000.0,0.0,22.0,0.0
106226.0,20000.0,0.0,25.0,0.0
106800.0,11525.0,0.0,24.0,0.0
106800.0,16000.0,1.0,24.0,0.0
31680.0,15000.0,1.0,21.0,1.0
106839.0,14000.0,0.0,24.0,0.0
30000.0,5000.0,0.0,26.0,0.0
106870.0,6000.0,1.0,25.0,0.0
106921.0,30000.0,0.0,23.0,0.0
106925.0,24250.0,0.0,23.0,0.0
106982.0,30000.0,1.0,22.0,0.0
30000.0,3000.0,0.0,25.0,0.0
107000.0,24000.0,0.0,25.0,0.0
80750.0,24000.0,0.0,22.0,1.0
32000.0,15000.0,0.0,22.0,1.0
32000.0,15000.0,0.0,21.0,1.0
32240.0,15000.0,0.0,22.0,1.0
107000.0,10000.0,0.0,22.0,0.0
107000.0,1000.0,0.0,25.0,0.0
95000.0,19800.0,1.0,23.0,1.0
107000.0,7000.0,0.0,25.0,0.0
107000.0,17400.0,0.0,22.0,0.0
30000.0,15000.0,0.0,24.0,1.0
95000.0,15000.0,0.0,23.0,1.0
33204.0,2000.0,1.0,23.0,0.0
107004.0,10000.0,0.0,22.0,0.0
107203.0,6000.0,0.0,24.0,0.0
107280.0,25000.0,1.0,23.0,0.0
30000.0,7500.0,0.0,24.0,0.0
107496.0,20000.0,0.0,26.0,0.0
33996.0,2000.0,0.0,22.0,0.0
107900.0,16500.0,0.0,26.0,0.0
108000.0,8000.0,1.0,22.0,0.0
108000.0,4800.0,0.0,25.0,0.0
34800.0,2000.0,0.0,21.0,0.0
34884.0,2000.0,0.0,23.0,0.0
108000.0,15000.0,0.0,25.0,0.0
35000.0,2000.0,0.0,25.0,0.0
35000.0,2000.0,0.0,24.0,0.0
108000.0,21000.0,0.0,25.0,0.0
35000.0,2000.0,0.0,26.0,0.0
108000.0,10000.0,0.0,24.0,0.0
108000.0,35000.0,0.0,23.0,0.0
108000.0,6000.0,0.0,26.0,0.0
35000.0,2000.0,1.0,22.0,0.0
35064.0,2000.0,0.0,22.0,0.0
35400.0,2000.0,0.0,25.0,0.0
108000.0,7200.0,0.0,26.0,0.0
96000.0,10000.0,0.0,26.0,1.0
108000.0,9000.0,0.0,26.0,0.0
108000.0,9050.0,0.0,24.0,0.0
108000.0,24250.0,0.0,25.0,0.0
108000.0,9000.0,0.0,26.0,0.0
108000.0,10000.0,0.0,25.0,0.0
108000.0,9950.0,1.0,24.0,0.0
108000.0,4500.0,0.0,23.0,0.0
36108.0,2000.0,0.0,26.0,0.0
37000.0,2000.0,0.0,24.0,0.0
108000.0,13000.0,0.0,26.0,0.0
37000.0,2000.0,0.0,23.0,0.0
108000.0,18500.0,0.0,26.0,0.0
108000.0,10000.0,0.0,26.0,0.0
37315.0,2000.0,0.0,25.0,0.0
38000.0,2000.0,0.0,22.0,0.0
108000.0,14000.0,0.0,23.0,0.0
108000.0,18000.0,1.0,24.0,0.0
108000.0,10000.0,0.0,24.0,0.0
108000.0,15000.0,0.0,25.0,0.0
108060.0,14400.0,0.0,23.0,0.0
38000.0,2000.0,0.0,24.0,0.0
108288.0,10000.0,0.0,24.0,0.0
38400.0,2000.0,0.0,23.0,0.0
108600.0,14400.0,0.0,22.0,0.0
108600.0,8000.0,1.0,23.0,0.0
108600.0,15000.0,0.0,24.0,0.0
32400.0,2000.0,0.0,25.0,1.0
39000.0,2000.0,0.0,26.0,0.0
108960.0,10000.0,0.0,25.0,0.0
109000.0,12000.0,0.0,25.0,0.0
109000.0,16000.0,0.0,25.0,0.0
33500.0,2000.0,0.0,24.0,1.0
109000.0,8800.0,0.0,24.0,0.0
109000.0,7500.0,0.0,23.0,0.0
109000.0,6000.0,0.0,24.0,0.0
109000.0,15000.0,0.0,26.0,0.0
109000.0,5000.0,0.0,25.0,0.0
109000.0,20000.0,0.0,26.0,0.0
109000.0,20000.0,0.0,26.0,0.0
109000.0,15000.0,0.0,25.0,0.0
109000.0,15250.0,0.0,24.0,0.0
97000.0,14000.0,0.0,22.0,1.0
109000.0,14000.0,0.0,25.0,0.0
109000.0,6000.0,0.0,26.0,0.0
109200.0,2300.0,0.0,26.0,0.0
109200.0,10000.0,0.0,23.0,0.0
109500.0,3500.0,0.0,24.0,0.0
109500.0,20000.0,0.0,26.0,0.0
109500.0,5000.0,0.0,26.0,0.0
109720.0,20000.0,0.0,24.0,0.0
110000.0,5500.0,0.0,25.0,0.0
40000.0,2000.0,0.0,23.0,0.0
33600.0,15000.0,0.0,25.0,1.0
110000.0,5000.0,0.0,26.0,0.0
33800.0,15000.0,0.0,21.0,1.0
33996.0,15000.0,1.0,22.0,1.0
40800.0,2000.0,0.0,22.0,0.0
110000.0,1200.0,0.0,25.0,0.0
34800.0,2000.0,1.0,22.0,1.0
42000.0,2000.0,0.0,25.0,0.0
110000.0,10000.0,0.0,25.0,0.0
110000.0,28000.0,0.0,25.0,0.0
110000.0,27300.0,0.0,24.0,0.0
42000.0,2000.0,0.0,22.0,0.0
28872.0,2000.0,0.0,23.0,0.0
110000.0,8400.0,0.0,25.0,0.0
110000.0,5000.0,0.0,24.0,0.0
110000.0,2800.0,0.0,22.0,0.0
110000.0,2500.0,0.0,23.0,0.0
110000.0,28000.0,0.0,22.0,0.0
42870.0,2000.0,0.0,23.0,0.0
110000.0,10800.0,0.0,24.0,0.0
110000.0,7000.0,0.0,23.0,0.0
42996.0,2000.0,1.0,23.0,0.0
110000.0,10000.0,1.0,24.0,0.0
37680.0,2000.0,0.0,26.0,1.0
110000.0,14000.0,0.0,21.0,0.0
83300.0,28000.0,1.0,26.0,1.0
44000.0,2000.0,0.0,25.0,0.0
110000.0,23750.0,1.0,26.0,0.0
98000.0,16000.0,1.0,24.0,1.0
44304.0,2000.0,0.0,21.0,0.0
45000.0,2000.0,0.0,23.0,0.0
45000.0,2000.0,1.0,24.0,0.0
39000.0,2000.0,0.0,25.0,1.0
110000.0,5000.0,0.0,26.0,0.0
45000.0,2000.0,0.0,26.0,0.0
110000.0,4000.0,0.0,26.0,0.0
110000.0,13200.0,0.0,24.0,0.0
110000.0,9000.0,0.0,22.0,0.0
110000.0,10800.0,0.0,25.0,0.0
110000.0,6500.0,0.0,25.0,0.0
110000.0,18000.0,0.0,23.0,0.0
45000.0,2000.0,0.0,24.0,0.0
110000.0,12000.0,0.0,26.0,0.0
110000.0,15000.0,0.0,26.0,0.0
39000.0,2000.0,1.0,22.0,1.0
28800.0,12250.0,0.0,23.0,0.0
45000.0,2000.0,0.0,23.0,0.0
45500.0,2000.0,1.0,25.0,0.0
110000.0,8000.0,0.0,22.0,0.0
110000.0,6000.0,0.0,22.0,0.0
110000.0,7500.0,0.0,23.0,0.0
110000.0,15600.0,0.0,26.0,0.0
45996.0,2000.0,1.0,24.0,0.0
110000.0,20000.0,0.0,26.0,0.0
45996.0,2000.0,0.0,22.0,0.0
110000.0,17000.0,0.0,26.0,0.0
110000.0,7500.0,0.0,24.0,0.0
110000.0,5000.0,0.0,23.0,0.0
110000.0,10000.0,0.0,21.0,0.0
110000.0,5600.0,1.0,24.0,0.0
110000.0,10000.0,1.0,24.0,0.0
42000.0,2000.0,0.0,24.0,1.0
110000.0,8000.0,1.0,26.0,0.0
110000.0,15000.0,0.0,25.0,0.0
110000.0,4500.0,0.0,26.0,0.0
110000.0,12000.0,0.0,22.0,0.0
110000.0,5000.0,0.0,25.0,0.0
42000.0,2000.0,1.0,24.0,1.0
98000.0,25000.0,0.0,25.0,1.0
48000.0,2000.0,0.0,25.0,0.0
110000.0,20000.0,0.0,25.0,0.0
110000.0,14400.0,0.0,22.0,0.0
110000.0,8000.0,0.0,24.0,0.0
110000.0,8000.0,0.0,25.0,0.0
110000.0,25000.0,0.0,25.0,0.0
48255.0,2000.0,0.0,22.0,0.0
110000.0,15000.0,0.0,24.0,0.0
49029.0,2000.0,0.0,25.0,0.0
110000.0,8000.0,0.0,22.0,0.0
110000.0,16000.0,0.0,24.0,0.0
98000.0,25000.0,0.0,22.0,1.0
110000.0,6000.0,0.0,24.0,0.0
44000.0,2000.0,0.0,24.0,1.0
98000.0,5000.0,1.0,24.0,1.0
50252.0,2000.0,1.0,23.0,0.0
34800.0,15000.0,1.0,22.0,1.0
35000.0,15000.0,0.0,25.0,1.0
110000.0,20000.0,0.0,23.0,0.0
110000.0,12000.0,0.0,24.0,0.0
110000.0,8000.0,0.0,25.0,0.0
29976.0,15000.0,0.0,23.0,1.0
36000.0,15000.0,0.0,21.0,1.0
36000.0,15000.0,1.0,23.0,1.0
36000.0,15000.0,0.0,25.0,1.0
98000.0,9000.0,0.0,22.0,1.0
110000.0,20000.0,0.0,22.0,0.0
36000.0,15000.0,0.0,26.0,1.0
36000.0,15000.0,0.0,23.0,1.0
98004.0,2500.0,0.0,24.0,1.0
110004.0,15000.0,0.0,25.0,0.0
110004.0,12000.0,0.0,26.0,0.0
36000.0,15000.0,0.0,22.0,1.0
30000.0,15000.0,1.0,22.0,1.0
110004.0,25000.0,0.0,24.0,0.0
110196.0,25000.0,0.0,22.0,0.0
28000.0,10000.0,0.0,24.0,0.0
110400.0,3000.0,0.0,24.0,0.0
110500.0,12250.0,0.0,22.0,0.0
98656.0,7500.0,1.0,22.0,1.0
111000.0,28000.0,0.0,21.0,0.0
111000.0,5000.0,0.0,26.0,0.0
28000.0,4000.0,0.0,21.0,0.0
37000.0,15000.0,0.0,22.0,1.0
111000.0,8350.0,0.0,23.0,0.0
111147.0,15000.0,1.0,26.0,0.0
28000.0,1250.0,0.0,23.0,0.0
111150.0,10000.0,0.0,23.0,0.0
111239.0,14000.0,0.0,24.0,0.0
111262.0,20000.0,0.0,25.0,0.0
37818.0,15000.0,0.0,25.0,1.0
32000.0,15000.0,1.0,21.0,1.0
38000.0,15000.0,0.0,22.0,1.0
38000.0,15000.0,1.0,25.0,1.0
111996.0,16000.0,1.0,25.0,0.0
112000.0,20400.0,0.0,24.0,0.0
38400.0,15000.0,0.0,23.0,1.0
112000.0,4000.0,0.0,22.0,0.0
39000.0,15000.0,0.0,24.0,1.0
112000.0,6000.0,0.0,24.0,0.0
39996.0,15000.0,1.0,26.0,1.0
112000.0,16000.0,0.0,25.0,0.0
112000.0,12000.0,0.0,23.0,0.0
112000.0,3500.0,0.0,24.0,0.0
40000.0,15000.0,0.0,21.0,1.0
112000.0,3000.0,0.0,24.0,0.0
112000.0,20000.0,0.0,24.0,0.0
40000.0,15000.0,0.0,23.0,1.0
112000.0,15000.0,0.0,24.0,0.0
34000.0,15000.0,0.0,23.0,1.0
40000.0,15000.0,0.0,26.0,1.0
112000.0,9000.0,0.0,24.0,0.0
85000.0,2750.0,0.0,26.0,1.0
100000.0,9000.0,0.0,25.0,1.0
40000.0,15000.0,0.0,23.0,1.0
40000.0,15000.0,0.0,24.0,1.0
112404.0,6000.0,1.0,23.0,0.0
40000.0,15000.0,1.0,26.0,1.0
112500.0,8600.0,1.0,24.0,0.0
112500.0,18000.0,0.0,25.0,0.0
40000.0,15000.0,0.0,23.0,1.0
40000.0,15000.0,1.0,24.0,1.0
112689.0,24000.0,0.0,24.0,0.0
112774.0,6400.0,1.0,22.0,0.0
112976.0,20000.0,0.0,23.0,0.0
34988.0,15000.0,0.0,26.0,1.0
113000.0,22400.0,0.0,23.0,0.0
27600.0,1000.0,1.0,21.0,0.0
113000.0,21000.0,0.0,25.0,0.0
113000.0,17950.0,0.0,24.0,0.0
41000.0,15000.0,0.0,22.0,1.0
85850.0,12000.0,1.0,24.0,1.0
113000.0,12000.0,0.0,23.0,0.0
113000.0,8000.0,0.0,23.0,0.0
113000.0,25000.0,0.0,22.0,0.0
113000.0,2100.0,0.0,24.0,0.0
42000.0,15000.0,0.0,23.0,1.0
101000.0,25000.0,0.0,26.0,1.0
113135.0,25000.0,0.0,25.0,0.0
113200.0,24250.0,0.0,23.0,0.0
113217.0,6000.0,0.0,24.0,0.0
113676.0,7200.0,0.0,24.0,0.0
113698.0,15000.0,0.0,23.0,0.0
42000.0,15000.0,0.0,23.0,1.0
114000.0,17325.0,0.0,23.0,0.0
27560.0,2800.0,0.0,22.0,0.0
114000.0,6000.0,0.0,23.0,0.0
42000.0,15000.0,0.0,24.0,1.0
114000.0,8000.0,0.0,23.0,0.0
36000.0,15000.0,1.0,25.0,1.0
114000.0,14400.0,0.0,26.0,0.0
42300.0,15000.0,0.0,24.0,1.0
102000.0,25000.0,1.0,25.0,1.0
114000.0,10000.0,0.0,25.0,0.0
114000.0,15000.0,0.0,24.0,0.0
27336.0,5500.0,0.0,25.0,0.0
36500.0,15000.0,0.0,23.0,1.0
114600.0,10000.0,0.0,23.0,0.0
114996.0,5000.0,0.0,25.0,0.0
27168.0,7500.0,0.0,24.0,0.0
102996.0,20000.0,1.0,25.0,1.0
114996.0,24000.0,0.0,26.0,0.0
115000.0,10000.0,0.0,23.0,0.0
115000.0,19000.0,0.0,25.0,0.0
115000.0,4000.0,0.0,25.0,0.0
43000.0,15000.0,0.0,22.0,1.0
115000.0,24000.0,0.0,23.0,0.0
43000.0,15000.0,0.0,22.0,1.0
37680.0,15000.0,0.0,24.0,1.0
115000.0,15000.0,0.0,24.0,0.0
38400.0,15000.0,0.0,25.0,1.0
115000.0,18000.0,0.0,25.0,0.0
115000.0,5000.0,0.0,23.0,0.0
115000.0,19000.0,1.0,25.0,0.0
45000.0,15000.0,0.0,23.0,1.0
115000.0,8000.0,0.0,23.0,0.0
115000.0,12000.0,0.0,22.0,0.0
115000.0,5600.0,0.0,23.0,0.0
115000.0,10000.0,0.0,23.0,0.0
115000.0,35000.0,1.0,24.0,0.0
115000.0,7600.0,0.0,25.0,0.0
45000.0,15000.0,0.0,23.0,1.0
103000.0,15000.0,0.0,22.0,1.0
45000.0,15000.0,0.0,26.0,1.0
45000.0,15000.0,0.0,22.0,1.0
39000.0,15000.0,0.0,23.0,1.0
45000.0,15000.0,0.0,26.0,1.0
115000.0,13600.0,0.0,22.0,0.0
115000.0,20000.0,1.0,25.0,0.0
115000.0,20000.0,0.0,25.0,0.0
115000.0,4000.0,0.0,25.0,0.0
115000.0,1500.0,0.0,24.0,0.0
115000.0,10000.0,0.0,24.0,0.0
45000.0,15000.0,0.0,25.0,1.0
115000.0,8000.0,0.0,24.0,0.0
115000.0,6000.0,0.0,26.0,0.0
39000.0,15000.0,1.0,26.0,1.0
103000.0,14000.0,0.0,26.0,1.0
115000.0,8000.0,1.0,25.0,0.0
39000.0,15000.0,0.0,23.0,1.0
45000.0,15000.0,0.0,23.0,1.0
115000.0,13000.0,0.0,23.0,0.0
115000.0,15000.0,1.0,26.0,0.0
115000.0,15000.0,0.0,24.0,0.0
39000.0,15000.0,0.0,26.0,1.0
115000.0,20000.0,1.0,26.0,0.0
115000.0,25000.0,1.0,25.0,0.0
115000.0,20000.0,0.0,21.0,0.0
39000.0,15000.0,0.0,25.0,1.0
115200.0,14000.0,0.0,25.0,0.0
115200.0,4500.0,1.0,26.0,0.0
46890.0,15000.0,1.0,26.0,1.0
115500.0,3200.0,0.0,24.0,0.0
47000.0,15000.0,0.0,26.0,1.0
115500.0,10000.0,0.0,24.0,0.0
115600.0,9925.0,0.0,26.0,0.0
115731.0,9625.0,0.0,20.0,0.0
115731.0,7200.0,0.0,25.0,0.0
115800.0,12000.0,0.0,24.0,0.0
47000.0,15000.0,0.0,24.0,1.0
116000.0,35000.0,1.0,25.0,0.0
116000.0,15825.0,1.0,23.0,0.0
116000.0,12000.0,0.0,22.0,0.0
47000.0,15000.0,0.0,23.0,1.0
31000.0,1800.0,0.0,25.0,0.0
116000.0,19950.0,0.0,25.0,0.0
116004.0,14000.0,0.0,23.0,0.0
33000.0,1800.0,0.0,22.0,0.0
116004.0,20000.0,0.0,26.0,0.0
33195.0,1800.0,0.0,23.0,0.0
26400.0,3000.0,0.0,24.0,0.0
33660.0,1800.0,0.0,24.0,0.0
34000.0,1800.0,0.0,21.0,0.0
116700.0,6000.0,0.0,22.0,0.0
35000.0,1800.0,0.0,23.0,0.0
104736.0,25000.0,1.0,23.0,1.0
26400.0,9600.0,0.0,24.0,0.0
35000.0,1800.0,0.0,24.0,0.0
26400.0,3000.0,0.0,21.0,0.0
35000.0,1800.0,0.0,26.0,0.0
117000.0,11000.0,0.0,22.0,0.0
30000.0,1800.0,0.0,25.0,1.0
117000.0,4800.0,0.0,21.0,0.0
26400.0,8000.0,0.0,26.0,0.0
117000.0,7200.0,0.0,26.0,0.0
117000.0,3700.0,0.0,23.0,0.0
117000.0,6000.0,0.0,26.0,0.0
89250.0,25000.0,0.0,22.0,1.0
117000.0,14000.0,1.0,23.0,0.0
26400.0,7300.0,1.0,22.0,0.0
37500.0,1800.0,0.0,23.0,0.0
117000.0,7500.0,0.0,22.0,0.0
117014.0,8400.0,0.0,25.0,0.0
117696.0,15000.0,0.0,23.0,0.0
117996.0,18000.0,1.0,24.0,0.0
118000.0,28000.0,0.0,24.0,0.0
118000.0,25000.0,0.0,26.0,0.0
40000.0,1800.0,1.0,26.0,0.0
118000.0,5000.0,0.0,24.0,0.0
118000.0,15000.0,0.0,25.0,0.0
118000.0,25000.0,0.0,25.0,0.0
118000.0,12000.0,0.0,23.0,0.0
47000.0,15000.0,1.0,23.0,1.0
118000.0,14000.0,0.0,21.0,0.0
118000.0,2000.0,0.0,25.0,0.0
118189.0,25000.0,0.0,25.0,0.0
48000.0,15000.0,0.0,22.0,1.0
118812.0,15000.0,0.0,22.0,0.0
42000.0,15000.0,0.0,24.0,1.0
119000.0,35000.0,0.0,22.0,0.0
107000.0,24000.0,1.0,22.0,1.0
42000.0,15000.0,0.0,22.0,1.0
48000.0,15000.0,0.0,23.0,1.0
119000.0,9000.0,0.0,26.0,0.0
119000.0,15000.0,0.0,26.0,0.0
119496.0,12000.0,0.0,23.0,0.0
119500.0,24000.0,0.0,23.0,0.0
119500.0,3500.0,0.0,24.0,0.0
26000.0,7100.0,0.0,22.0,0.0
120000.0,10000.0,0.0,25.0,0.0
48000.0,15000.0,0.0,23.0,1.0
48000.0,15000.0,0.0,22.0,1.0
48000.0,15000.0,0.0,21.0,1.0
120000.0,10000.0,0.0,24.0,0.0
120000.0,23000.0,0.0,26.0,0.0
48000.0,15000.0,0.0,22.0,1.0
120000.0,20000.0,0.0,24.0,0.0
120000.0,4400.0,0.0,23.0,0.0
48800.0,15000.0,0.0,23.0,1.0
43000.0,15000.0,0.0,25.0,1.0
49000.0,15000.0,0.0,25.0,1.0
49812.0,15000.0,0.0,24.0,0.0
120000.0,3000.0,1.0,25.0,0.0
120000.0,8000.0,0.0,22.0,0.0
120000.0,8900.0,0.0,22.0,0.0
50000.0,15000.0,0.0,22.0,0.0
120000.0,21000.0,0.0,25.0,0.0
120000.0,28000.0,0.0,25.0,0.0
120000.0,2400.0,0.0,23.0,0.0
120000.0,15000.0,0.0,25.0,0.0
50000.0,15000.0,0.0,26.0,0.0
50000.0,15000.0,1.0,24.0,0.0
120000.0,10000.0,0.0,25.0,0.0
25920.0,3250.0,1.0,24.0,0.0
120000.0,10000.0,0.0,23.0,0.0
120000.0,4000.0,0.0,23.0,0.0
25899.0,6250.0,0.0,22.0,0.0
120000.0,5000.0,0.0,23.0,0.0
120000.0,7000.0,0.0,24.0,0.0
120000.0,5000.0,0.0,25.0,0.0
120000.0,5600.0,1.0,26.0,0.0
120000.0,8500.0,0.0,23.0,0.0
44000.0,15000.0,0.0,22.0,1.0
120000.0,30000.0,0.0,23.0,0.0
120000.0,16800.0,0.0,22.0,0.0
120000.0,10000.0,0.0,26.0,0.0
50000.0,15000.0,0.0,23.0,0.0
91800.0,10000.0,0.0,24.0,1.0
108000.0,15000.0,0.0,26.0,1.0
120000.0,21000.0,0.0,25.0,0.0
120000.0,12000.0,0.0,23.0,0.0
120000.0,10000.0,0.0,25.0,0.0
120000.0,5000.0,0.0,22.0,0.0
120000.0,20000.0,0.0,24.0,0.0
120000.0,5275.0,0.0,24.0,0.0
120000.0,6000.0,0.0,23.0,0.0
50000.0,15000.0,0.0,23.0,0.0
120000.0,12000.0,0.0,22.0,0.0
120000.0,16000.0,0.0,24.0,0.0
50000.0,15000.0,0.0,23.0,0.0
91800.0,5000.0,0.0,24.0,1.0
120000.0,6000.0,0.0,23.0,0.0
44000.0,15000.0,0.0,25.0,1.0
50000.0,15000.0,0.0,24.0,0.0
120000.0,4800.0,0.0,24.0,0.0
120000.0,20000.0,1.0,24.0,0.0
120000.0,3600.0,0.0,23.0,0.0
120000.0,22000.0,0.0,22.0,0.0
120000.0,3750.0,0.0,23.0,0.0
120000.0,13000.0,0.0,26.0,0.0
120000.0,14500.0,0.0,25.0,0.0
120000.0,5000.0,1.0,26.0,0.0
120000.0,8000.0,0.0,26.0,0.0
120000.0,10000.0,0.0,25.0,0.0
50004.0,15000.0,1.0,26.0,0.0
50004.0,15000.0,1.0,22.0,0.0
120000.0,14000.0,0.0,24.0,0.0
44172.0,15000.0,0.0,22.0,1.0
50400.0,15000.0,0.0,26.0,0.0
120000.0,28000.0,0.0,25.0,0.0
50500.0,15000.0,0.0,25.0,0.0
120000.0,10000.0,0.0,25.0,0.0
120000.0,10000.0,0.0,26.0,0.0
120000.0,17400.0,0.0,22.0,0.0
51000.0,15000.0,0.0,22.0,0.0
120000.0,6000.0,0.0,23.0,0.0
25000.0,6000.0,0.0,25.0,0.0
51000.0,15000.0,0.0,24.0,0.0
120000.0,24250.0,1.0,23.0,0.0
51000.0,15000.0,1.0,25.0,0.0
120000.0,16000.0,0.0,23.0,0.0
120000.0,15000.0,0.0,24.0,0.0
120000.0,13000.0,0.0,25.0,0.0
91800.0,10000.0,1.0,26.0,1.0
51500.0,15000.0,0.0,24.0,0.0
51996.0,15000.0,0.0,24.0,0.0
120000.0,10000.0,0.0,26.0,0.0
120000.0,8400.0,1.0,24.0,0.0
46000.0,15000.0,0.0,23.0,1.0
52000.0,15000.0,0.0,23.0,0.0
120000.0,25000.0,1.0,24.0,0.0
52000.0,15000.0,0.0,25.0,0.0
120000.0,25000.0,0.0,25.0,0.0
120000.0,4000.0,0.0,25.0,0.0
52500.0,15000.0,0.0,22.0,0.0
120000.0,9500.0,0.0,25.0,0.0
120000.0,3000.0,0.0,24.0,0.0
120000.0,6000.0,0.0,23.0,0.0
120000.0,8000.0,1.0,23.0,0.0
91800.0,15000.0,1.0,24.0,1.0
52596.0,15000.0,0.0,22.0,0.0
120000.0,4600.0,0.0,26.0,0.0
120000.0,10000.0,0.0,23.0,0.0
120000.0,4000.0,0.0,26.0,0.0
120000.0,10000.0,0.0,23.0,0.0
120000.0,4900.0,0.0,23.0,0.0
23000.0,1600.0,0.0,24.0,0.0
25000.0,1600.0,0.0,25.0,0.0
120000.0,12000.0,0.0,24.0,0.0
25000.0,1600.0,0.0,25.0,0.0
25000.0,1600.0,0.0,24.0,0.0
26000.0,1600.0,1.0,23.0,1.0
120000.0,6000.0,0.0,25.0,0.0
120000.0,10000.0,1.0,26.0,0.0
26880.0,1600.0,0.0,22.0,0.0
28150.0,1600.0,0.0,22.0,0.0
28800.0,1600.0,0.0,25.0,0.0
29124.0,1600.0,0.0,23.0,0.0
120000.0,10000.0,0.0,26.0,0.0
120000.0,15000.0,1.0,26.0,0.0
30000.0,1600.0,0.0,25.0,0.0
91800.0,16000.0,0.0,24.0,1.0
120000.0,15000.0,0.0,21.0,0.0
31000.0,1600.0,0.0,22.0,0.0
120000.0,20000.0,0.0,26.0,0.0
120000.0,25000.0,0.0,23.0,0.0
120000.0,21000.0,1.0,24.0,0.0
25000.0,17500.0,0.0,25.0,0.0
25000.0,5000.0,0.0,26.0,0.0
29000.0,1600.0,0.0,23.0,1.0
37500.0,1600.0,1.0,24.0,0.0
32000.0,1600.0,1.0,26.0,1.0
120000.0,14000.0,0.0,23.0,0.0
25000.0,2000.0,0.0,25.0,0.0
25000.0,13000.0,0.0,22.0,0.0
120000.0,17000.0,0.0,23.0,0.0
32400.0,1600.0,0.0,24.0,1.0
120000.0,18000.0,0.0,22.0,0.0
120000.0,16000.0,0.0,26.0,0.0
120000.0,9600.0,1.0,22.0,0.0
120000.0,20000.0,1.0,26.0,0.0
120000.0,25000.0,0.0,24.0,0.0
25000.0,8000.0,0.0,23.0,0.0
120000.0,20000.0,1.0,26.0,0.0
45000.0,1600.0,0.0,23.0,0.0
48000.0,1600.0,0.0,23.0,0.0
120000.0,15200.0,0.0,24.0,0.0
48000.0,1600.0,0.0,22.0,0.0
108000.0,18000.0,0.0,23.0,1.0
53616.0,1600.0,0.0,23.0,0.0
120000.0,20000.0,0.0,23.0,0.0
120000.0,16000.0,0.0,24.0,0.0
51000.0,1600.0,0.0,21.0,1.0
60000.0,1600.0,1.0,23.0,0.0
54000.0,1600.0,0.0,21.0,1.0
62000.0,1600.0,1.0,24.0,0.0
120000.0,20000.0,0.0,25.0,0.0
108000.0,25000.0,1.0,24.0,1.0
120000.0,25000.0,0.0,26.0,0.0
120000.0,23000.0,0.0,23.0,0.0
120000.0,25000.0,0.0,26.0,0.0
120000.0,9500.0,1.0,24.0,0.0
120000.0,3000.0,0.0,25.0,0.0
70000.0,1600.0,0.0,23.0,0.0
82000.0,1600.0,0.0,22.0,0.0
24996.0,13000.0,0.0,22.0,0.0
120456.0,20000.0,1.0,22.0,0.0
24996.0,5000.0,0.0,21.0,0.0
34480.0,1550.0,1.0,22.0,0.0
120775.0,15000.0,0.0,25.0,0.0
26989.0,1525.0,1.0,26.0,0.0
121000.0,13600.0,0.0,25.0,0.0
121000.0,3600.0,0.0,23.0,0.0
121000.0,20400.0,0.0,24.0,0.0
12000.0,1500.0,0.0,22.0,0.0
121000.0,3600.0,0.0,25.0,0.0
14088.0,1500.0,0.0,23.0,0.0
121680.0,15000.0,0.0,25.0,0.0
14400.0,1500.0,1.0,25.0,1.0
122000.0,16000.0,0.0,23.0,0.0
110000.0,12000.0,0.0,25.0,1.0
24744.0,5000.0,0.0,22.0,0.0
122000.0,6000.0,0.0,22.0,0.0
122000.0,35000.0,1.0,25.0,0.0
122000.0,12000.0,0.0,23.0,0.0
24600.0,4750.0,0.0,22.0,0.0
122000.0,20000.0,1.0,25.0,0.0
14400.0,1500.0,0.0,26.0,0.0
15600.0,1500.0,0.0,21.0,0.0
122000.0,6000.0,0.0,26.0,0.0
122000.0,10000.0,0.0,25.0,0.0
122000.0,10000.0,0.0,25.0,0.0
122004.0,11200.0,0.0,23.0,0.0
16200.0,1500.0,0.0,25.0,0.0
17000.0,1500.0,0.0,21.0,1.0
94102.0,8475.0,0.0,24.0,1.0
18000.0,1500.0,0.0,22.0,1.0
123000.0,8000.0,0.0,24.0,0.0
123000.0,7000.0,0.0,22.0,0.0
123000.0,4750.0,0.0,24.0,0.0
18000.0,1500.0,1.0,21.0,0.0
18000.0,1500.0,0.0,26.0,0.0
18000.0,1500.0,1.0,21.0,0.0
111917.0,25000.0,0.0,26.0,1.0
123996.0,2000.0,0.0,26.0,0.0
123996.0,10000.0,0.0,25.0,0.0
124000.0,16000.0,0.0,23.0,0.0
18000.0,1500.0,0.0,21.0,1.0
18700.0,1500.0,0.0,26.0,0.0
124000.0,12000.0,0.0,24.0,0.0
24000.0,8000.0,0.0,22.0,0.0
112000.0,20000.0,0.0,26.0,1.0
124500.0,6000.0,0.0,26.0,0.0
124726.0,15000.0,0.0,26.0,0.0
124800.0,5000.0,0.0,23.0,0.0
112800.0,16000.0,1.0,21.0,1.0
24000.0,6000.0,1.0,23.0,0.0
24000.0,5000.0,0.0,23.0,0.0
125000.0,35000.0,0.0,23.0,0.0
125000.0,20000.0,0.0,25.0,0.0
125000.0,15000.0,0.0,25.0,0.0
20004.0,1500.0,0.0,23.0,0.0
24000.0,6000.0,0.0,25.0,0.0
125000.0,30000.0,0.0,25.0,0.0
20160.0,1500.0,0.0,24.0,0.0
21216.0,1500.0,0.0,22.0,0.0
125000.0,12000.0,0.0,25.0,0.0
24000.0,4200.0,1.0,22.0,0.0
23004.0,1500.0,0.0,24.0,0.0
24000.0,1500.0,1.0,22.0,1.0
125000.0,28000.0,0.0,24.0,0.0
24000.0,1500.0,1.0,26.0,1.0
24000.0,1500.0,0.0,23.0,0.0
96050.0,35000.0,0.0,25.0,1.0
125000.0,10000.0,0.0,25.0,0.0
24000.0,1500.0,1.0,21.0,0.0
25000.0,1500.0,0.0,26.0,1.0
125000.0,25000.0,0.0,25.0,0.0
25200.0,1500.0,1.0,26.0,0.0
125000.0,6000.0,0.0,26.0,0.0
125000.0,10200.0,0.0,26.0,0.0
26400.0,1500.0,0.0,22.0,0.0
125000.0,15000.0,0.0,24.0,0.0
125000.0,6000.0,0.0,21.0,0.0
125000.0,25000.0,0.0,24.0,0.0
53000.0,15000.0,1.0,25.0,0.0
113000.0,5000.0,1.0,25.0,1.0
113000.0,12000.0,0.0,26.0,1.0
53307.0,15000.0,0.0,26.0,0.0
125000.0,12000.0,0.0,25.0,0.0
53500.0,15000.0,0.0,23.0,0.0
48000.0,15000.0,1.0,26.0,1.0
48000.0,15000.0,1.0,25.0,1.0
125000.0,24000.0,1.0,26.0,0.0
48996.0,15000.0,0.0,23.0,1.0
54996.0,15000.0,0.0,23.0,0.0
125000.0,10000.0,0.0,23.0,0.0
54996.0,15000.0,0.0,24.0,0.0
125000.0,25000.0,0.0,25.0,0.0
55000.0,15000.0,0.0,26.0,0.0
125000.0,12000.0,0.0,25.0,0.0
113000.0,10000.0,0.0,23.0,1.0
49000.0,15000.0,0.0,22.0,1.0
125000.0,15000.0,1.0,26.0,0.0
125000.0,20000.0,0.0,26.0,0.0
125000.0,10000.0,0.0,24.0,0.0
24000.0,6400.0,0.0,24.0,0.0
55000.0,15000.0,0.0,22.0,0.0
125000.0,10000.0,0.0,21.0,0.0
49200.0,15000.0,1.0,24.0,1.0
24000.0,5000.0,0.0,22.0,0.0
125000.0,7400.0,0.0,26.0,0.0
55315.0,15000.0,0.0,25.0,0.0
49700.0,15000.0,0.0,24.0,1.0
96050.0,15000.0,0.0,23.0,1.0
24000.0,3000.0,0.0,22.0,0.0
125000.0,16000.0,0.0,26.0,0.0
113000.0,19750.0,0.0,23.0,1.0
50000.0,15000.0,1.0,21.0,1.0
56000.0,15000.0,0.0,24.0,0.0
125000.0,8000.0,0.0,25.0,0.0
125000.0,14000.0,0.0,25.0,0.0
125000.0,7500.0,0.0,23.0,0.0
125000.0,9600.0,0.0,26.0,0.0
24000.0,7000.0,0.0,23.0,0.0
57000.0,15000.0,0.0,25.0,0.0
24000.0,6000.0,0.0,22.0,0.0
125004.0,30000.0,0.0,22.0,0.0
125004.0,15000.0,0.0,25.0,0.0
125004.0,10000.0,0.0,22.0,0.0
125555.0,9000.0,0.0,22.0,0.0
126000.0,15000.0,0.0,25.0,0.0
126000.0,3600.0,0.0,22.0,0.0
114000.0,6000.0,0.0,26.0,1.0
53000.0,15000.0,0.0,24.0,1.0
126000.0,11000.0,0.0,26.0,0.0
24000.0,7000.0,0.0,23.0,0.0
126000.0,24000.0,0.0,22.0,0.0
24000.0,2500.0,0.0,26.0,0.0
126000.0,7500.0,0.0,26.0,0.0
60000.0,15000.0,0.0,22.0,0.0
97583.0,6950.0,0.0,23.0,1.0
126996.0,11000.0,0.0,23.0,0.0
127000.0,6000.0,0.0,25.0,0.0
127000.0,6000.0,0.0,26.0,0.0
97750.0,24000.0,1.0,24.0,1.0
97750.0,20000.0,1.0,25.0,1.0
115000.0,12000.0,0.0,24.0,1.0
127500.0,10000.0,0.0,26.0,0.0
127500.0,15000.0,0.0,22.0,0.0
54000.0,15000.0,0.0,23.0,1.0
127500.0,24250.0,1.0,26.0,0.0
127741.0,12000.0,0.0,25.0,0.0
127992.0,26000.0,1.0,26.0,0.0
128000.0,35000.0,0.0,26.0,0.0
128000.0,12000.0,0.0,24.0,0.0
60000.0,15000.0,0.0,26.0,0.0
128000.0,6000.0,0.0,23.0,0.0
128000.0,4800.0,1.0,23.0,0.0
128000.0,21600.0,0.0,22.0,0.0
128000.0,3000.0,1.0,23.0,0.0
128474.0,30000.0,0.0,22.0,0.0
128500.0,15000.0,1.0,25.0,0.0
128600.0,28000.0,0.0,25.0,0.0
60000.0,15000.0,0.0,22.0,0.0
129600.0,13500.0,0.0,23.0,0.0
129600.0,3000.0,0.0,25.0,0.0
129996.0,30000.0,0.0,23.0,0.0
129996.0,7500.0,0.0,25.0,0.0
60000.0,15000.0,0.0,24.0,0.0
60000.0,15000.0,0.0,22.0,0.0
60000.0,15000.0,0.0,25.0,0.0
130000.0,3000.0,0.0,22.0,0.0
60000.0,15000.0,0.0,23.0,0.0
130000.0,3000.0,1.0,26.0,0.0
60000.0,15000.0,0.0,24.0,0.0
130000.0,6000.0,0.0,24.0,0.0
60000.0,15000.0,1.0,22.0,0.0
130000.0,10000.0,0.0,26.0,0.0
130000.0,35000.0,1.0,26.0,0.0
130000.0,5000.0,0.0,24.0,0.0
130000.0,18000.0,0.0,26.0,0.0
130000.0,6500.0,1.0,26.0,0.0
130000.0,7000.0,0.0,24.0,0.0
60000.0,15000.0,1.0,24.0,0.0
130000.0,8600.0,0.0,26.0,0.0
60000.0,15000.0,1.0,23.0,0.0
60000.0,15000.0,0.0,24.0,0.0
130000.0,6000.0,0.0,24.0,0.0
130000.0,8000.0,0.0,25.0,0.0
60000.0,15000.0,0.0,23.0,0.0
130000.0,15000.0,1.0,23.0,0.0
130000.0,15000.0,0.0,25.0,0.0
130000.0,3000.0,0.0,25.0,0.0
130000.0,6800.0,0.0,23.0,0.0
130000.0,5000.0,1.0,23.0,0.0
60132.0,15000.0,0.0,22.0,0.0
54225.0,15000.0,1.0,22.0,1.0
60480.0,15000.0,0.0,23.0,0.0
130000.0,5000.0,0.0,23.0,0.0
100300.0,30000.0,1.0,24.0,1.0
130000.0,6000.0,0.0,23.0,0.0
130000.0,25000.0,0.0,24.0,0.0
130000.0,6325.0,0.0,25.0,0.0
55000.0,15000.0,1.0,22.0,1.0
61100.0,15000.0,0.0,24.0,0.0
130000.0,25000.0,0.0,23.0,0.0
130000.0,15000.0,0.0,24.0,0.0
130000.0,12000.0,0.0,25.0,0.0
61284.0,15000.0,1.0,24.0,0.0
130000.0,13000.0,0.0,24.0,0.0
130000.0,20000.0,0.0,25.0,0.0
130000.0,4000.0,0.0,26.0,0.0
130000.0,25000.0,0.0,25.0,0.0
56000.0,15000.0,0.0,23.0,1.0
130000.0,10000.0,0.0,23.0,0.0
130000.0,20000.0,0.0,23.0,0.0
56000.0,15000.0,0.0,21.0,1.0
62004.0,15000.0,0.0,21.0,0.0
130000.0,25000.0,0.0,24.0,0.0
130000.0,15000.0,1.0,24.0,0.0
130000.0,24250.0,0.0,22.0,0.0
62280.0,15000.0,0.0,25.0,0.0
130000.0,25000.0,0.0,24.0,0.0
130000.0,22600.0,1.0,23.0,0.0
22800.0,9000.0,0.0,22.0,0.0
130000.0,25000.0,0.0,22.0,0.0
130000.0,13000.0,0.0,22.0,0.0
130000.0,19400.0,1.0,25.0,0.0
62400.0,15000.0,0.0,24.0,0.0
130000.0,15000.0,1.0,23.0,0.0
130000.0,13000.0,0.0,22.0,0.0
130000.0,21000.0,0.0,25.0,0.0
130000.0,15000.0,0.0,25.0,0.0
130000.0,7000.0,0.0,26.0,0.0
58000.0,15000.0,0.0,25.0,1.0
130000.0,1250.0,0.0,24.0,0.0
130000.0,20000.0,0.0,24.0,0.0
130000.0,5000.0,0.0,26.0,0.0
130008.0,9000.0,0.0,23.0,0.0
130104.0,24000.0,0.0,23.0,0.0
130208.0,20000.0,1.0,23.0,0.0
130920.0,15000.0,0.0,22.0,0.0
130992.0,6000.0,0.0,23.0,0.0
65000.0,15000.0,0.0,21.0,0.0
22440.0,4750.0,0.0,26.0,0.0
131000.0,7500.0,0.0,25.0,0.0
131004.0,24000.0,0.0,24.0,0.0
22320.0,1000.0,0.0,24.0,1.0
22300.0,7500.0,0.0,23.0,0.0
132000.0,2000.0,0.0,26.0,0.0
59000.0,15000.0,1.0,24.0,1.0
132000.0,10200.0,0.0,26.0,0.0
132000.0,15000.0,0.0,23.0,0.0
65000.0,15000.0,0.0,25.0,0.0
132000.0,14000.0,1.0,24.0,0.0
59000.0,15000.0,0.0,25.0,1.0
132000.0,11200.0,0.0,26.0,0.0
65000.0,15000.0,0.0,26.0,0.0
132000.0,10000.0,0.0,22.0,0.0
132000.0,9600.0,0.0,23.0,0.0
65000.0,15000.0,0.0,24.0,0.0
59000.0,15000.0,0.0,25.0,1.0
120000.0,25000.0,0.0,25.0,1.0
65000.0,15000.0,0.0,23.0,0.0
132000.0,9000.0,1.0,23.0,0.0
132132.0,28000.0,0.0,24.0,0.0
65000.0,15000.0,0.0,23.0,0.0
65000.0,15000.0,0.0,22.0,0.0
132500.0,12000.0,0.0,26.0,0.0
65000.0,15000.0,0.0,24.0,0.0
65000.0,15000.0,0.0,23.0,0.0
132652.0,28000.0,0.0,24.0,0.0
132750.0,12000.0,0.0,26.0,0.0
133000.0,3000.0,0.0,24.0,0.0
133000.0,4000.0,0.0,24.0,0.0
103044.0,11600.0,1.0,24.0,1.0
65000.0,15000.0,0.0,25.0,0.0
65000.0,15000.0,0.0,25.0,0.0
134000.0,30000.0,1.0,26.0,0.0
59004.0,15000.0,0.0,25.0,1.0
65004.0,15000.0,0.0,22.0,0.0
134400.0,10000.0,0.0,26.0,0.0
134748.0,25000.0,0.0,25.0,0.0
60000.0,15000.0,0.0,23.0,1.0
66500.0,15000.0,0.0,24.0,0.0
135000.0,21000.0,0.0,24.0,0.0
135000.0,15000.0,1.0,20.0,0.0
135000.0,8800.0,0.0,24.0,0.0
135000.0,6700.0,0.0,26.0,0.0
135000.0,10000.0,1.0,25.0,0.0
135000.0,5225.0,0.0,24.0,0.0
135000.0,25000.0,0.0,24.0,0.0
135000.0,24000.0,0.0,26.0,0.0
135000.0,12500.0,0.0,23.0,0.0
135000.0,6000.0,0.0,24.0,0.0
135000.0,21000.0,0.0,24.0,0.0
21600.0,5000.0,0.0,22.0,0.0
135000.0,16000.0,0.0,23.0,0.0
135000.0,17000.0,0.0,24.0,0.0
68000.0,15000.0,0.0,22.0,0.0
104550.0,24000.0,1.0,26.0,1.0
135000.0,21000.0,0.0,24.0,0.0
104550.0,15000.0,0.0,26.0,1.0
69000.0,15000.0,0.0,23.0,0.0
69000.0,15000.0,0.0,21.0,0.0
135000.0,25000.0,1.0,25.0,0.0
135000.0,20000.0,1.0,25.0,0.0
69400.0,15000.0,0.0,24.0,0.0
69996.0,15000.0,1.0,23.0,0.0
123000.0,24250.0,1.0,24.0,1.0
135000.0,10000.0,0.0,23.0,0.0
69996.0,15000.0,0.0,23.0,0.0
135000.0,10800.0,0.0,22.0,0.0
70000.0,15000.0,0.0,25.0,0.0
135000.0,12000.0,0.0,24.0,0.0
136000.0,9800.0,1.0,23.0,0.0
70000.0,15000.0,0.0,21.0,0.0
136000.0,8000.0,0.0,25.0,0.0
70000.0,15000.0,1.0,26.0,0.0
105400.0,24000.0,0.0,26.0,1.0
136000.0,8000.0,0.0,23.0,0.0
137000.0,21500.0,0.0,26.0,0.0
70000.0,15000.0,0.0,25.0,0.0
137000.0,25000.0,0.0,22.0,0.0
137000.0,3500.0,0.0,26.0,0.0
137000.0,11400.0,0.0,23.0,0.0
137004.0,10000.0,0.0,22.0,0.0
64000.0,15000.0,1.0,25.0,1.0
138000.0,7500.0,0.0,26.0,0.0
138000.0,8000.0,0.0,25.0,0.0
70204.0,15000.0,1.0,22.0,0.0
70500.0,15000.0,0.0,21.0,0.0
138000.0,16500.0,0.0,24.0,0.0
138000.0,2700.0,0.0,23.0,0.0
138000.0,5000.0,0.0,25.0,0.0
138000.0,9000.0,0.0,25.0,0.0
126996.0,5000.0,1.0,25.0,1.0
21000.0,7500.0,0.0,23.0,0.0
21000.0,6000.0,0.0,23.0,0.0
65000.0,15000.0,1.0,24.0,1.0
140000.0,16400.0,1.0,23.0,0.0
128000.0,18000.0,1.0,24.0,1.0
140000.0,8000.0,0.0,25.0,0.0
140000.0,18000.0,0.0,21.0,0.0
140000.0,12000.0,0.0,23.0,0.0
72000.0,15000.0,0.0,25.0,0.0
72000.0,15000.0,0.0,26.0,0.0
66000.0,15000.0,0.0,26.0,1.0
72000.0,15000.0,0.0,25.0,0.0
140000.0,12000.0,0.0,23.0,0.0
140000.0,12000.0,0.0,23.0,0.0
72000.0,15000.0,0.0,22.0,0.0
72000.0,15000.0,0.0,24.0,0.0
140000.0,10000.0,0.0,22.0,0.0
140000.0,4475.0,0.0,24.0,0.0
21000.0,8000.0,1.0,26.0,0.0
140000.0,35000.0,0.0,25.0,0.0
56525.0,15000.0,0.0,23.0,1.0
140000.0,6000.0,1.0,23.0,0.0
140000.0,3500.0,0.0,23.0,0.0
73500.0,15000.0,1.0,24.0,0.0
73500.0,15000.0,0.0,23.0,0.0
140000.0,25000.0,0.0,24.0,0.0
140000.0,20000.0,0.0,24.0,0.0
140000.0,20000.0,0.0,22.0,0.0
140000.0,25000.0,0.0,24.0,0.0
140000.0,22000.0,0.0,25.0,0.0
74424.0,15000.0,1.0,23.0,0.0
140000.0,16000.0,0.0,24.0,0.0
140000.0,15000.0,1.0,23.0,0.0
75000.0,15000.0,0.0,24.0,0.0
140000.0,4800.0,0.0,25.0,0.0
140000.0,13050.0,1.0,26.0,0.0
140000.0,24250.0,0.0,26.0,0.0
69000.0,15000.0,1.0,21.0,1.0
75000.0,15000.0,0.0,21.0,0.0
58650.0,15000.0,1.0,23.0,1.0
128000.0,10000.0,0.0,25.0,1.0
20004.0,2500.0,0.0,21.0,0.0
108803.0,10000.0,0.0,22.0,1.0
140004.0,4000.0,0.0,24.0,0.0
75000.0,15000.0,0.0,23.0,0.0
140004.0,4500.0,0.0,25.0,0.0
140300.0,6000.0,0.0,24.0,0.0
141000.0,10000.0,0.0,24.0,0.0
141000.0,10000.0,0.0,24.0,0.0
141000.0,12000.0,0.0,24.0,0.0
141996.0,14000.0,0.0,25.0,0.0
142000.0,7500.0,0.0,24.0,0.0
69000.0,15000.0,1.0,25.0,1.0
143123.0,4000.0,0.0,24.0,0.0
143375.0,12000.0,0.0,26.0,0.0
132000.0,1500.0,0.0,24.0,1.0
144000.0,10000.0,0.0,23.0,0.0
144000.0,12000.0,0.0,26.0,0.0
144000.0,6800.0,0.0,23.0,0.0
144000.0,14700.0,0.0,24.0,0.0
75531.0,15000.0,0.0,26.0,0.0
144000.0,14400.0,0.0,24.0,0.0
76000.0,15000.0,0.0,23.0,0.0
76000.0,15000.0,0.0,26.0,0.0
144996.0,25000.0,1.0,25.0,0.0
145000.0,10000.0,0.0,23.0,0.0
77000.0,15000.0,0.0,23.0,0.0
145000.0,7000.0,0.0,24.0,0.0
20000.0,3000.0,0.0,24.0,0.0
145000.0,14000.0,0.0,26.0,0.0
145000.0,12000.0,0.0,24.0,0.0
145000.0,8000.0,0.0,25.0,0.0
77368.0,15000.0,0.0,26.0,0.0
73000.0,15000.0,0.0,23.0,1.0
20000.0,3200.0,0.0,22.0,0.0
145000.0,12000.0,0.0,23.0,0.0
145000.0,12000.0,0.0,22.0,0.0
145000.0,14400.0,0.0,23.0,0.0
80000.0,15000.0,0.0,23.0,0.0
145000.0,12000.0,0.0,25.0,0.0
145000.0,25000.0,0.0,25.0,0.0
145000.0,20000.0,0.0,24.0,0.0
145000.0,20800.0,0.0,23.0,0.0
145000.0,11500.0,0.0,24.0,0.0
113050.0,9000.0,0.0,26.0,1.0
80000.0,15000.0,0.0,26.0,0.0
133000.0,3000.0,1.0,25.0,1.0
145000.0,7500.0,0.0,25.0,0.0
19800.0,6800.0,0.0,21.0,1.0
145008.0,5000.0,0.0,24.0,0.0
145596.0,4700.0,0.0,23.0,0.0
19764.0,4800.0,1.0,24.0,1.0
133900.0,7500.0,1.0,25.0,1.0
19500.0,5000.0,0.0,26.0,1.0
146000.0,4000.0,0.0,21.0,0.0
134000.0,25000.0,0.0,24.0,1.0
146990.0,28000.0,0.0,25.0,0.0
147000.0,24000.0,0.0,23.0,0.0
147000.0,4100.0,0.0,26.0,0.0
147000.0,25000.0,0.0,23.0,0.0
74000.0,15000.0,0.0,23.0,1.0
147996.0,7500.0,0.0,26.0,0.0
80004.0,15000.0,0.0,26.0,0.0
148000.0,15000.0,0.0,22.0,0.0
19200.0,2400.0,0.0,21.0,0.0
148000.0,4000.0,0.0,24.0,0.0
136000.0,25000.0,0.0,24.0,1.0
75000.0,15000.0,1.0,23.0,1.0
81960.0,15000.0,0.0,23.0,0.0
136112.0,15600.0,0.0,25.0,1.0
149385.0,7000.0,0.0,23.0,0.0
149400.0,7000.0,0.0,26.0,0.0
149981.0,25000.0,0.0,23.0,0.0
150000.0,14400.0,0.0,25.0,0.0
150000.0,20000.0,1.0,25.0,0.0
150000.0,7500.0,0.0,25.0,0.0
84000.0,15000.0,0.0,23.0,0.0
84000.0,15000.0,0.0,26.0,0.0
150000.0,8000.0,0.0,24.0,0.0
150000.0,35000.0,0.0,26.0,0.0
19200.0,3300.0,0.0,21.0,1.0
85000.0,15000.0,0.0,25.0,0.0
150000.0,10000.0,0.0,25.0,0.0
150000.0,25000.0,1.0,24.0,0.0
85000.0,15000.0,0.0,23.0,0.0
19200.0,4500.0,0.0,26.0,1.0
150000.0,30000.0,0.0,23.0,0.0
150000.0,5000.0,1.0,25.0,0.0
85000.0,15000.0,0.0,23.0,0.0
85000.0,15000.0,0.0,24.0,0.0
85000.0,15000.0,0.0,21.0,0.0
150000.0,6400.0,1.0,26.0,0.0
150000.0,24000.0,0.0,24.0,0.0
86004.0,15000.0,1.0,25.0,0.0
150000.0,8200.0,0.0,25.0,0.0
87000.0,15000.0,0.0,26.0,0.0
150000.0,9600.0,0.0,23.0,0.0
87000.0,15000.0,0.0,22.0,0.0
150000.0,6000.0,0.0,26.0,0.0
150000.0,25000.0,0.0,22.0,0.0
150000.0,25000.0,0.0,25.0,0.0
150000.0,6000.0,0.0,25.0,0.0
19000.0,7200.0,1.0,21.0,1.0
150000.0,20000.0,0.0,25.0,0.0
87800.0,15000.0,0.0,22.0,0.0
150000.0,15000.0,0.0,25.0,0.0
150000.0,8000.0,0.0,23.0,0.0
150000.0,25000.0,0.0,26.0,0.0
88000.0,15000.0,0.0,23.0,0.0
150000.0,10000.0,0.0,25.0,0.0
150000.0,14000.0,0.0,26.0,0.0
150000.0,18000.0,0.0,22.0,0.0
78000.0,15000.0,0.0,26.0,1.0
90000.0,15000.0,1.0,24.0,0.0
90000.0,15000.0,0.0,24.0,0.0
150000.0,24250.0,0.0,24.0,0.0
90000.0,15000.0,0.0,24.0,0.0
90000.0,15000.0,0.0,22.0,0.0
150000.0,22000.0,0.0,25.0,0.0
150000.0,24000.0,0.0,24.0,0.0
150000.0,10000.0,0.0,23.0,0.0
150000.0,25000.0,0.0,25.0,0.0
90000.0,15000.0,0.0,24.0,0.0
150000.0,24000.0,0.0,26.0,0.0
150000.0,7000.0,1.0,26.0,0.0
150000.0,9500.0,1.0,22.0,0.0
90000.0,15000.0,1.0,24.0,0.0
150000.0,15000.0,1.0,24.0,0.0
79000.0,15000.0,0.0,25.0,1.0
150000.0,15000.0,0.0,26.0,0.0
150000.0,5000.0,1.0,25.0,0.0
150000.0,6000.0,0.0,26.0,0.0
150000.0,12500.0,0.0,25.0,0.0
150000.0,20000.0,0.0,24.0,0.0
68000.0,15000.0,1.0,24.0,1.0
138000.0,18000.0,0.0,26.0,1.0
150000.0,24000.0,0.0,23.0,0.0
150000.0,12125.0,0.0,25.0,0.0
150075.0,25000.0,0.0,21.0,0.0
150600.0,2400.0,0.0,23.0,0.0
151000.0,35000.0,1.0,24.0,0.0
151000.0,8000.0,0.0,21.0,0.0
31000.0,15075.0,1.0,24.0,1.0
82308.0,15125.0,0.0,24.0,0.0
152000.0,17500.0,0.0,26.0,0.0
152004.0,5800.0,0.0,26.0,0.0
152229.0,15000.0,0.0,26.0,0.0
153000.0,7500.0,0.0,25.0,0.0
153000.0,14500.0,0.0,25.0,0.0
153600.0,18000.0,0.0,25.0,0.0
154000.0,12225.0,0.0,25.0,0.0
154000.0,6000.0,0.0,24.0,0.0
154000.0,21600.0,0.0,25.0,0.0
154000.0,9200.0,1.0,25.0,0.0
154000.0,12000.0,0.0,25.0,0.0
154000.0,12400.0,0.0,26.0,0.0
154008.0,9600.0,0.0,25.0,0.0
155000.0,18000.0,0.0,26.0,0.0
18000.0,6500.0,0.0,21.0,1.0
155000.0,12000.0,0.0,24.0,0.0
155000.0,10000.0,1.0,25.0,0.0
39000.0,15200.0,0.0,25.0,1.0
155000.0,25000.0,0.0,26.0,0.0
155000.0,18000.0,0.0,25.0,0.0
48000.0,15200.0,0.0,24.0,1.0
143000.0,24250.0,1.0,23.0,1.0
28080.0,15250.0,0.0,22.0,1.0
155000.0,4000.0,0.0,22.0,0.0
155000.0,22000.0,1.0,25.0,0.0
155004.0,10500.0,0.0,25.0,0.0
31200.0,15250.0,0.0,23.0,1.0
155142.0,23000.0,0.0,26.0,0.0
155796.0,25000.0,0.0,25.0,0.0
155800.0,18000.0,0.0,21.0,0.0
156000.0,9600.0,1.0,26.0,0.0
156000.0,35000.0,0.0,26.0,0.0
38272.0,15250.0,1.0,24.0,1.0
156000.0,7000.0,0.0,26.0,0.0
34000.0,15250.0,1.0,26.0,1.0
36000.0,15250.0,1.0,24.0,1.0
156000.0,15000.0,0.0,24.0,0.0
59000.0,15250.0,0.0,24.0,0.0
156000.0,15000.0,1.0,24.0,0.0
156000.0,10000.0,1.0,25.0,0.0
54288.0,15350.0,0.0,22.0,0.0
120000.0,15400.0,0.0,24.0,0.0
144996.0,17600.0,0.0,25.0,1.0
157000.0,28000.0,0.0,25.0,0.0
145000.0,20000.0,0.0,26.0,1.0
157200.0,20000.0,0.0,26.0,0.0
36000.0,15450.0,0.0,24.0,1.0
157500.0,25000.0,0.0,26.0,0.0
158000.0,20000.0,1.0,25.0,0.0
91800.0,15450.0,1.0,26.0,1.0
159960.0,18325.0,0.0,26.0,0.0
159996.0,12000.0,0.0,23.0,0.0
71760.0,15500.0,0.0,22.0,0.0
160000.0,7000.0,0.0,22.0,0.0
125000.0,15500.0,0.0,26.0,0.0
54000.0,15550.0,0.0,23.0,0.0
41000.0,15600.0,1.0,24.0,1.0
50000.0,15600.0,0.0,22.0,1.0
148000.0,7500.0,1.0,26.0,1.0
160000.0,20000.0,1.0,24.0,0.0
60000.0,15600.0,0.0,23.0,0.0
160000.0,15000.0,0.0,23.0,0.0
160000.0,35000.0,1.0,23.0,0.0
62000.0,15600.0,0.0,25.0,0.0
160000.0,17000.0,0.0,24.0,0.0
110000.0,15600.0,1.0,25.0,0.0
148000.0,25000.0,1.0,24.0,1.0
46000.0,15625.0,0.0,25.0,1.0
44400.0,15650.0,0.0,24.0,1.0
63000.0,15675.0,0.0,24.0,0.0
160000.0,6000.0,0.0,21.0,0.0
68000.0,15700.0,0.0,23.0,0.0
162000.0,16000.0,1.0,24.0,0.0
150500.0,10000.0,0.0,26.0,1.0
163000.0,10000.0,0.0,23.0,0.0
151900.0,20000.0,0.0,26.0,1.0
36000.0,15850.0,0.0,22.0,1.0
50000.0,15850.0,1.0,24.0,1.0
84000.0,15850.0,0.0,23.0,0.0
165000.0,5000.0,0.0,23.0,0.0
104000.0,15900.0,0.0,22.0,0.0
76000.0,16000.0,0.0,24.0,0.0
165000.0,20000.0,1.0,26.0,0.0
15996.0,4000.0,0.0,24.0,1.0
77000.0,16000.0,0.0,23.0,0.0
165500.0,12000.0,1.0,22.0,0.0
79500.0,16000.0,0.0,24.0,0.0
166000.0,23450.0,0.0,22.0,0.0
167300.0,20000.0,0.0,23.0,0.0
168000.0,15750.0,0.0,23.0,0.0
80000.0,16000.0,0.0,25.0,0.0
80000.0,16000.0,0.0,23.0,0.0
170000.0,5000.0,0.0,24.0,0.0
62900.0,16000.0,0.0,23.0,1.0
80500.0,16000.0,1.0,25.0,0.0
170000.0,20000.0,0.0,26.0,0.0
170000.0,3850.0,0.0,25.0,0.0
81000.0,16000.0,1.0,26.0,0.0
83000.0,16000.0,0.0,25.0,0.0
85000.0,16000.0,0.0,23.0,0.0
170000.0,25000.0,0.0,25.0,0.0
85000.0,16000.0,0.0,23.0,0.0
85000.0,16000.0,0.0,24.0,0.0
85000.0,16000.0,0.0,24.0,0.0
134300.0,12000.0,0.0,24.0,1.0
15300.0,2500.0,0.0,21.0,1.0
172000.0,15000.0,0.0,24.0,0.0
172000.0,12000.0,0.0,25.0,0.0
86000.0,16000.0,1.0,25.0,0.0
173000.0,10000.0,0.0,26.0,0.0
89100.0,16000.0,1.0,23.0,0.0
175000.0,7550.0,0.0,25.0,0.0
175000.0,10000.0,0.0,24.0,0.0
175000.0,7500.0,0.0,26.0,0.0
15000.0,2000.0,0.0,25.0,0.0
90000.0,16000.0,0.0,24.0,0.0
175000.0,3000.0,0.0,26.0,0.0
175000.0,8000.0,0.0,24.0,0.0
91000.0,16000.0,1.0,23.0,0.0
79200.0,16000.0,1.0,24.0,1.0
93000.0,16000.0,0.0,26.0,0.0
94000.0,16000.0,0.0,24.0,0.0
175500.0,15000.0,0.0,24.0,0.0
176004.0,3200.0,0.0,24.0,0.0
177160.0,24000.0,0.0,25.0,0.0
178364.0,8000.0,1.0,25.0,0.0
179000.0,25000.0,0.0,22.0,0.0
180000.0,6000.0,0.0,25.0,0.0
96000.0,16000.0,0.0,24.0,0.0
97188.0,16000.0,0.0,26.0,0.0
142800.0,25000.0,1.0,24.0,1.0
88000.0,16000.0,1.0,26.0,1.0
168000.0,25000.0,0.0,24.0,1.0
180000.0,9700.0,0.0,26.0,0.0
180000.0,5000.0,0.0,21.0,0.0
180000.0,5000.0,0.0,23.0,0.0
180488.0,24000.0,0.0,25.0,0.0
168952.0,12500.0,0.0,23.0,1.0
181408.0,14500.0,0.0,25.0,0.0
100000.0,16000.0,0.0,24.0,0.0
185000.0,10000.0,0.0,24.0,0.0
185000.0,12000.0,0.0,25.0,0.0
185000.0,6000.0,0.0,26.0,0.0
185000.0,3000.0,0.0,24.0,0.0
188004.0,2000.0,0.0,20.0,0.0
189000.0,5000.0,0.0,24.0,0.0
190000.0,24000.0,0.0,25.0,0.0
190000.0,24000.0,1.0,24.0,0.0
190000.0,5000.0,0.0,24.0,0.0
190000.0,25000.0,0.0,26.0,0.0
193000.0,10000.0,1.0,24.0,0.0
195000.0,5000.0,0.0,24.0,0.0
195000.0,20000.0,0.0,23.0,0.0
195054.0,10000.0,0.0,25.0,0.0
98004.0,16000.0,0.0,24.0,1.0
198000.0,12000.0,0.0,26.0,0.0
198000.0,24250.0,0.0,22.0,0.0
14400.0,3000.0,1.0,23.0,1.0
199000.0,15000.0,0.0,25.0,0.0
200000.0,12000.0,0.0,26.0,0.0
200000.0,21000.0,0.0,23.0,0.0
159800.0,30000.0,1.0,26.0,1.0
112500.0,16000.0,0.0,24.0,0.0
113000.0,16000.0,0.0,24.0,0.0
159800.0,30000.0,0.0,21.0,1.0
200000.0,18000.0,0.0,24.0,0.0
200000.0,35000.0,1.0,25.0,0.0
200000.0,3025.0,0.0,24.0,0.0
200000.0,24000.0,1.0,25.0,0.0
200000.0,24000.0,0.0,25.0,0.0
188000.0,25000.0,1.0,25.0,1.0
120000.0,16000.0,0.0,24.0,0.0
125000.0,16000.0,0.0,22.0,0.0
200000.0,5000.0,0.0,23.0,0.0
135000.0,16000.0,0.0,24.0,0.0
200100.0,30000.0,0.0,26.0,0.0
135000.0,16000.0,0.0,24.0,0.0
201000.0,14000.0,0.0,25.0,0.0
204000.0,15250.0,0.0,26.0,0.0
205000.0,35000.0,0.0,24.0,0.0
205000.0,11000.0,0.0,24.0,0.0
205000.0,10000.0,0.0,24.0,0.0
139992.0,16000.0,1.0,23.0,0.0
143000.0,16000.0,0.0,23.0,0.0
210000.0,8000.0,0.0,25.0,0.0
170850.0,6500.0,0.0,25.0,1.0
220000.0,25000.0,0.0,25.0,0.0
220836.0,9000.0,0.0,26.0,0.0
35000.0,19000.0,0.0,24.0,1.0
225000.0,21000.0,0.0,25.0,0.0
30000.0,19075.0,0.0,26.0,1.0
216000.0,15000.0,1.0,26.0,1.0
90200.0,19125.0,0.0,21.0,0.0
47000.0,19200.0,1.0,22.0,1.0
55000.0,19200.0,0.0,23.0,1.0
241875.0,16000.0,0.0,25.0,0.0
243600.0,12000.0,0.0,24.0,0.0
201450.0,8000.0,0.0,26.0,1.0
249996.0,5000.0,0.0,21.0,0.0
250000.0,15000.0,0.0,26.0,0.0
12000.0,2500.0,0.0,26.0,1.0
250000.0,9000.0,0.0,26.0,0.0
250000.0,10575.0,0.0,25.0,0.0
250000.0,8800.0,0.0,23.0,0.0
238000.0,7000.0,0.0,24.0,1.0
238000.0,25000.0,0.0,26.0,1.0
253000.0,25000.0,0.0,25.0,1.0
125000.0,19200.0,0.0,24.0,0.0
294000.0,15000.0,0.0,23.0,0.0
244800.0,12000.0,1.0,26.0,1.0
126500.0,19200.0,0.0,22.0,0.0
300000.0,35000.0,0.0,24.0,0.0
300000.0,10000.0,1.0,23.0,0.0
12000.0,4500.0,1.0,25.0,1.0
50000.0,19400.0,0.0,23.0,1.0
315000.0,12000.0,0.0,26.0,0.0
330000.0,3500.0,0.0,24.0,0.0
55438.0,19400.0,0.0,21.0,1.0
365000.0,35000.0,0.0,25.0,0.0
370000.0,15000.0,1.0,25.0,0.0
375000.0,20000.0,0.0,24.0,0.0
70000.0,19425.0,0.0,23.0,0.0
425000.0,10000.0,0.0,24.0,0.0
90000.0,19500.0,0.0,24.0,0.0
10560.0,1000.0,0.0,21.0,0.0
450000.0,35000.0,0.0,25.0,0.0
480000.0,25000.0,0.0,26.0,0.0
118000.0,19550.0,1.0,22.0,1.0
45000.0,19600.0,0.0,23.0,1.0
53295.0,19600.0,0.0,24.0,1.0
75000.0,19600.0,0.0,22.0,0.0
45295.0,19650.0,1.0,24.0,1.0
30000.0,19750.0,0.0,23.0,1.0
38000.0,19750.0,0.0,23.0,1.0
9600.0,1200.0,0.0,21.0,0.0
9600.0,2000.0,0.0,21.0,1.0
9600.0,2100.0,0.0,25.0,1.0
9600.0,1000.0,0.0,24.0,1.0
9600.0,2950.0,1.0,26.0,1.0
9600.0,1500.0,0.0,22.0,1.0
9600.0,3200.0,0.0,24.0,1.0
9600.0,4000.0,0.0,23.0,1.0
9600.0,2100.0,0.0,23.0,1.0
47000.0,19750.0,0.0,25.0,1.0
9000.0,3000.0,0.0,21.0,1.0
9000.0,2000.0,0.0,23.0,1.0
8004.0,3000.0,0.0,21.0,1.0
8000.0,2800.0,0.0,21.0,1.0
8000.0,5400.0,0.0,22.0,1.0
7904.0,500.0,0.0,26.0,0.0
7800.0,1000.0,0.0,24.0,0.0
7500.0,1200.0,0.0,24.0,1.0
7200.0,2500.0,0.0,21.0,1.0
6000.0,1600.0,1.0,21.0,1.0
5500.0,1000.0,0.0,26.0,1.0
5000.0,1000.0,0.0,25.0,1.0
4800.0,1800.0,1.0,22.0,1.0
4800.0,1200.0,1.0,22.0,1.0
4800.0,2400.0,1.0,24.0,1.0
4200.0,2750.0,0.0,21.0,1.0
4080.0,1400.0,0.0,21.0,1.0
21600.0,6600.0,0.0,24.0,1.0
21600.0,4400.0,0.0,23.0,0.0
55000.0,1800.0,0.0,24.0,0.0
30000.0,12000.0,0.0,21.0,1.0
75000.0,8000.0,0.0,22.0,0.0
80208.0,4000.0,0.0,25.0,0.0
53000.0,2800.0,0.0,26.0,0.0
42000.0,6000.0,0.0,23.0,0.0
69996.0,2500.0,0.0,24.0,0.0
36000.0,16750.0,1.0,23.0,1.0
65004.0,4800.0,1.0,25.0,0.0
72000.0,16000.0,0.0,22.0,0.0
130000.0,24000.0,0.0,24.0,0.0
70000.0,7550.0,0.0,22.0,0.0
70000.0,9000.0,0.0,24.0,0.0
60000.0,3000.0,1.0,25.0,1.0
50400.0,5000.0,0.0,23.0,0.0
75000.0,18000.0,0.0,23.0,0.0
85000.0,4000.0,0.0,25.0,0.0
98280.0,9400.0,0.0,23.0,0.0
90000.0,8000.0,0.0,23.0,0.0
53808.0,6000.0,0.0,22.0,0.0
81600.0,9000.0,0.0,23.0,0.0
30000.0,10000.0,1.0,23.0,1.0
52000.0,5000.0,1.0,24.0,0.0
48000.0,4000.0,0.0,24.0,0.0
33000.0,6000.0,0.0,22.0,0.0
35000.0,1500.0,0.0,21.0,0.0
118000.0,12000.0,0.0,23.0,0.0
95000.0,12000.0,0.0,26.0,0.0
42000.0,4800.0,1.0,26.0,1.0
64000.0,13000.0,0.0,22.0,0.0
57000.0,4200.0,0.0,23.0,0.0
33000.0,7100.0,1.0,25.0,1.0
216000.0,25000.0,0.0,25.0,0.0
15360.0,1600.0,0.0,21.0,0.0
45888.0,9000.0,0.0,24.0,0.0
58000.0,4000.0,0.0,22.0,0.0
190000.0,12600.0,0.0,22.0,0.0
75000.0,12500.0,0.0,26.0,0.0
41600.0,12000.0,0.0,22.0,0.0
90000.0,12000.0,0.0,23.0,0.0
51996.0,10000.0,0.0,26.0,0.0
88500.0,7200.0,1.0,25.0,0.0
30000.0,15000.0,1.0,26.0,0.0
45000.0,10000.0,0.0,23.0,0.0
30000.0,10000.0,1.0,24.0,0.0
32000.0,2500.0,0.0,25.0,1.0
36000.0,1400.0,0.0,22.0,0.0
48000.0,10000.0,0.0,23.0,0.0
24000.0,5000.0,0.0,23.0,0.0
10000.0,3000.0,0.0,24.0,1.0
35000.0,2400.0,0.0,25.0,0.0
39000.0,6000.0,1.0,23.0,1.0
100000.0,15000.0,0.0,23.0,0.0
27120.0,9250.0,0.0,22.0,1.0
25920.0,2300.0,0.0,25.0,0.0
102000.0,12000.0,1.0,24.0,0.0
50000.0,4000.0,1.0,25.0,0.0
94000.0,5000.0,0.0,26.0,0.0
40000.0,10000.0,0.0,24.0,0.0
69764.0,1500.0,1.0,24.0,1.0
21600.0,2400.0,0.0,22.0,1.0
20000.0,4800.0,0.0,26.0,0.0
49000.0,15000.0,1.0,23.0,1.0
128000.0,12000.0,0.0,24.0,0.0
62500.0,4000.0,0.0,25.0,0.0
40000.0,5000.0,0.0,21.0,0.0
44000.0,16000.0,0.0,22.0,1.0
85000.0,9600.0,0.0,25.0,0.0
64600.0,5000.0,0.0,24.0,0.0
60000.0,3950.0,0.0,22.0,0.0
65000.0,10950.0,0.0,26.0,0.0
36800.0,5900.0,0.0,26.0,0.0
54000.0,1500.0,1.0,24.0,1.0
16000.0,5600.0,1.0,23.0,1.0
39000.0,10000.0,0.0,23.0,1.0
45000.0,8000.0,0.0,24.0,0.0
78000.0,4200.0,1.0,23.0,0.0
100000.0,10000.0,1.0,24.0,0.0
44400.0,12800.0,0.0,22.0,0.0
125000.0,12000.0,0.0,25.0,0.0
37980.0,3500.0,0.0,25.0,0.0
75000.0,8000.0,0.0,23.0,0.0
28800.0,8000.0,0.0,22.0,0.0
53000.0,6000.0,0.0,25.0,0.0
26004.0,4800.0,0.0,22.0,0.0
70000.0,5600.0,0.0,25.0,0.0
130000.0,24250.0,0.0,22.0,0.0
49000.0,5000.0,0.0,24.0,1.0
72000.0,15000.0,0.0,22.0,0.0
78000.0,18000.0,0.0,26.0,0.0
27600.0,7500.0,0.0,21.0,0.0
115000.0,20000.0,0.0,25.0,0.0
56400.0,9500.0,0.0,22.0,0.0
18000.0,4500.0,0.0,21.0,1.0
50000.0,10000.0,0.0,22.0,0.0
65000.0,7000.0,0.0,23.0,0.0
32240.0,15000.0,0.0,22.0,1.0
55000.0,15000.0,0.0,23.0,0.0
57000.0,3000.0,0.0,21.0,0.0
69000.0,8000.0,0.0,25.0,1.0
75000.0,12000.0,0.0,25.0,0.0
59000.0,4900.0,0.0,22.0,1.0
70000.0,21000.0,0.0,22.0,0.0
54000.0,8075.0,0.0,22.0,0.0
79000.0,21000.0,0.0,24.0,0.0
26000.0,8000.0,1.0,25.0,1.0
159996.0,12000.0,0.0,23.0,0.0
52000.0,6000.0,0.0,22.0,0.0
50000.0,10000.0,0.0,23.0,0.0
45000.0,7800.0,0.0,24.0,0.0
128500.0,15000.0,1.0,25.0,0.0
87000.0,10000.0,0.0,24.0,0.0
18000.0,7000.0,0.0,22.0,1.0
65000.0,7000.0,0.0,24.0,0.0
92004.0,30000.0,1.0,23.0,1.0
55000.0,6000.0,0.0,22.0,0.0
36000.0,6000.0,0.0,24.0,0.0
39000.0,8000.0,0.0,26.0,0.0
44000.0,8000.0,0.0,25.0,1.0
150000.0,25000.0,0.0,25.0,0.0
78600.0,8400.0,0.0,25.0,0.0
30000.0,1450.0,1.0,23.0,1.0
54000.0,5000.0,0.0,22.0,1.0
24000.0,9600.0,0.0,25.0,1.0
25920.0,10000.0,0.0,23.0,1.0
36000.0,7000.0,0.0,23.0,0.0
126500.0,19200.0,1.0,22.0,0.0
54000.0,5600.0,0.0,22.0,0.0
39996.0,3000.0,0.0,24.0,0.0
80196.0,30000.0,0.0,23.0,0.0
21600.0,6000.0,0.0,23.0,1.0
22800.0,4750.0,0.0,24.0,0.0
48000.0,4225.0,0.0,26.0,0.0
69996.0,3000.0,0.0,23.0,0.0
20000.0,1500.0,0.0,26.0,0.0
55000.0,6000.0,0.0,22.0,0.0
30000.0,5000.0,0.0,23.0,0.0
50000.0,10000.0,0.0,25.0,0.0
75000.0,5000.0,0.0,23.0,0.0
30720.0,10000.0,0.0,25.0,1.0
41892.0,11300.0,1.0,26.0,0.0
18700.0,1500.0,0.0,26.0,0.0
58000.0,16000.0,0.0,23.0,0.0
34000.0,10950.0,0.0,23.0,0.0
29100.0,6250.0,0.0,22.0,1.0
149385.0,7000.0,0.0,23.0,0.0
76668.0,7200.0,0.0,26.0,0.0
155004.0,10500.0,0.0,25.0,0.0
46800.0,12000.0,0.0,24.0,0.0
85000.0,5750.0,0.0,25.0,0.0
58000.0,20000.0,0.0,26.0,1.0
47412.0,6500.0,0.0,25.0,0.0
45000.0,5000.0,0.0,22.0,0.0
41400.0,7300.0,0.0,26.0,0.0
45000.0,15000.0,0.0,24.0,0.0
21000.0,7500.0,0.0,23.0,1.0
65000.0,2200.0,0.0,21.0,0.0
30000.0,4500.0,0.0,23.0,0.0
75000.0,12000.0,0.0,24.0,0.0
38400.0,3200.0,0.0,26.0,0.0
72400.0,25000.0,1.0,24.0,0.0
74900.0,3500.0,0.0,24.0,0.0
72000.0,12000.0,0.0,23.0,1.0
60000.0,14000.0,0.0,25.0,0.0
18000.0,8500.0,1.0,25.0,1.0
35000.0,5000.0,0.0,24.0,0.0
70000.0,9000.0,0.0,24.0,0.0
16428.0,2400.0,0.0,26.0,0.0
32400.0,10000.0,1.0,21.0,1.0
82500.0,5000.0,0.0,23.0,0.0
88000.0,30000.0,0.0,24.0,1.0
150000.0,25000.0,0.0,26.0,0.0
21000.0,3000.0,0.0,23.0,0.0
67000.0,5000.0,1.0,25.0,1.0
28000.0,1000.0,0.0,22.0,1.0
33600.0,3300.0,1.0,26.0,0.0
65000.0,9000.0,0.0,22.0,0.0
72204.0,6700.0,1.0,22.0,0.0
36000.0,1200.0,0.0,23.0,0.0
60000.0,6000.0,0.0,21.0,0.0
54996.0,12500.0,0.0,24.0,0.0
16000.0,3200.0,0.0,25.0,1.0
90000.0,4800.0,0.0,21.0,0.0
72000.0,8000.0,0.0,24.0,0.0
112500.0,8600.0,0.0,24.0,0.0
40000.0,6925.0,0.0,26.0,0.0
42000.0,10000.0,0.0,25.0,1.0
46000.0,5200.0,1.0,21.0,1.0
30000.0,3000.0,0.0,22.0,0.0
26000.0,7800.0,0.0,23.0,0.0
50000.0,9000.0,0.0,21.0,0.0
44094.0,3600.0,0.0,22.0,0.0
46000.0,2000.0,0.0,24.0,0.0
75000.0,25000.0,1.0,22.0,0.0
30000.0,10000.0,0.0,22.0,1.0
26729.0,7300.0,0.0,25.0,0.0
115000.0,12000.0,0.0,22.0,0.0
67000.0,25000.0,0.0,25.0,1.0
96000.0,21000.0,0.0,25.0,0.0
30000.0,7000.0,0.0,21.0,0.0
175000.0,17000.0,0.0,26.0,0.0
48996.0,5000.0,0.0,24.0,0.0
52320.0,15000.0,0.0,22.0,0.0
36000.0,15000.0,1.0,25.0,1.0
66614.0,11000.0,1.0,22.0,1.0
16800.0,4750.0,1.0,22.0,1.0
52728.0,5000.0,0.0,24.0,0.0
55000.0,18500.0,0.0,23.0,0.0
74000.0,16000.0,0.0,25.0,0.0
5000.0,1000.0,0.0,25.0,1.0
80000.0,9500.0,0.0,22.0,0.0
156000.0,15000.0,0.0,24.0,0.0
48000.0,10000.0,0.0,24.0,0.0
43200.0,3000.0,0.0,25.0,0.0
81000.0,18000.0,0.0,23.0,0.0
76000.0,5000.0,0.0,25.0,0.0
135000.0,12500.0,0.0,23.0,0.0
55000.0,1400.0,1.0,22.0,0.0
27500.0,4250.0,0.0,22.0,0.0
43300.0,24000.0,0.0,24.0,0.0
24996.0,2500.0,0.0,25.0,0.0
72000.0,3200.0,0.0,25.0,0.0
138000.0,2700.0,0.0,23.0,0.0
159960.0,18325.0,0.0,26.0,0.0
64000.0,4000.0,1.0,24.0,1.0
51000.0,9600.0,1.0,24.0,0.0
30000.0,7000.0,0.0,22.0,1.0
22000.0,8500.0,0.0,22.0,0.0
23500.0,7000.0,0.0,24.0,0.0
220836.0,9000.0,0.0,26.0,0.0
19200.0,2400.0,0.0,21.0,0.0
65000.0,15000.0,1.0,25.0,0.0
65000.0,5500.0,0.0,23.0,0.0
145000.0,10000.0,0.0,26.0,0.0
78700.0,7000.0,0.0,22.0,1.0
21000.0,6000.0,0.0,23.0,0.0
24000.0,6000.0,0.0,26.0,0.0
42000.0,3600.0,0.0,22.0,0.0
46704.0,9000.0,0.0,24.0,0.0
65000.0,12000.0,0.0,24.0,0.0
66000.0,16800.0,1.0,22.0,0.0
60000.0,6000.0,0.0,21.0,0.0
30720.0,2000.0,0.0,25.0,0.0
80000.0,12000.0,1.0,23.0,0.0
41000.0,1000.0,0.0,22.0,0.0
150000.0,8750.0,0.0,25.0,0.0
122000.0,14000.0,0.0,23.0,0.0
27996.0,2200.0,0.0,22.0,1.0
30000.0,6000.0,0.0,22.0,0.0
30000.0,3000.0,1.0,23.0,0.0
40000.0,15000.0,1.0,21.0,0.0
41500.0,2500.0,0.0,22.0,0.0
98000.0,12000.0,0.0,24.0,0.0
42000.0,4500.0,0.0,26.0,0.0
65000.0,1525.0,0.0,24.0,0.0
45000.0,18000.0,0.0,21.0,0.0
21000.0,7500.0,0.0,23.0,0.0
39000.0,16000.0,0.0,24.0,1.0
70000.0,24250.0,0.0,24.0,0.0
95000.0,18000.0,0.0,25.0,0.0
51000.0,12000.0,0.0,26.0,0.0
200000.0,15000.0,0.0,26.0,0.0
65496.0,13250.0,0.0,21.0,0.0
34000.0,10000.0,0.0,24.0,0.0
43000.0,13500.0,0.0,22.0,1.0
44000.0,6000.0,1.0,23.0,0.0
39000.0,5000.0,0.0,22.0,0.0
50004.0,5300.0,0.0,22.0,0.0
150000.0,20000.0,0.0,25.0,0.0
80000.0,18000.0,0.0,25.0,0.0
25000.0,8800.0,0.0,21.0,0.0
120000.0,5000.0,1.0,22.0,0.0
50500.0,6000.0,0.0,22.0,0.0
49536.0,5200.0,0.0,22.0,0.0
39000.0,1500.0,1.0,24.0,0.0
30000.0,2000.0,0.0,25.0,0.0
39000.0,5600.0,0.0,24.0,0.0
40000.0,2500.0,0.0,24.0,0.0
60000.0,5600.0,0.0,22.0,0.0
78000.0,14200.0,0.0,25.0,0.0
71004.0,20000.0,0.0,26.0,1.0
130000.0,25000.0,0.0,24.0,0.0
87000.0,25000.0,0.0,24.0,0.0
90000.0,10000.0,0.0,25.0,0.0
30996.0,5000.0,0.0,23.0,0.0
87000.0,13000.0,0.0,25.0,0.0
32000.0,15000.0,1.0,25.0,1.0
31000.0,10000.0,1.0,24.0,1.0
48000.0,4800.0,0.0,25.0,0.0
60000.0,12500.0,0.0,25.0,0.0
55000.0,5500.0,0.0,24.0,0.0
165000.0,20000.0,1.0,26.0,0.0
84000.0,4500.0,0.0,25.0,0.0
84000.0,8500.0,0.0,25.0,0.0
33996.0,5000.0,1.0,24.0,1.0
30000.0,4800.0,0.0,23.0,0.0
38000.0,8500.0,0.0,22.0,0.0
60000.0,10000.0,0.0,21.0,0.0
80500.0,7200.0,0.0,23.0,0.0
58650.0,20000.0,1.0,25.0,1.0
42000.0,4400.0,0.0,23.0,0.0
23800.0,8800.0,0.0,22.0,1.0
32400.0,4500.0,0.0,23.0,0.0
60140.0,7000.0,0.0,24.0,0.0
36000.0,18500.0,0.0,21.0,1.0
50000.0,18225.0,0.0,23.0,1.0
130000.0,4550.0,1.0,26.0,0.0
35000.0,11000.0,0.0,21.0,0.0
70000.0,6000.0,1.0,23.0,0.0
33772.0,3600.0,1.0,25.0,1.0
65000.0,12000.0,0.0,21.0,0.0
55000.0,8500.0,1.0,25.0,0.0
43600.0,10000.0,0.0,22.0,1.0
50004.0,11000.0,1.0,22.0,0.0
48000.0,7000.0,1.0,25.0,0.0
40000.0,5000.0,0.0,24.0,0.0
23198.0,6000.0,0.0,25.0,0.0
84000.0,12500.0,0.0,23.0,0.0
63000.0,20000.0,0.0,23.0,0.0
57996.0,2500.0,0.0,22.0,0.0
188004.0,2000.0,0.0,20.0,0.0
39000.0,3000.0,0.0,25.0,0.0
85000.0,7750.0,0.0,24.0,0.0
125000.0,10200.0,0.0,26.0,0.0
54000.0,11000.0,0.0,24.0,0.0
55000.0,10200.0,0.0,23.0,0.0
141000.0,10000.0,0.0,24.0,0.0
35100.0,1000.0,1.0,22.0,0.0
20400.0,7550.0,1.0,24.0,1.0
37000.0,7500.0,0.0,22.0,0.0
67000.0,7000.0,0.0,25.0,0.0
57000.0,8000.0,0.0,21.0,0.0
51000.0,7500.0,0.0,22.0,0.0
140000.0,16400.0,0.0,23.0,0.0
60000.0,3000.0,1.0,25.0,0.0
69900.0,5050.0,0.0,25.0,0.0
48000.0,9000.0,1.0,25.0,0.0
70000.0,7000.0,1.0,25.0,0.0
81000.0,21000.0,0.0,26.0,1.0
24000.0,1500.0,1.0,22.0,1.0
90000.0,16000.0,0.0,22.0,0.0
42900.0,12000.0,0.0,25.0,0.0
65000.0,13600.0,0.0,23.0,0.0
62400.0,20000.0,0.0,24.0,1.0
45000.0,1775.0,0.0,23.0,0.0
45000.0,9200.0,0.0,24.0,0.0
130208.0,20000.0,0.0,23.0,0.0
23587.0,2000.0,0.0,22.0,1.0
69500.0,6000.0,0.0,22.0,0.0
42200.0,4450.0,0.0,24.0,0.0
45000.0,11100.0,0.0,25.0,0.0
42000.0,22250.0,0.0,24.0,0.0
12000.0,4200.0,0.0,21.0,1.0
60000.0,7500.0,0.0,22.0,0.0
80004.0,7500.0,0.0,26.0,1.0
42000.0,19200.0,0.0,24.0,0.0
105804.0,15000.0,0.0,24.0,0.0
45000.0,11200.0,0.0,23.0,0.0
52800.0,9000.0,0.0,24.0,0.0
68000.0,3500.0,0.0,22.0,0.0
58000.0,3000.0,0.0,26.0,0.0
39600.0,8250.0,0.0,23.0,0.0
40000.0,7000.0,0.0,22.0,0.0
72000.0,8000.0,0.0,24.0,0.0
72000.0,15000.0,0.0,24.0,0.0
51000.0,8500.0,0.0,24.0,0.0
136000.0,12000.0,1.0,26.0,0.0
50000.0,10000.0,0.0,22.0,0.0
60000.0,7000.0,0.0,23.0,0.0
50000.0,6000.0,0.0,25.0,0.0
36000.0,7000.0,0.0,25.0,0.0
47800.0,1500.0,1.0,22.0,0.0
61959.0,25000.0,1.0,25.0,1.0
49000.0,7750.0,0.0,25.0,0.0
64000.0,12000.0,1.0,24.0,1.0
59000.0,5000.0,0.0,21.0,1.0
24000.0,7000.0,0.0,21.0,0.0
64000.0,8000.0,0.0,26.0,1.0
90000.0,3200.0,0.0,26.0,0.0
54000.0,12000.0,0.0,22.0,0.0
60000.0,7000.0,0.0,25.0,0.0
170000.0,20000.0,0.0,26.0,0.0
33600.0,2500.0,0.0,24.0,0.0
110000.0,5000.0,0.0,26.0,0.0
22800.0,3000.0,0.0,22.0,0.0
60000.0,14000.0,0.0,24.0,0.0
40000.0,8000.0,0.0,23.0,0.0
34800.0,9600.0,1.0,22.0,1.0
30000.0,15000.0,0.0,22.0,1.0
150000.0,25000.0,0.0,25.0,0.0
30000.0,10000.0,0.0,21.0,1.0
86500.0,14000.0,0.0,23.0,0.0
62000.0,6400.0,0.0,23.0,0.0
40000.0,2000.0,0.0,23.0,0.0
160000.0,35000.0,0.0,23.0,0.0
62900.0,25000.0,0.0,22.0,1.0
67000.0,10000.0,0.0,26.0,0.0
38400.0,10000.0,0.0,22.0,0.0
58800.0,3000.0,0.0,23.0,1.0
100000.0,1200.0,0.0,22.0,0.0
32000.0,7500.0,0.0,26.0,0.0
84000.0,15000.0,1.0,23.0,0.0
85272.0,5000.0,0.0,23.0,0.0
28000.0,5000.0,0.0,23.0,0.0
60000.0,15000.0,0.0,24.0,0.0
33996.0,7000.0,0.0,24.0,1.0
52000.0,10000.0,1.0,22.0,1.0
13000.0,2800.0,0.0,23.0,1.0
39900.0,19000.0,0.0,22.0,1.0
48500.0,20000.0,0.0,22.0,1.0
27600.0,7000.0,0.0,24.0,0.0
168000.0,35000.0,0.0,25.0,0.0
47000.0,4000.0,0.0,25.0,0.0
26000.0,6000.0,0.0,21.0,0.0
51996.0,6500.0,0.0,26.0,1.0
107004.0,10000.0,0.0,22.0,0.0
60000.0,5000.0,0.0,25.0,0.0
58500.0,4000.0,0.0,23.0,0.0
32000.0,5400.0,1.0,22.0,1.0
114000.0,8000.0,1.0,23.0,0.0
40000.0,5000.0,0.0,21.0,0.0
86000.0,20000.0,0.0,24.0,1.0
30000.0,3000.0,0.0,24.0,0.0
40000.0,10000.0,0.0,24.0,0.0
38400.0,12000.0,0.0,25.0,0.0
37500.0,10000.0,1.0,26.0,0.0
75000.0,5000.0,0.0,23.0,0.0
32500.0,12500.0,0.0,25.0,0.0
65000.0,3300.0,0.0,24.0,0.0
150000.0,8200.0,0.0,25.0,0.0
60000.0,5000.0,0.0,21.0,0.0
35000.0,2100.0,0.0,23.0,0.0
60000.0,12500.0,0.0,24.0,0.0
88000.0,10000.0,0.0,26.0,0.0
45600.0,5000.0,1.0,23.0,0.0
122000.0,20000.0,0.0,25.0,0.0
50000.0,9175.0,0.0,25.0,0.0
71000.0,11300.0,0.0,23.0,0.0
24000.0,5500.0,0.0,24.0,0.0
65000.0,6000.0,0.0,23.0,0.0
85000.0,10000.0,0.0,26.0,0.0
34800.0,7000.0,0.0,23.0,1.0
36000.0,1000.0,0.0,21.0,0.0
40000.0,3825.0,0.0,24.0,0.0
40000.0,3500.0,1.0,25.0,0.0
18000.0,5800.0,1.0,21.0,1.0
85000.0,12000.0,0.0,25.0,0.0
84000.0,8000.0,1.0,25.0,1.0
21500.0,7500.0,1.0,25.0,1.0
58000.0,12800.0,0.0,23.0,0.0
28800.0,5000.0,0.0,23.0,0.0
30000.0,6600.0,0.0,22.0,0.0
78000.0,8000.0,1.0,23.0,1.0
137004.0,10000.0,0.0,22.0,0.0
42000.0,10000.0,0.0,25.0,1.0
165000.0,24000.0,1.0,22.0,0.0
45000.0,5000.0,0.0,25.0,0.0
38400.0,4000.0,0.0,24.0,0.0
40000.0,1800.0,1.0,26.0,0.0
72000.0,14000.0,0.0,24.0,1.0
83000.0,25000.0,0.0,22.0,0.0
42000.0,15000.0,0.0,23.0,1.0
60000.0,24000.0,0.0,26.0,1.0
90000.0,6400.0,0.0,22.0,0.0
47000.0,8500.0,0.0,25.0,0.0
29120.0,6400.0,0.0,23.0,0.0
79000.0,10000.0,0.0,25.0,0.0
69996.0,8000.0,0.0,22.0,0.0
95000.0,35000.0,0.0,23.0,0.0
37000.0,5500.0,0.0,24.0,0.0
70000.0,12000.0,0.0,23.0,0.0
123144.0,12000.0,0.0,25.0,0.0
115000.0,19000.0,1.0,25.0,0.0
52000.0,1500.0,0.0,21.0,0.0
42000.0,4500.0,0.0,26.0,0.0
95000.0,19800.0,1.0,23.0,1.0
70000.0,6725.0,0.0,23.0,0.0
70000.0,12000.0,0.0,22.0,0.0
85000.0,12000.0,0.0,22.0,0.0
70000.0,6000.0,1.0,24.0,0.0
107000.0,35000.0,1.0,22.0,1.0
45000.0,9000.0,0.0,22.0,0.0
38496.0,8000.0,0.0,25.0,0.0
66661.0,1500.0,0.0,23.0,0.0
200000.0,5000.0,0.0,23.0,0.0
32000.0,5000.0,0.0,26.0,0.0
34000.0,6500.0,0.0,22.0,1.0
36000.0,11200.0,0.0,25.0,0.0
32000.0,8575.0,0.0,25.0,1.0
59000.0,8500.0,0.0,26.0,0.0
78700.0,14000.0,1.0,22.0,0.0
38000.0,4500.0,0.0,22.0,0.0
50200.0,9000.0,0.0,26.0,0.0
86000.0,10000.0,0.0,26.0,0.0
84000.0,12000.0,0.0,24.0,0.0
63402.0,6000.0,1.0,23.0,0.0
100000.0,12000.0,0.0,25.0,0.0
69000.0,7800.0,0.0,22.0,0.0
30000.0,3000.0,0.0,21.0,0.0
60000.0,1200.0,0.0,25.0,0.0
44000.0,4600.0,0.0,26.0,1.0
42000.0,12000.0,1.0,23.0,0.0
45996.0,11500.0,1.0,25.0,0.0
37000.0,10000.0,0.0,24.0,0.0
36996.0,9600.0,1.0,26.0,0.0
89800.0,20000.0,0.0,22.0,0.0
64800.0,2000.0,0.0,26.0,0.0
120000.0,6000.0,1.0,23.0,0.0
21000.0,5175.0,0.0,25.0,0.0
60000.0,12500.0,0.0,26.0,0.0
115000.0,10000.0,1.0,23.0,0.0
45000.0,14500.0,0.0,23.0,1.0
35000.0,6500.0,0.0,21.0,0.0
41000.0,7000.0,0.0,22.0,1.0
75000.0,4000.0,1.0,26.0,0.0
50000.0,7200.0,0.0,24.0,0.0
20664.0,4550.0,1.0,23.0,0.0
61000.0,15000.0,0.0,25.0,0.0
77368.0,15000.0,0.0,26.0,0.0
74000.0,4475.0,0.0,26.0,0.0
72000.0,3000.0,1.0,23.0,1.0
54400.0,2500.0,0.0,24.0,1.0
19200.0,5000.0,0.0,25.0,1.0
35364.0,10000.0,0.0,25.0,0.0
26400.0,3800.0,0.0,23.0,0.0
35000.0,6000.0,0.0,26.0,0.0
55000.0,13500.0,0.0,22.0,0.0
51000.0,17500.0,1.0,23.0,1.0
59000.0,18000.0,1.0,26.0,1.0
154000.0,12225.0,0.0,25.0,0.0
200000.0,12000.0,0.0,24.0,0.0
25344.0,4000.0,1.0,24.0,1.0
192000.0,20000.0,0.0,21.0,0.0
175000.0,10000.0,0.0,25.0,0.0
40000.0,3600.0,0.0,24.0,0.0
140000.0,9000.0,0.0,23.0,0.0
58650.0,5000.0,0.0,23.0,1.0
60000.0,3600.0,0.0,23.0,0.0
61498.0,5000.0,0.0,23.0,0.0
30000.0,1000.0,0.0,21.0,0.0
133000.0,17400.0,0.0,24.0,0.0
52000.0,8000.0,1.0,23.0,0.0
90000.0,12000.0,0.0,23.0,0.0
48500.0,3850.0,0.0,23.0,0.0
26400.0,4750.0,0.0,21.0,0.0
80000.0,15000.0,1.0,26.0,0.0
60000.0,16000.0,0.0,26.0,0.0
68004.0,16000.0,0.0,21.0,0.0
23000.0,4850.0,1.0,22.0,0.0
36000.0,7000.0,0.0,23.0,0.0
90000.0,13000.0,0.0,23.0,0.0
75000.0,2000.0,0.0,24.0,0.0
140000.0,24250.0,0.0,26.0,0.0
24000.0,2800.0,0.0,23.0,1.0
83004.0,5000.0,0.0,25.0,0.0
75000.0,12000.0,0.0,24.0,0.0
48000.0,6500.0,0.0,22.0,0.0
19000.0,4000.0,0.0,25.0,1.0
127000.0,12000.0,1.0,24.0,0.0
34800.0,5600.0,0.0,25.0,1.0
14400.0,1825.0,1.0,21.0,1.0
68000.0,3000.0,1.0,21.0,0.0
100000.0,12000.0,0.0,25.0,0.0
50004.0,12000.0,1.0,25.0,0.0
116000.0,11000.0,0.0,23.0,0.0
48000.0,25000.0,0.0,26.0,1.0
80000.0,10000.0,0.0,23.0,0.0
27000.0,2800.0,0.0,22.0,1.0
22406.0,2500.0,0.0,26.0,1.0
57700.0,3500.0,0.0,23.0,0.0
30000.0,4000.0,0.0,23.0,1.0
24449.0,1800.0,0.0,22.0,0.0
69528.0,6000.0,0.0,22.0,0.0
36000.0,6000.0,0.0,22.0,0.0
48000.0,3000.0,0.0,25.0,1.0
60000.0,10000.0,0.0,25.0,0.0
64000.0,8000.0,0.0,25.0,1.0
34000.0,2000.0,0.0,25.0,1.0
24000.0,2000.0,0.0,21.0,0.0
24000.0,6000.0,0.0,22.0,0.0
32000.0,14000.0,0.0,22.0,1.0
45000.0,4800.0,0.0,23.0,0.0
95000.0,6500.0,0.0,24.0,0.0
50000.0,7500.0,0.0,22.0,0.0
42996.0,4800.0,1.0,22.0,0.0
19250.0,6250.0,0.0,23.0,1.0
44400.0,1500.0,0.0,23.0,0.0
53000.0,8000.0,0.0,26.0,0.0
68000.0,10000.0,1.0,25.0,0.0
70560.0,9600.0,0.0,23.0,0.0
37200.0,7200.0,0.0,24.0,0.0
39000.0,16000.0,0.0,25.0,1.0
49000.0,2400.0,0.0,23.0,0.0
90000.0,6000.0,0.0,23.0,0.0
98000.0,13200.0,1.0,24.0,1.0
102000.0,9800.0,0.0,24.0,0.0
26400.0,4400.0,0.0,22.0,0.0
70000.0,13000.0,0.0,24.0,0.0
53826.0,8500.0,0.0,26.0,1.0
120000.0,6000.0,0.0,23.0,0.0
49000.0,2400.0,0.0,22.0,0.0
96000.0,7000.0,0.0,24.0,0.0
31000.0,1800.0,0.0,25.0,0.0
100000.0,11000.0,0.0,24.0,0.0
40000.0,15000.0,0.0,23.0,1.0
70000.0,20000.0,0.0,23.0,0.0
100000.0,10000.0,0.0,23.0,0.0
78300.0,15000.0,1.0,23.0,0.0
45000.0,6000.0,0.0,26.0,0.0
85000.0,7500.0,1.0,24.0,0.0
45000.0,10000.0,0.0,26.0,0.0
36000.0,5000.0,0.0,22.0,1.0
109000.0,15000.0,0.0,25.0,0.0
31836.0,6400.0,0.0,26.0,0.0
54000.0,7000.0,1.0,22.0,1.0
49963.0,2100.0,0.0,25.0,1.0
60350.0,25000.0,0.0,22.0,1.0
60000.0,11200.0,0.0,22.0,0.0
50000.0,2600.0,0.0,25.0,0.0
60000.0,8500.0,0.0,24.0,0.0
95000.0,15000.0,0.0,24.0,0.0
60000.0,6125.0,0.0,22.0,0.0
75000.0,10000.0,0.0,24.0,0.0
75000.0,9000.0,0.0,22.0,0.0
54000.0,5500.0,0.0,24.0,0.0
102000.0,25000.0,0.0,25.0,1.0
61000.0,12000.0,0.0,22.0,0.0
44000.0,5500.0,0.0,23.0,0.0
105000.0,6500.0,1.0,25.0,0.0
72000.0,15000.0,0.0,22.0,0.0
30000.0,8000.0,0.0,24.0,0.0
29000.0,14400.0,0.0,24.0,1.0
21360.0,7500.0,0.0,23.0,1.0
75600.0,14500.0,0.0,25.0,0.0
108000.0,25000.0,0.0,26.0,1.0
49600.0,12000.0,0.0,25.0,0.0
52000.0,3300.0,0.0,26.0,0.0
43949.0,3000.0,0.0,23.0,0.0
40000.0,12000.0,0.0,26.0,0.0
60000.0,12000.0,0.0,24.0,0.0
50000.0,10000.0,0.0,26.0,0.0
38004.0,4500.0,0.0,23.0,0.0
70000.0,17000.0,0.0,23.0,0.0
48000.0,5000.0,0.0,22.0,0.0
24000.0,5500.0,0.0,23.0,0.0
34500.0,5000.0,1.0,22.0,1.0
120000.0,16000.0,0.0,24.0,0.0
80400.0,12000.0,0.0,24.0,0.0
50000.0,13750.0,0.0,23.0,1.0
126000.0,8000.0,0.0,23.0,0.0
20004.0,3000.0,0.0,21.0,0.0
160000.0,20000.0,0.0,22.0,0.0
46000.0,12000.0,0.0,22.0,0.0
40000.0,15000.0,0.0,26.0,0.0
40000.0,5600.0,0.0,25.0,0.0
75800.0,7000.0,0.0,23.0,0.0
43000.0,2400.0,0.0,22.0,0.0
55000.0,6000.0,0.0,25.0,0.0
60000.0,5000.0,0.0,26.0,0.0
30000.0,9000.0,0.0,25.0,0.0
52000.0,5000.0,0.0,22.0,0.0
100000.0,3000.0,0.0,22.0,0.0
90000.0,20000.0,0.0,25.0,0.0
46500.0,8000.0,0.0,24.0,1.0
145000.0,25000.0,0.0,25.0,0.0
60000.0,17000.0,0.0,25.0,0.0
200000.0,16000.0,0.0,21.0,0.0
79000.0,9000.0,0.0,25.0,0.0
120000.0,25000.0,0.0,24.0,0.0
47000.0,7000.0,0.0,24.0,0.0
47000.0,13850.0,1.0,23.0,0.0
72000.0,14000.0,0.0,24.0,0.0
45000.0,8650.0,0.0,23.0,0.0
61200.0,5650.0,0.0,25.0,0.0
34000.0,10000.0,0.0,25.0,0.0
22800.0,1775.0,0.0,23.0,0.0
28000.0,6000.0,0.0,23.0,0.0
45000.0,4000.0,1.0,24.0,1.0
44000.0,25000.0,1.0,24.0,1.0
40800.0,12000.0,0.0,21.0,1.0
75000.0,12000.0,0.0,26.0,0.0
33195.0,1800.0,0.0,23.0,0.0
90000.0,5525.0,0.0,26.0,0.0
24996.0,7500.0,0.0,25.0,0.0
74800.0,20000.0,1.0,23.0,1.0
168600.0,20000.0,0.0,23.0,0.0
43000.0,10000.0,0.0,24.0,1.0
28128.0,7500.0,0.0,25.0,1.0
64151.0,5000.0,0.0,24.0,0.0
44000.0,2000.0,0.0,24.0,1.0
105500.0,6000.0,0.0,22.0,0.0
90096.0,10150.0,0.0,23.0,0.0
306000.0,24250.0,0.0,25.0,0.0
49000.0,5000.0,1.0,23.0,1.0
53000.0,6800.0,0.0,26.0,0.0
49200.0,6000.0,0.0,25.0,0.0
38000.0,5400.0,0.0,23.0,0.0
54000.0,3200.0,0.0,22.0,1.0
75000.0,6000.0,0.0,23.0,0.0
120000.0,6000.0,0.0,26.0,0.0
100000.0,11000.0,0.0,23.0,0.0
106000.0,10000.0,0.0,23.0,0.0
57000.0,2400.0,0.0,24.0,0.0
33321.0,12250.0,1.0,24.0,0.0
28800.0,8000.0,0.0,21.0,0.0
74000.0,25000.0,0.0,23.0,1.0
54000.0,5100.0,0.0,25.0,0.0
59000.0,5000.0,0.0,25.0,0.0
40000.0,2000.0,0.0,24.0,0.0
75000.0,10200.0,0.0,23.0,0.0
40000.0,6500.0,0.0,25.0,0.0
53000.0,2500.0,0.0,26.0,0.0
24000.0,1000.0,1.0,22.0,0.0
30000.0,6000.0,0.0,23.0,0.0
49000.0,12000.0,0.0,25.0,1.0
46000.0,11000.0,0.0,22.0,0.0
46000.0,7000.0,0.0,25.0,0.0
32500.0,3000.0,1.0,26.0,0.0
73440.0,7000.0,0.0,24.0,0.0
120000.0,13000.0,0.0,26.0,0.0
66420.0,4000.0,0.0,25.0,0.0
75000.0,21000.0,0.0,22.0,0.0
20000.0,2500.0,1.0,21.0,0.0
57000.0,8000.0,0.0,24.0,0.0
30000.0,5000.0,0.0,22.0,0.0
52000.0,15000.0,0.0,24.0,0.0
89000.0,8000.0,0.0,26.0,0.0
48000.0,16500.0,0.0,22.0,1.0
77000.0,21000.0,0.0,22.0,0.0
70000.0,15000.0,1.0,25.0,0.0
98004.0,16000.0,1.0,24.0,1.0
55000.0,8000.0,0.0,23.0,0.0
35976.0,15000.0,0.0,23.0,1.0
62900.0,16800.0,0.0,24.0,1.0
72000.0,5000.0,0.0,24.0,0.0
47000.0,12000.0,0.0,24.0,0.0
50000.0,3000.0,0.0,24.0,0.0
27096.0,5000.0,0.0,25.0,1.0
72000.0,10000.0,0.0,23.0,0.0
57564.0,21000.0,0.0,22.0,0.0
24996.0,4000.0,0.0,24.0,0.0
54000.0,20000.0,0.0,23.0,1.0
38400.0,2200.0,0.0,25.0,0.0
72000.0,25000.0,0.0,25.0,0.0
67807.0,6400.0,0.0,22.0,0.0
12000.0,2100.0,0.0,23.0,1.0
115154.0,3000.0,1.0,24.0,0.0
59000.0,17000.0,0.0,23.0,0.0
60000.0,25000.0,0.0,23.0,1.0
48000.0,13000.0,0.0,22.0,1.0
39996.0,11000.0,0.0,22.0,0.0
7800.0,1000.0,0.0,24.0,0.0
54996.0,2500.0,1.0,22.0,0.0
40000.0,6000.0,1.0,23.0,0.0
54000.0,7000.0,0.0,22.0,0.0
65000.0,10000.0,0.0,21.0,0.0
80000.0,20000.0,1.0,24.0,0.0
60000.0,12000.0,0.0,26.0,0.0
24000.0,7000.0,0.0,24.0,1.0
91800.0,16800.0,1.0,22.0,1.0
121000.0,20000.0,0.0,24.0,0.0
50004.0,10000.0,0.0,24.0,0.0
145000.0,7000.0,0.0,24.0,0.0
35000.0,5000.0,0.0,23.0,1.0
55000.0,10000.0,0.0,26.0,1.0
83004.0,5450.0,0.0,26.0,0.0
51000.0,16750.0,0.0,25.0,0.0
88900.0,5000.0,0.0,26.0,0.0
109000.0,14000.0,0.0,25.0,0.0
96000.0,7300.0,0.0,23.0,0.0
60000.0,30000.0,1.0,26.0,0.0
70000.0,8000.0,0.0,26.0,0.0
35000.0,8000.0,0.0,22.0,0.0
72000.0,10000.0,0.0,25.0,0.0
31200.0,6000.0,1.0,21.0,1.0
65000.0,6400.0,0.0,24.0,0.0
51600.0,14000.0,0.0,26.0,1.0
70550.0,14000.0,1.0,23.0,1.0
63000.0,3500.0,0.0,26.0,0.0
86004.0,15000.0,0.0,25.0,0.0
42000.0,1925.0,0.0,25.0,0.0
58000.0,8000.0,1.0,23.0,0.0
82000.0,9200.0,0.0,25.0,0.0
30000.0,6300.0,1.0,22.0,0.0
33009.0,12000.0,0.0,21.0,0.0
54000.0,7000.0,0.0,25.0,1.0
30000.0,10000.0,0.0,25.0,0.0
28880.0,2000.0,0.0,22.0,0.0
34560.0,1200.0,0.0,22.0,1.0
74004.0,20000.0,0.0,25.0,1.0
74400.0,3500.0,0.0,24.0,0.0
70000.0,3500.0,0.0,23.0,0.0
36000.0,6500.0,1.0,23.0,1.0
30000.0,3600.0,0.0,22.0,0.0
18000.0,5400.0,1.0,22.0,1.0
12000.0,1600.0,0.0,21.0,0.0
52000.0,16000.0,0.0,25.0,1.0
48000.0,1400.0,0.0,25.0,0.0
89000.0,14000.0,0.0,25.0,0.0
101000.0,24250.0,0.0,24.0,0.0
63000.0,5000.0,0.0,22.0,0.0
80004.0,10000.0,0.0,25.0,0.0
46000.0,12800.0,1.0,23.0,1.0
42996.0,6000.0,1.0,23.0,0.0
50000.0,12500.0,0.0,24.0,0.0
91234.0,12000.0,0.0,22.0,0.0
69600.0,1350.0,1.0,22.0,0.0
20000.0,4000.0,0.0,22.0,0.0
14400.0,2000.0,1.0,26.0,1.0
82000.0,10750.0,0.0,22.0,0.0
93000.0,2100.0,0.0,24.0,1.0
75000.0,10000.0,0.0,23.0,0.0
56000.0,6000.0,0.0,25.0,0.0
52800.0,8000.0,0.0,24.0,0.0
44000.0,22800.0,0.0,24.0,1.0
57500.0,6000.0,0.0,25.0,1.0
71500.0,6400.0,0.0,22.0,0.0
41838.0,6600.0,0.0,22.0,1.0
78000.0,25000.0,0.0,25.0,0.0
44000.0,10000.0,1.0,21.0,0.0
64000.0,12000.0,1.0,23.0,0.0
100000.0,10000.0,0.0,23.0,0.0
58000.0,7200.0,0.0,23.0,1.0
54000.0,6600.0,0.0,26.0,0.0
42500.0,5000.0,0.0,22.0,0.0
67000.0,25000.0,0.0,23.0,1.0
40000.0,4000.0,0.0,24.0,0.0
24000.0,3500.0,1.0,24.0,1.0
40680.0,6000.0,0.0,22.0,1.0
64000.0,12000.0,1.0,23.0,1.0
122000.0,10000.0,1.0,25.0,0.0
126000.0,7500.0,0.0,26.0,0.0
65000.0,7000.0,1.0,25.0,0.0
77700.0,14000.0,0.0,25.0,0.0
36000.0,5000.0,0.0,21.0,0.0
75600.0,15000.0,1.0,25.0,0.0
35000.0,8000.0,0.0,22.0,0.0
57000.0,9600.0,0.0,25.0,1.0
120000.0,25000.0,0.0,23.0,0.0
54252.0,3500.0,0.0,22.0,0.0
11000.0,1400.0,0.0,23.0,0.0
105000.0,7200.0,0.0,23.0,0.0
85000.0,4400.0,0.0,24.0,0.0
27000.0,2925.0,0.0,22.0,0.0
30000.0,3000.0,0.0,22.0,0.0
47052.0,21250.0,0.0,25.0,1.0
47928.0,6000.0,0.0,24.0,0.0
105000.0,4800.0,1.0,25.0,0.0
38400.0,3600.0,1.0,23.0,0.0
24432.0,2000.0,0.0,22.0,0.0
46800.0,12725.0,0.0,26.0,0.0
60000.0,12000.0,0.0,22.0,0.0
38000.0,10000.0,0.0,25.0,0.0
59600.0,10000.0,0.0,24.0,0.0
95000.0,4000.0,0.0,24.0,0.0
62000.0,10000.0,1.0,23.0,0.0
18996.0,3200.0,0.0,22.0,1.0
32450.0,3250.0,0.0,26.0,0.0
38000.0,12000.0,0.0,23.0,1.0
48000.0,7500.0,1.0,22.0,0.0
12000.0,6100.0,0.0,26.0,1.0
117014.0,8400.0,0.0,25.0,0.0
12000.0,1000.0,0.0,22.0,1.0
85000.0,5000.0,0.0,23.0,0.0
31200.0,12000.0,0.0,22.0,1.0
69000.0,10000.0,0.0,22.0,1.0
40000.0,15000.0,0.0,23.0,1.0
36000.0,10000.0,0.0,25.0,0.0
54000.0,10000.0,0.0,26.0,0.0
43000.0,3000.0,0.0,23.0,0.0
35000.0,7000.0,0.0,24.0,0.0
115000.0,35000.0,0.0,23.0,0.0
55000.0,20000.0,0.0,23.0,1.0
24000.0,12250.0,0.0,23.0,1.0
96000.0,5000.0,0.0,25.0,0.0
84191.0,9000.0,0.0,26.0,0.0
54586.0,19000.0,0.0,23.0,1.0
138000.0,5000.0,1.0,24.0,1.0
39000.0,12000.0,0.0,23.0,1.0
69000.0,25000.0,0.0,25.0,0.0
30000.0,12000.0,0.0,25.0,1.0
70000.0,13750.0,0.0,22.0,0.0
29570.0,8000.0,0.0,22.0,1.0
90000.0,13000.0,0.0,26.0,0.0
54996.0,10000.0,0.0,25.0,0.0
60000.0,15000.0,0.0,23.0,0.0
55000.0,4000.0,0.0,24.0,0.0
48756.0,4800.0,0.0,23.0,0.0
72000.0,16000.0,0.0,26.0,0.0
72444.0,25000.0,0.0,24.0,0.0
70000.0,6000.0,0.0,23.0,0.0
59000.0,9000.0,0.0,23.0,0.0
62467.0,10625.0,0.0,24.0,0.0
24000.0,6000.0,0.0,25.0,0.0
180000.0,5000.0,0.0,23.0,0.0
30000.0,5000.0,0.0,25.0,0.0
39000.0,10000.0,0.0,23.0,1.0
170000.0,12000.0,0.0,23.0,0.0
42000.0,10000.0,0.0,22.0,0.0
84996.0,8000.0,1.0,24.0,0.0
130000.0,10000.0,0.0,26.0,0.0
78000.0,8100.0,0.0,23.0,0.0
60000.0,7000.0,0.0,25.0,0.0
33000.0,12500.0,1.0,22.0,0.0
29000.0,4000.0,0.0,24.0,1.0
76597.0,22000.0,0.0,24.0,0.0
65000.0,9000.0,0.0,24.0,0.0
43000.0,6000.0,0.0,22.0,0.0
31200.0,10000.0,1.0,22.0,1.0
107000.0,1000.0,0.0,25.0,0.0
35000.0,5700.0,1.0,22.0,0.0
48000.0,5000.0,0.0,23.0,0.0
53000.0,3000.0,0.0,25.0,0.0
52000.0,12000.0,0.0,24.0,0.0
12000.0,3250.0,1.0,21.0,1.0
36000.0,3250.0,0.0,22.0,0.0
99000.0,12000.0,0.0,24.0,0.0
20000.0,3500.0,1.0,25.0,0.0
72000.0,5000.0,0.0,22.0,0.0
45630.0,2500.0,1.0,22.0,1.0
42000.0,7000.0,0.0,22.0,0.0
18456.0,3500.0,0.0,21.0,1.0
150000.0,8200.0,0.0,22.0,0.0
52000.0,6000.0,0.0,26.0,0.0
72000.0,10000.0,0.0,23.0,0.0
80004.0,15000.0,0.0,26.0,0.0
74800.0,15000.0,0.0,23.0,1.0
56000.0,10000.0,0.0,26.0,1.0
68000.0,20000.0,1.0,22.0,0.0
37008.0,3600.0,0.0,22.0,0.0
63400.0,20000.0,0.0,26.0,0.0
36000.0,4000.0,0.0,23.0,1.0
63000.0,25000.0,0.0,25.0,0.0
55152.0,16000.0,0.0,24.0,0.0
87500.0,25000.0,1.0,21.0,0.0
49000.0,7000.0,0.0,24.0,1.0
54100.0,4500.0,0.0,24.0,0.0
24000.0,8500.0,0.0,24.0,1.0
55000.0,12000.0,0.0,21.0,0.0
48000.0,15000.0,0.0,22.0,1.0
50000.0,7000.0,0.0,24.0,0.0
50000.0,12800.0,0.0,22.0,0.0
50000.0,2000.0,0.0,22.0,0.0
54000.0,9975.0,0.0,22.0,1.0
46776.0,15000.0,0.0,23.0,0.0
50000.0,22000.0,0.0,22.0,0.0
30000.0,13000.0,0.0,22.0,1.0
85000.0,7000.0,0.0,24.0,0.0
51480.0,3000.0,0.0,22.0,0.0
43200.0,6000.0,0.0,22.0,0.0
26976.0,9000.0,0.0,23.0,1.0
155142.0,23000.0,0.0,26.0,0.0
42000.0,5000.0,0.0,26.0,0.0
19200.0,3000.0,0.0,23.0,1.0
59000.0,6000.0,0.0,26.0,1.0
29000.0,4000.0,0.0,25.0,1.0
62000.0,1600.0,1.0,24.0,0.0
17688.0,1700.0,0.0,23.0,0.0
43200.0,10000.0,0.0,24.0,0.0
71004.0,1800.0,0.0,22.0,0.0
36500.0,2500.0,0.0,24.0,0.0
45432.0,5000.0,0.0,21.0,0.0
65000.0,16500.0,0.0,23.0,0.0
30000.0,10625.0,0.0,23.0,1.0
76000.0,13500.0,0.0,24.0,0.0
57600.0,6500.0,0.0,22.0,0.0
45000.0,6575.0,0.0,23.0,0.0
138000.0,5000.0,0.0,23.0,1.0
49000.0,2500.0,0.0,25.0,0.0
57500.0,9100.0,0.0,22.0,0.0
68000.0,13000.0,0.0,22.0,0.0
50004.0,5000.0,0.0,26.0,0.0
50000.0,8000.0,0.0,22.0,0.0
42000.0,5000.0,1.0,22.0,0.0
35000.0,4000.0,0.0,21.0,0.0
25000.0,2050.0,0.0,22.0,0.0
37000.0,15000.0,0.0,22.0,1.0
135000.0,15000.0,1.0,26.0,0.0
32500.0,2500.0,0.0,22.0,0.0
44000.0,8475.0,0.0,26.0,0.0
76344.0,5000.0,0.0,25.0,0.0
50361.0,12000.0,0.0,22.0,0.0
24091.0,3500.0,1.0,23.0,0.0
95000.0,15000.0,0.0,26.0,0.0
59400.0,18500.0,1.0,25.0,0.0
33000.0,5500.0,0.0,23.0,1.0
47000.0,15000.0,0.0,26.0,1.0
63000.0,20000.0,0.0,25.0,0.0
45000.0,10000.0,0.0,21.0,0.0
140000.0,18000.0,0.0,21.0,0.0
95004.0,5000.0,0.0,23.0,0.0
75000.0,10000.0,0.0,22.0,0.0
51000.0,5000.0,0.0,26.0,1.0
35000.0,1800.0,0.0,24.0,0.0
34404.0,7500.0,1.0,22.0,1.0
30500.0,6800.0,1.0,24.0,1.0
104000.0,15000.0,0.0,21.0,0.0
42000.0,5000.0,1.0,26.0,0.0
60000.0,10000.0,0.0,23.0,0.0
32000.0,3200.0,0.0,22.0,0.0
91000.0,8000.0,0.0,22.0,0.0
90000.0,6000.0,0.0,25.0,0.0
58896.0,9500.0,0.0,22.0,0.0
105000.0,12800.0,0.0,22.0,0.0
80000.0,3000.0,0.0,26.0,0.0
31224.0,6400.0,0.0,22.0,0.0
46000.0,4000.0,0.0,22.0,0.0
90000.0,15000.0,1.0,23.0,0.0
39996.0,10000.0,0.0,25.0,0.0
40000.0,3000.0,0.0,25.0,0.0
44000.0,15000.0,0.0,25.0,1.0
61500.0,10000.0,0.0,22.0,0.0
35000.0,2500.0,0.0,26.0,0.0
90000.0,10000.0,0.0,25.0,0.0
87000.0,15000.0,0.0,26.0,0.0
15996.0,4000.0,1.0,22.0,1.0
48000.0,5000.0,0.0,22.0,0.0
36000.0,5300.0,0.0,25.0,0.0
57000.0,9500.0,0.0,25.0,0.0
54996.0,23600.0,0.0,24.0,1.0
21000.0,4000.0,0.0,24.0,0.0
75000.0,20000.0,0.0,24.0,0.0
40000.0,7000.0,0.0,24.0,0.0
29856.0,10300.0,0.0,23.0,1.0
85392.0,9600.0,0.0,24.0,0.0
37000.0,7200.0,0.0,21.0,0.0
29120.0,5000.0,0.0,24.0,0.0
32000.0,6000.0,0.0,25.0,1.0
91000.0,15000.0,0.0,22.0,0.0
95400.0,5000.0,0.0,26.0,0.0
28692.0,3000.0,0.0,21.0,0.0
90000.0,7750.0,0.0,25.0,0.0
69000.0,8650.0,0.0,22.0,0.0
70200.0,18000.0,1.0,25.0,0.0
92341.0,12000.0,0.0,24.0,0.0
60000.0,5000.0,0.0,23.0,0.0
62400.0,4000.0,0.0,24.0,0.0
40000.0,10500.0,0.0,24.0,0.0
37680.0,2000.0,1.0,26.0,1.0
35000.0,12000.0,1.0,26.0,1.0
78000.0,17000.0,0.0,23.0,0.0
47211.0,10000.0,0.0,24.0,0.0
57744.0,2500.0,0.0,23.0,0.0
69000.0,4800.0,0.0,23.0,0.0
95000.0,20000.0,0.0,26.0,0.0
91000.0,15000.0,0.0,24.0,0.0
30000.0,1500.0,1.0,21.0,0.0
97000.0,6400.0,0.0,24.0,0.0
68000.0,16000.0,0.0,22.0,0.0
70000.0,25000.0,0.0,24.0,1.0
45000.0,4750.0,0.0,22.0,0.0
42000.0,5750.0,0.0,23.0,0.0
75000.0,15000.0,0.0,25.0,0.0
51492.0,13800.0,0.0,25.0,0.0
70000.0,8950.0,0.0,24.0,0.0
49200.0,5600.0,0.0,25.0,0.0
78000.0,7750.0,0.0,22.0,0.0
84000.0,23000.0,0.0,23.0,0.0
75531.0,15000.0,0.0,26.0,0.0
30000.0,5200.0,1.0,25.0,1.0
100000.0,15000.0,1.0,22.0,0.0
24000.0,5550.0,1.0,23.0,0.0
79000.0,8000.0,0.0,24.0,0.0
87000.0,20000.0,0.0,22.0,0.0
39600.0,6000.0,0.0,23.0,0.0
53004.0,21000.0,0.0,24.0,0.0
38000.0,18500.0,0.0,22.0,1.0
27252.0,5800.0,0.0,23.0,0.0
51500.0,20000.0,0.0,24.0,1.0
59000.0,5000.0,0.0,25.0,1.0
22680.0,7000.0,0.0,24.0,1.0
94000.0,9600.0,0.0,24.0,0.0
48996.0,5000.0,0.0,25.0,1.0
100000.0,14000.0,0.0,23.0,0.0
31680.0,15000.0,1.0,21.0,1.0
65000.0,4800.0,0.0,20.0,0.0
78000.0,4600.0,0.0,23.0,0.0
60000.0,10000.0,0.0,23.0,0.0
21600.0,2000.0,0.0,21.0,1.0
87996.0,8000.0,0.0,26.0,0.0
58000.0,3500.0,0.0,26.0,0.0
117000.0,6000.0,0.0,26.0,0.0
52692.0,3500.0,1.0,23.0,0.0
40000.0,4000.0,0.0,22.0,0.0
51000.0,15000.0,0.0,24.0,0.0
125000.0,6500.0,0.0,25.0,0.0
76250.0,10000.0,0.0,26.0,0.0
127992.0,26000.0,0.0,26.0,0.0
39996.0,5000.0,0.0,24.0,1.0
51000.0,6000.0,0.0,23.0,0.0
40000.0,5925.0,0.0,25.0,0.0
65000.0,5000.0,0.0,26.0,0.0
40800.0,2000.0,0.0,22.0,0.0
40000.0,10000.0,0.0,22.0,0.0
59004.0,20000.0,0.0,25.0,1.0
72000.0,6000.0,0.0,24.0,0.0
45000.0,4000.0,0.0,26.0,0.0
166000.0,23450.0,0.0,22.0,0.0
80000.0,12000.0,0.0,25.0,0.0
33000.0,1000.0,0.0,25.0,0.0
41000.0,7000.0,0.0,21.0,0.0
60000.0,8000.0,0.0,23.0,0.0
200000.0,24000.0,0.0,25.0,0.0
24960.0,2500.0,0.0,22.0,0.0
60500.0,7000.0,1.0,22.0,0.0
62000.0,2000.0,1.0,24.0,0.0
72000.0,16000.0,0.0,24.0,0.0
42000.0,14750.0,1.0,22.0,0.0
100000.0,10000.0,0.0,22.0,0.0
75000.0,19600.0,0.0,22.0,0.0
36000.0,13750.0,1.0,25.0,1.0
36000.0,5300.0,0.0,24.0,0.0
80000.0,12000.0,0.0,24.0,0.0
50000.0,6400.0,0.0,25.0,0.0
30000.0,5000.0,0.0,24.0,1.0
47496.0,3500.0,0.0,23.0,0.0
80400.0,7000.0,0.0,26.0,0.0
100000.0,12000.0,1.0,23.0,0.0
18000.0,1500.0,1.0,21.0,0.0
32640.0,4800.0,0.0,23.0,0.0
64000.0,7500.0,0.0,26.0,0.0
33600.0,4450.0,0.0,24.0,0.0
110000.0,12000.0,0.0,24.0,0.0
136000.0,25000.0,0.0,24.0,1.0
92000.0,6500.0,0.0,23.0,0.0
77000.0,12400.0,0.0,22.0,0.0
28800.0,15000.0,0.0,26.0,1.0
36000.0,5000.0,1.0,22.0,0.0
75000.0,20000.0,0.0,25.0,0.0
96000.0,6000.0,0.0,24.0,0.0
50000.0,11000.0,1.0,24.0,0.0
105999.0,8550.0,0.0,23.0,0.0
44000.0,3600.0,1.0,22.0,1.0
96050.0,24000.0,1.0,26.0,1.0
33996.0,10800.0,0.0,26.0,1.0
42000.0,3000.0,0.0,22.0,0.0
136000.0,8000.0,0.0,23.0,0.0
30000.0,13250.0,0.0,22.0,0.0
35400.0,9600.0,0.0,23.0,0.0
125000.0,7500.0,0.0,23.0,0.0
53352.0,17500.0,0.0,23.0,1.0
14400.0,4000.0,0.0,23.0,1.0
80000.0,15000.0,0.0,25.0,0.0
80000.0,7000.0,1.0,26.0,0.0
25000.0,1800.0,0.0,22.0,0.0
75885.0,3000.0,0.0,23.0,0.0
65000.0,4000.0,0.0,26.0,0.0
44000.0,3200.0,0.0,23.0,0.0
48000.0,2000.0,0.0,25.0,0.0
65000.0,8000.0,0.0,23.0,0.0
48000.0,10000.0,0.0,22.0,0.0
60000.0,15000.0,0.0,22.0,0.0
30000.0,19750.0,0.0,23.0,1.0
115600.0,9925.0,0.0,26.0,0.0
12000.0,3000.0,0.0,21.0,1.0
38004.0,5000.0,0.0,23.0,0.0
130992.0,6000.0,0.0,23.0,0.0
60000.0,5200.0,0.0,22.0,0.0
85000.0,5000.0,0.0,23.0,0.0
20000.0,4000.0,0.0,25.0,0.0
45000.0,2000.0,0.0,26.0,0.0
52000.0,10000.0,0.0,22.0,0.0
51600.0,3000.0,0.0,24.0,0.0
60000.0,17500.0,0.0,22.0,0.0
56700.0,12000.0,0.0,23.0,0.0
48000.0,4400.0,0.0,24.0,0.0
34000.0,3800.0,1.0,22.0,1.0
37344.0,3200.0,0.0,23.0,0.0
62000.0,7500.0,1.0,22.0,0.0
103000.0,21000.0,1.0,24.0,0.0
45000.0,6000.0,0.0,24.0,0.0
120000.0,10000.0,0.0,24.0,0.0
40000.0,6000.0,0.0,25.0,0.0
113000.0,12000.0,0.0,23.0,0.0
38400.0,4200.0,0.0,24.0,0.0
20000.0,3000.0,0.0,24.0,0.0
60000.0,7000.0,0.0,22.0,0.0
48000.0,6000.0,1.0,23.0,0.0
61000.0,2500.0,0.0,23.0,0.0
56000.0,15000.0,1.0,21.0,1.0
46809.0,5000.0,0.0,24.0,0.0
39456.0,14000.0,0.0,23.0,0.0
115275.0,7500.0,1.0,23.0,0.0
48000.0,10000.0,0.0,26.0,0.0
59000.0,20000.0,0.0,23.0,1.0
50000.0,18000.0,0.0,25.0,0.0
72000.0,8000.0,0.0,24.0,0.0
48000.0,9000.0,0.0,26.0,0.0
52500.0,8000.0,1.0,22.0,0.0
76000.0,20000.0,0.0,25.0,0.0
39996.0,12000.0,0.0,23.0,0.0
68000.0,1000.0,0.0,23.0,0.0
82560.0,4500.0,0.0,25.0,0.0
74000.0,10000.0,0.0,26.0,0.0
38000.0,4800.0,0.0,25.0,0.0
31500.0,14850.0,0.0,25.0,1.0
88000.0,11000.0,0.0,25.0,0.0
42000.0,8000.0,0.0,24.0,0.0
60000.0,3000.0,0.0,25.0,0.0
157500.0,10000.0,0.0,23.0,0.0
37200.0,7000.0,0.0,22.0,1.0
75000.0,15000.0,0.0,24.0,0.0
68500.0,4200.0,0.0,23.0,0.0
29000.0,1000.0,0.0,25.0,1.0
35000.0,12000.0,0.0,24.0,1.0
16000.0,2275.0,1.0,23.0,0.0
65000.0,12000.0,0.0,24.0,0.0
70553.0,10000.0,0.0,21.0,1.0
34000.0,5500.0,1.0,26.0,0.0
25000.0,3600.0,0.0,21.0,0.0
49278.0,11000.0,1.0,24.0,0.0
52000.0,3500.0,0.0,24.0,0.0
27600.0,1000.0,1.0,21.0,0.0
59500.0,12000.0,0.0,26.0,0.0
33000.0,1400.0,1.0,22.0,0.0
106000.0,13000.0,0.0,24.0,1.0
28000.0,6900.0,0.0,22.0,0.0
20000.0,12000.0,0.0,25.0,1.0
60000.0,10000.0,0.0,21.0,0.0
38000.0,1950.0,0.0,22.0,0.0
37423.0,2800.0,0.0,21.0,0.0
74476.0,5000.0,0.0,22.0,1.0
45000.0,10000.0,1.0,25.0,0.0
24000.0,1375.0,0.0,23.0,1.0
100000.0,20000.0,1.0,25.0,0.0
48000.0,5500.0,0.0,24.0,0.0
61200.0,16000.0,0.0,22.0,1.0
95000.0,10000.0,0.0,24.0,0.0
38000.0,7500.0,0.0,23.0,0.0
103000.0,15000.0,0.0,22.0,0.0
85000.0,12000.0,1.0,23.0,0.0
75000.0,13200.0,0.0,23.0,0.0
28500.0,8500.0,0.0,22.0,0.0
74800.0,8400.0,0.0,23.0,1.0
57000.0,20000.0,1.0,24.0,1.0
15600.0,4500.0,0.0,23.0,1.0
50000.0,10000.0,0.0,23.0,0.0
78000.0,8000.0,0.0,25.0,1.0
75996.0,10000.0,0.0,25.0,0.0
60000.0,8000.0,0.0,23.0,0.0
38000.0,15000.0,0.0,26.0,0.0
48000.0,4800.0,0.0,23.0,0.0
42000.0,11000.0,0.0,24.0,0.0
95950.0,17500.0,0.0,25.0,0.0
84000.0,5000.0,0.0,25.0,0.0
37500.0,8000.0,0.0,23.0,0.0
49000.0,10000.0,0.0,25.0,1.0
52800.0,14000.0,0.0,23.0,0.0
33500.0,2500.0,1.0,23.0,1.0
70000.0,13000.0,0.0,23.0,0.0
38000.0,10000.0,1.0,22.0,0.0
28800.0,5000.0,0.0,25.0,0.0
114600.0,10000.0,1.0,23.0,0.0
63000.0,3000.0,1.0,25.0,0.0
65000.0,7000.0,0.0,23.0,0.0
57175.0,16000.0,1.0,22.0,1.0
24000.0,2500.0,0.0,22.0,0.0
67000.0,20000.0,1.0,24.0,0.0
36000.0,4500.0,0.0,21.0,1.0
67150.0,10000.0,0.0,23.0,1.0
31200.0,3200.0,1.0,23.0,0.0
45000.0,10625.0,0.0,24.0,1.0
67000.0,3250.0,0.0,23.0,0.0
29000.0,6000.0,0.0,24.0,0.0
22000.0,3000.0,0.0,24.0,0.0
29004.0,2000.0,0.0,23.0,0.0
35000.0,6600.0,0.0,26.0,0.0
52000.0,5000.0,1.0,26.0,0.0
70399.0,1000.0,0.0,24.0,0.0
18000.0,1500.0,0.0,21.0,1.0
85000.0,10000.0,0.0,23.0,0.0
66000.0,10000.0,0.0,22.0,0.0
49000.0,8500.0,0.0,22.0,0.0
47580.0,14000.0,0.0,21.0,0.0
30000.0,8400.0,0.0,23.0,0.0
24996.0,5000.0,0.0,21.0,1.0
44004.0,9000.0,0.0,22.0,1.0
32000.0,1200.0,0.0,23.0,0.0
88000.0,25000.0,1.0,24.0,1.0
45600.0,7200.0,0.0,24.0,0.0
95000.0,10000.0,0.0,23.0,0.0
69846.0,22500.0,0.0,26.0,1.0
75000.0,12500.0,1.0,23.0,0.0
55000.0,15000.0,1.0,22.0,0.0
122000.0,15000.0,0.0,24.0,0.0
62500.0,6500.0,0.0,24.0,0.0
93492.0,20000.0,0.0,26.0,0.0
37000.0,14000.0,0.0,26.0,1.0
61615.0,13000.0,0.0,23.0,0.0
50000.0,7800.0,0.0,22.0,0.0
75000.0,5000.0,0.0,22.0,0.0
45000.0,5000.0,0.0,26.0,0.0
33500.0,10000.0,0.0,25.0,0.0
75000.0,12000.0,0.0,26.0,0.0
45000.0,6000.0,1.0,24.0,1.0
61000.0,7500.0,0.0,21.0,0.0
28800.0,10000.0,1.0,22.0,0.0
56204.0,12000.0,1.0,25.0,1.0
57300.0,10400.0,1.0,25.0,0.0
66000.0,9200.0,0.0,23.0,0.0
83600.0,15000.0,0.0,23.0,1.0
45996.0,2000.0,1.0,24.0,0.0
24000.0,1300.0,0.0,22.0,0.0
50000.0,13000.0,0.0,22.0,0.0
70000.0,14400.0,0.0,22.0,0.0
47233.0,5000.0,0.0,23.0,0.0
51600.0,15000.0,0.0,26.0,0.0
72000.0,12000.0,0.0,24.0,0.0
44004.0,7000.0,0.0,21.0,1.0
60000.0,7000.0,0.0,23.0,0.0
63000.0,16000.0,1.0,23.0,1.0
42000.0,6500.0,0.0,23.0,0.0
65000.0,3600.0,0.0,23.0,0.0
48500.0,19500.0,0.0,25.0,1.0
42000.0,1000.0,0.0,21.0,1.0
45000.0,7750.0,0.0,26.0,0.0
120000.0,4800.0,0.0,25.0,0.0
49000.0,9600.0,0.0,25.0,1.0
22800.0,5000.0,1.0,26.0,0.0
55000.0,10000.0,0.0,22.0,0.0
36000.0,14000.0,0.0,23.0,0.0
70000.0,10000.0,0.0,24.0,0.0
27000.0,6000.0,1.0,23.0,0.0
58608.0,10000.0,0.0,22.0,0.0
185000.0,25000.0,0.0,22.0,0.0
80400.0,9000.0,0.0,23.0,0.0
41000.0,7000.0,0.0,24.0,0.0
57000.0,9500.0,0.0,25.0,0.0
51600.0,5000.0,0.0,26.0,1.0
20000.0,5000.0,0.0,22.0,0.0
60000.0,6900.0,0.0,25.0,0.0
38000.0,16000.0,0.0,24.0,0.0
104740.0,19200.0,0.0,21.0,0.0
76800.0,12800.0,0.0,26.0,0.0
92004.0,24250.0,0.0,23.0,0.0
44004.0,17000.0,0.0,23.0,0.0
36100.0,5000.0,0.0,23.0,0.0
31000.0,5550.0,0.0,22.0,1.0
49000.0,2700.0,0.0,24.0,0.0
63410.0,20000.0,0.0,24.0,1.0
70000.0,14000.0,0.0,25.0,0.0
103000.0,5000.0,0.0,26.0,0.0
21000.0,8000.0,1.0,22.0,1.0
54000.0,15550.0,0.0,23.0,0.0
53000.0,10000.0,0.0,24.0,0.0
86400.0,12200.0,0.0,24.0,0.0
90000.0,5000.0,1.0,24.0,0.0
33000.0,8000.0,0.0,25.0,0.0
70000.0,17000.0,0.0,24.0,0.0
12000.0,2500.0,0.0,24.0,1.0
28590.0,8000.0,1.0,24.0,1.0
70550.0,9000.0,1.0,24.0,1.0
51000.0,13000.0,1.0,26.0,1.0
33800.0,13000.0,1.0,26.0,1.0
74000.0,5050.0,0.0,22.0,0.0
91000.0,1000.0,0.0,24.0,0.0
65004.0,5000.0,0.0,21.0,0.0
83100.0,5000.0,1.0,24.0,0.0
54000.0,8500.0,0.0,26.0,1.0
60000.0,7000.0,1.0,23.0,0.0
44004.0,5000.0,0.0,22.0,0.0
107000.0,24000.0,1.0,22.0,1.0
130000.0,35000.0,0.0,26.0,0.0
84000.0,15000.0,1.0,26.0,1.0
108366.0,35000.0,0.0,23.0,1.0
64000.0,6600.0,0.0,22.0,0.0
40000.0,10000.0,0.0,23.0,0.0
48000.0,15000.0,0.0,26.0,1.0
100000.0,17600.0,0.0,25.0,0.0
80000.0,6300.0,0.0,26.0,0.0
425000.0,10000.0,0.0,24.0,0.0
55680.0,7875.0,0.0,24.0,0.0
140300.0,6000.0,0.0,24.0,0.0
34000.0,20000.0,0.0,25.0,1.0
79404.0,20000.0,0.0,25.0,0.0
69000.0,10000.0,1.0,25.0,1.0
30000.0,5000.0,1.0,21.0,1.0
29232.0,11000.0,0.0,24.0,0.0
37500.0,1800.0,0.0,23.0,0.0
59000.0,11000.0,0.0,22.0,0.0
32388.0,6000.0,0.0,23.0,0.0
48000.0,10000.0,1.0,23.0,0.0
36600.0,9950.0,0.0,22.0,0.0
45000.0,3800.0,0.0,25.0,0.0
100000.0,7000.0,0.0,23.0,0.0
29000.0,2500.0,1.0,25.0,1.0
12000.0,6700.0,0.0,22.0,1.0
70000.0,10000.0,0.0,26.0,0.0
70800.0,10000.0,0.0,22.0,0.0
30000.0,3000.0,0.0,24.0,0.0
24500.0,8875.0,0.0,26.0,1.0
40000.0,2000.0,0.0,23.0,0.0
174000.0,8800.0,0.0,25.0,0.0
72600.0,4500.0,0.0,26.0,0.0
75000.0,20000.0,0.0,26.0,0.0
42000.0,2000.0,0.0,25.0,0.0
89250.0,7500.0,1.0,22.0,1.0
50000.0,17000.0,0.0,23.0,0.0
70000.0,12000.0,0.0,25.0,0.0
30000.0,6000.0,0.0,21.0,1.0
100000.0,12000.0,0.0,22.0,0.0
41000.0,8000.0,0.0,25.0,0.0
55000.0,10000.0,0.0,24.0,0.0
35000.0,8575.0,0.0,24.0,0.0
62000.0,6000.0,0.0,21.0,0.0
70000.0,3600.0,0.0,23.0,0.0
100000.0,25000.0,0.0,23.0,0.0
13806.0,4750.0,1.0,21.0,1.0
69743.0,1000.0,0.0,23.0,0.0
41000.0,4700.0,0.0,23.0,0.0
55000.0,8000.0,1.0,23.0,0.0
140000.0,35000.0,0.0,25.0,0.0
43000.0,9000.0,0.0,23.0,0.0
31200.0,3200.0,0.0,22.0,0.0
46852.0,6800.0,0.0,23.0,1.0
72000.0,9000.0,0.0,23.0,0.0
39900.0,6000.0,0.0,21.0,0.0
67500.0,7500.0,0.0,22.0,0.0
23000.0,7000.0,0.0,21.0,0.0
30000.0,6000.0,0.0,24.0,0.0
50000.0,10000.0,0.0,22.0,0.0
18000.0,3000.0,0.0,21.0,1.0
34900.0,5000.0,0.0,24.0,0.0
18000.0,3200.0,0.0,21.0,1.0
98000.0,2000.0,0.0,25.0,0.0
51996.0,4000.0,1.0,23.0,0.0
100000.0,7500.0,0.0,26.0,0.0
33000.0,4800.0,0.0,23.0,0.0
112000.0,3500.0,0.0,24.0,0.0
32000.0,4000.0,0.0,23.0,0.0
67983.0,15000.0,0.0,26.0,1.0
20400.0,1200.0,0.0,23.0,0.0
45792.0,17000.0,0.0,24.0,1.0
56004.0,7000.0,0.0,25.0,0.0
35000.0,4000.0,0.0,25.0,0.0
30000.0,4000.0,0.0,25.0,0.0
92000.0,18000.0,0.0,23.0,0.0
56100.0,20000.0,1.0,24.0,1.0
85000.0,25000.0,0.0,24.0,0.0
69996.0,5600.0,0.0,23.0,0.0
37000.0,3600.0,0.0,23.0,1.0
43000.0,10000.0,0.0,25.0,0.0
60000.0,9000.0,0.0,23.0,0.0
32000.0,8500.0,1.0,23.0,0.0
42000.0,12000.0,0.0,24.0,0.0
43200.0,13800.0,0.0,25.0,0.0
80000.0,5000.0,0.0,24.0,0.0
77000.0,7200.0,0.0,25.0,1.0
62500.0,6000.0,0.0,24.0,0.0
63600.0,7000.0,0.0,25.0,1.0
19200.0,5000.0,1.0,22.0,1.0
89000.0,16000.0,0.0,22.0,0.0
80000.0,16000.0,0.0,24.0,0.0
59000.0,6800.0,0.0,24.0,1.0
34000.0,10000.0,1.0,25.0,1.0
50000.0,6000.0,0.0,22.0,0.0
30000.0,10000.0,0.0,24.0,1.0
46000.0,5975.0,1.0,24.0,1.0
80000.0,16000.0,0.0,25.0,0.0
89772.0,6000.0,1.0,24.0,0.0
33000.0,3000.0,0.0,25.0,0.0
54000.0,1500.0,0.0,23.0,0.0
30000.0,6500.0,0.0,22.0,0.0
70000.0,14400.0,0.0,24.0,0.0
96000.0,10000.0,0.0,23.0,0.0
39000.0,7000.0,0.0,22.0,1.0
105000.0,5000.0,0.0,26.0,0.0
56000.0,18250.0,0.0,22.0,1.0
100000.0,4150.0,0.0,23.0,0.0
48000.0,1000.0,0.0,22.0,0.0
35000.0,10000.0,0.0,21.0,0.0
39900.0,12000.0,0.0,21.0,0.0
30000.0,2000.0,0.0,25.0,0.0
96000.0,12000.0,0.0,25.0,0.0
101424.0,2000.0,0.0,25.0,0.0
26400.0,8500.0,0.0,26.0,0.0
29200.0,2500.0,0.0,24.0,0.0
44000.0,10000.0,0.0,25.0,1.0
45000.0,11250.0,0.0,25.0,0.0
56000.0,20000.0,1.0,24.0,1.0
33000.0,5000.0,0.0,22.0,0.0
70000.0,25000.0,0.0,24.0,0.0
68000.0,11500.0,0.0,23.0,0.0
37200.0,10000.0,0.0,22.0,0.0
25200.0,7500.0,0.0,22.0,1.0
62400.0,15000.0,0.0,24.0,0.0
40000.0,5000.0,0.0,26.0,0.0
80004.0,20000.0,0.0,25.0,0.0
55000.0,4200.0,0.0,23.0,0.0
100000.0,21000.0,1.0,25.0,1.0
50004.0,4000.0,0.0,22.0,0.0
38400.0,5000.0,0.0,21.0,0.0
61400.0,12250.0,1.0,24.0,0.0
53664.0,15000.0,0.0,23.0,0.0
62000.0,8400.0,0.0,22.0,0.0
35325.0,6500.0,0.0,22.0,1.0
50000.0,10000.0,0.0,23.0,0.0
45600.0,13000.0,0.0,25.0,0.0
47500.0,7500.0,0.0,21.0,0.0
58000.0,8000.0,0.0,23.0,0.0
60000.0,7000.0,0.0,22.0,0.0
75000.0,10000.0,0.0,23.0,0.0
62500.0,12000.0,1.0,26.0,0.0
33685.0,5000.0,0.0,22.0,0.0
98000.0,6000.0,0.0,21.0,0.0
85596.0,6000.0,0.0,23.0,0.0
45000.0,12000.0,0.0,24.0,0.0
55000.0,3200.0,0.0,26.0,0.0
27996.0,5500.0,0.0,23.0,0.0
18000.0,4000.0,0.0,23.0,1.0
61000.0,5000.0,0.0,22.0,0.0
95000.0,7200.0,1.0,22.0,0.0
69996.0,25000.0,0.0,25.0,1.0
27983.0,6000.0,0.0,26.0,0.0
85500.0,17000.0,1.0,23.0,0.0
58000.0,15000.0,1.0,22.0,0.0
45000.0,5400.0,0.0,22.0,0.0
43500.0,10450.0,0.0,23.0,0.0
102000.0,20000.0,0.0,26.0,0.0
74000.0,2500.0,0.0,22.0,0.0
23000.0,5500.0,0.0,24.0,0.0
49000.0,4000.0,0.0,23.0,0.0
50000.0,10000.0,0.0,23.0,0.0
85000.0,15000.0,0.0,26.0,0.0
48000.0,7200.0,0.0,22.0,0.0
57355.0,25000.0,0.0,23.0,1.0
30996.0,7000.0,1.0,24.0,0.0
22200.0,2500.0,1.0,21.0,1.0
25000.0,4400.0,0.0,24.0,0.0
22596.0,7500.0,0.0,22.0,1.0
33300.0,5325.0,0.0,22.0,1.0
35000.0,4000.0,0.0,25.0,0.0
127500.0,15000.0,0.0,22.0,0.0
18000.0,3000.0,0.0,24.0,1.0
45000.0,6000.0,0.0,23.0,0.0
65000.0,9600.0,0.0,24.0,0.0
69000.0,6200.0,1.0,26.0,1.0
46000.0,9000.0,0.0,26.0,0.0
48000.0,5000.0,0.0,24.0,0.0
13200.0,2500.0,0.0,22.0,1.0
49000.0,7000.0,0.0,25.0,0.0
60000.0,5500.0,0.0,22.0,0.0
26400.0,3500.0,0.0,22.0,0.0
42000.0,7000.0,0.0,24.0,0.0
50000.0,10000.0,0.0,22.0,0.0
34000.0,15450.0,1.0,25.0,1.0
80000.0,6000.0,0.0,24.0,0.0
55782.0,17000.0,0.0,24.0,0.0
65935.0,24250.0,0.0,26.0,1.0
82000.0,20900.0,0.0,23.0,0.0
46800.0,12000.0,0.0,25.0,1.0
78000.0,9000.0,1.0,25.0,1.0
67000.0,12150.0,0.0,24.0,0.0
19680.0,7750.0,0.0,22.0,1.0
43200.0,9100.0,0.0,23.0,1.0
80000.0,5550.0,0.0,24.0,0.0
50663.0,7500.0,0.0,22.0,0.0
122500.0,10000.0,0.0,26.0,0.0
33600.0,5000.0,0.0,22.0,0.0
88512.0,3000.0,0.0,22.0,0.0
28800.0,2800.0,0.0,23.0,0.0
48000.0,9925.0,0.0,22.0,0.0
75000.0,6000.0,0.0,23.0,0.0
110000.0,12000.0,0.0,24.0,0.0
46000.0,7000.0,0.0,26.0,1.0
85000.0,16000.0,0.0,24.0,0.0
45000.0,1700.0,0.0,23.0,0.0
72000.0,10800.0,0.0,23.0,0.0
15600.0,2800.0,0.0,21.0,1.0
40944.0,8200.0,0.0,24.0,0.0
105000.0,12000.0,0.0,25.0,0.0
26000.0,7750.0,0.0,21.0,1.0
31000.0,13500.0,1.0,24.0,1.0
60000.0,10000.0,0.0,22.0,0.0
28000.0,6400.0,1.0,24.0,0.0
99996.0,4800.0,0.0,23.0,0.0
33204.0,2000.0,1.0,23.0,0.0
29004.0,11000.0,1.0,21.0,1.0
45000.0,8000.0,1.0,22.0,0.0
25000.0,11100.0,0.0,22.0,0.0
26400.0,8875.0,0.0,24.0,1.0
67000.0,16000.0,0.0,24.0,0.0
62500.0,12000.0,0.0,25.0,1.0
78000.0,7200.0,0.0,26.0,0.0
68000.0,14400.0,0.0,23.0,1.0
35000.0,1850.0,0.0,24.0,0.0
45000.0,10000.0,0.0,25.0,0.0
69000.0,15000.0,0.0,23.0,1.0
80000.0,1500.0,0.0,22.0,0.0
56000.0,8150.0,0.0,26.0,0.0
40308.0,5000.0,0.0,23.0,0.0
49200.0,4000.0,1.0,24.0,0.0
54000.0,4000.0,0.0,24.0,0.0
50400.0,2500.0,0.0,23.0,0.0
70000.0,16000.0,0.0,25.0,0.0
87000.0,7500.0,1.0,23.0,0.0
72500.0,14000.0,1.0,21.0,0.0
42000.0,2500.0,1.0,24.0,0.0
60996.0,12000.0,0.0,26.0,0.0
200000.0,6000.0,0.0,23.0,0.0
57000.0,15000.0,1.0,25.0,0.0
21000.0,8000.0,0.0,26.0,0.0
55000.0,24200.0,0.0,25.0,0.0
45996.0,10800.0,0.0,24.0,0.0
20400.0,4500.0,0.0,21.0,0.0
34800.0,6600.0,0.0,23.0,0.0
77078.0,3425.0,0.0,25.0,0.0
100000.0,24000.0,0.0,26.0,0.0
34000.0,12000.0,0.0,26.0,0.0
93000.0,12000.0,1.0,24.0,1.0
29000.0,3000.0,0.0,25.0,1.0
20004.0,2500.0,0.0,21.0,0.0
120000.0,5275.0,0.0,24.0,0.0
36000.0,10000.0,0.0,23.0,0.0
72250.0,30000.0,0.0,23.0,1.0
66000.0,5000.0,0.0,23.0,0.0
193000.0,10000.0,0.0,24.0,0.0
92500.0,12000.0,0.0,26.0,0.0
105000.0,13800.0,0.0,24.0,0.0
45000.0,8000.0,0.0,25.0,0.0
43680.0,10800.0,0.0,24.0,0.0
34000.0,7500.0,0.0,26.0,0.0
32500.0,12000.0,0.0,22.0,1.0
31200.0,5000.0,0.0,26.0,0.0
77000.0,3000.0,0.0,25.0,0.0
40000.0,4500.0,0.0,22.0,0.0
44000.0,7500.0,0.0,25.0,1.0
66000.0,25000.0,0.0,25.0,1.0
25716.0,9250.0,0.0,25.0,1.0
40000.0,5000.0,1.0,25.0,0.0
45000.0,1500.0,0.0,26.0,0.0
48200.0,5000.0,0.0,24.0,0.0
117696.0,15000.0,0.0,23.0,0.0
54000.0,13200.0,1.0,26.0,1.0
38000.0,12000.0,0.0,24.0,1.0
52000.0,9750.0,1.0,22.0,0.0
1200000.0,12000.0,0.0,32.0,0.0
948000.0,2000.0,0.0,34.0,0.0
70500.0,35000.0,0.0,29.0,1.0
77100.0,35000.0,0.0,33.0,1.0
10000.0,3250.0,0.0,29.0,1.0
80000.0,35000.0,0.0,28.0,1.0
80000.0,35000.0,1.0,29.0,1.0
648000.0,10000.0,1.0,35.0,1.0
85000.0,35000.0,0.0,29.0,1.0
73000.0,35000.0,1.0,31.0,1.0
89000.0,35000.0,0.0,34.0,1.0
100000.0,35000.0,0.0,27.0,1.0
504000.0,3000.0,0.0,30.0,0.0
500000.0,20000.0,1.0,35.0,0.0
500000.0,7500.0,1.0,35.0,0.0
468000.0,3750.0,1.0,33.0,1.0
120000.0,35000.0,0.0,34.0,0.0
138000.0,35000.0,1.0,33.0,1.0
160000.0,35000.0,1.0,29.0,0.0
400000.0,15000.0,0.0,33.0,0.0
400000.0,28000.0,0.0,31.0,0.0
400000.0,25000.0,0.0,29.0,0.0
325550.0,35000.0,1.0,34.0,1.0
390000.0,35000.0,0.0,33.0,0.0
390000.0,10000.0,0.0,27.0,0.0
165000.0,35000.0,0.0,28.0,0.0
170000.0,35000.0,1.0,30.0,0.0
250000.0,35000.0,0.0,33.0,0.0
81000.0,34000.0,0.0,30.0,1.0
11029.0,2150.0,1.0,28.0,1.0
350000.0,32000.0,0.0,30.0,0.0
350000.0,10000.0,1.0,33.0,0.0
350000.0,35000.0,0.0,35.0,0.0
338000.0,24000.0,0.0,29.0,1.0
287300.0,15000.0,1.0,34.0,1.0
348000.0,25000.0,0.0,32.0,0.0
340000.0,25000.0,0.0,30.0,0.0
336000.0,2150.0,1.0,28.0,0.0
334000.0,18000.0,1.0,34.0,0.0
69996.0,32000.0,0.0,34.0,1.0
11440.0,1750.0,1.0,30.0,0.0
73000.0,32000.0,0.0,28.0,1.0
105500.0,31000.0,0.0,28.0,0.0
307000.0,11000.0,1.0,32.0,0.0
305000.0,35000.0,1.0,31.0,0.0
300000.0,10000.0,1.0,27.0,0.0
300000.0,4000.0,0.0,30.0,0.0
61200.0,30000.0,0.0,34.0,1.0
75000.0,30000.0,0.0,27.0,1.0
80000.0,30000.0,0.0,29.0,1.0
80000.0,30000.0,0.0,34.0,1.0
300000.0,16000.0,0.0,34.0,0.0
244800.0,8000.0,0.0,29.0,1.0
300000.0,25000.0,0.0,31.0,0.0
288000.0,25000.0,1.0,32.0,1.0
288000.0,25000.0,0.0,28.0,1.0
105000.0,30000.0,0.0,29.0,0.0
112260.0,30000.0,0.0,29.0,0.0
286000.0,30000.0,0.0,34.0,0.0
285000.0,21000.0,0.0,34.0,0.0
285000.0,10000.0,0.0,33.0,0.0
232050.0,25000.0,1.0,30.0,1.0
285000.0,25000.0,0.0,28.0,0.0
280000.0,21600.0,0.0,35.0,0.0
280000.0,15000.0,0.0,29.0,0.0
280000.0,20000.0,0.0,28.0,0.0
128000.0,30000.0,0.0,31.0,1.0
275000.0,25000.0,0.0,31.0,0.0
273655.0,19600.0,0.0,31.0,0.0
258000.0,35000.0,1.0,27.0,1.0
270000.0,35000.0,0.0,30.0,0.0
270000.0,21000.0,0.0,30.0,0.0
267000.0,25000.0,0.0,30.0,0.0
73000.0,29700.0,0.0,31.0,1.0
148616.0,29550.0,0.0,29.0,0.0
81300.0,29000.0,0.0,27.0,1.0
89000.0,28800.0,0.0,29.0,1.0
260000.0,20000.0,0.0,29.0,0.0
260000.0,18000.0,0.0,31.0,0.0
260000.0,25000.0,1.0,31.0,0.0
258000.0,28000.0,0.0,31.0,0.0
250000.0,35000.0,0.0,28.0,0.0
238000.0,12000.0,0.0,27.0,1.0
65000.0,28000.0,0.0,27.0,1.0
12000.0,3250.0,0.0,34.0,1.0
202300.0,25000.0,0.0,32.0,1.0
250000.0,8000.0,0.0,29.0,0.0
250000.0,4000.0,1.0,31.0,0.0
250000.0,15000.0,0.0,35.0,0.0
96000.0,28000.0,0.0,28.0,0.0
12000.0,4500.0,0.0,29.0,1.0
111000.0,28000.0,0.0,27.0,0.0
115000.0,28000.0,0.0,35.0,0.0
87550.0,28000.0,0.0,35.0,1.0
12000.0,8125.0,1.0,27.0,1.0
240000.0,35000.0,0.0,27.0,0.0
240000.0,8400.0,0.0,32.0,0.0
240000.0,5500.0,0.0,31.0,0.0
240000.0,10000.0,0.0,29.0,0.0
240000.0,28000.0,1.0,30.0,0.0
228000.0,35000.0,0.0,29.0,1.0
240000.0,5000.0,0.0,29.0,0.0
240000.0,18000.0,0.0,30.0,0.0
193800.0,20000.0,0.0,32.0,1.0
52000.0,26000.0,0.0,27.0,1.0
122000.0,25600.0,1.0,31.0,0.0
231252.0,2000.0,0.0,27.0,0.0
40000.0,25000.0,0.0,34.0,1.0
47000.0,25000.0,1.0,27.0,1.0
48000.0,25000.0,0.0,33.0,1.0
225000.0,25000.0,0.0,30.0,0.0
225000.0,30000.0,0.0,28.0,0.0
225000.0,8000.0,0.0,33.0,0.0
48000.0,25000.0,0.0,27.0,1.0
225000.0,25000.0,0.0,27.0,0.0
225000.0,16800.0,1.0,28.0,0.0
225000.0,20000.0,0.0,32.0,0.0
225000.0,5000.0,0.0,28.0,0.0
49861.0,25000.0,1.0,28.0,1.0
220000.0,14725.0,0.0,29.0,0.0
219996.0,20000.0,0.0,31.0,0.0
218000.0,14400.0,0.0,29.0,0.0
216000.0,15000.0,1.0,28.0,0.0
215662.0,21000.0,0.0,28.0,0.0
53196.0,25000.0,0.0,32.0,1.0
54000.0,25000.0,0.0,30.0,1.0
48000.0,25000.0,1.0,29.0,1.0
210000.0,24000.0,0.0,30.0,0.0
210000.0,24250.0,1.0,30.0,0.0
209000.0,15000.0,1.0,28.0,0.0
207182.0,22000.0,0.0,27.0,0.0
54383.0,25000.0,1.0,30.0,1.0
49000.0,25000.0,0.0,27.0,1.0
13500.0,6700.0,0.0,28.0,1.0
204000.0,25000.0,1.0,27.0,0.0
204000.0,16000.0,0.0,34.0,0.0
204000.0,12000.0,0.0,31.0,0.0
162350.0,25000.0,1.0,29.0,1.0
202040.0,12000.0,1.0,28.0,0.0
202000.0,28000.0,0.0,32.0,0.0
56952.0,25000.0,0.0,30.0,1.0
60000.0,25000.0,0.0,31.0,1.0
60000.0,25000.0,0.0,28.0,1.0
200004.0,19000.0,0.0,29.0,0.0
200004.0,6000.0,0.0,35.0,0.0
200000.0,10000.0,0.0,29.0,0.0
200000.0,15000.0,0.0,28.0,0.0
200000.0,35000.0,1.0,32.0,0.0
200000.0,25000.0,0.0,28.0,0.0
200000.0,24000.0,0.0,31.0,0.0
200000.0,30000.0,0.0,31.0,0.0
200000.0,15000.0,0.0,28.0,0.0
61000.0,25000.0,0.0,28.0,1.0
200000.0,10000.0,0.0,28.0,0.0
200000.0,18000.0,0.0,35.0,0.0
188000.0,5000.0,0.0,35.0,1.0
63000.0,25000.0,0.0,28.0,1.0
63235.0,25000.0,0.0,32.0,1.0
65000.0,25000.0,0.0,30.0,1.0
65800.0,25000.0,0.0,31.0,1.0
200000.0,15000.0,0.0,27.0,0.0
200000.0,10000.0,0.0,30.0,0.0
200000.0,25000.0,1.0,28.0,0.0
200000.0,10000.0,0.0,27.0,0.0
188000.0,25000.0,0.0,32.0,1.0
66000.0,25000.0,0.0,29.0,1.0
200000.0,14400.0,0.0,29.0,0.0
200000.0,24250.0,0.0,30.0,0.0
200000.0,6000.0,0.0,30.0,0.0
188000.0,25000.0,0.0,29.0,1.0
200000.0,5000.0,0.0,27.0,0.0
200000.0,10000.0,0.0,30.0,0.0
200000.0,24250.0,0.0,28.0,0.0
200000.0,20000.0,0.0,30.0,0.0
69000.0,25000.0,1.0,30.0,1.0
69996.0,25000.0,1.0,32.0,1.0
70000.0,25000.0,0.0,27.0,1.0
14400.0,2000.0,0.0,33.0,0.0
64000.0,25000.0,0.0,32.0,1.0
70000.0,25000.0,0.0,29.0,1.0
72000.0,25000.0,1.0,30.0,1.0
72000.0,25000.0,0.0,27.0,1.0
57800.0,25000.0,0.0,31.0,1.0
74400.0,25000.0,0.0,32.0,1.0
68872.0,25000.0,1.0,29.0,1.0
75000.0,25000.0,0.0,30.0,1.0
75000.0,25000.0,0.0,34.0,1.0
192000.0,15000.0,1.0,29.0,0.0
192000.0,10000.0,0.0,35.0,0.0
190000.0,4000.0,0.0,29.0,0.0
190000.0,15000.0,0.0,31.0,0.0
190000.0,9000.0,0.0,31.0,0.0
190000.0,35000.0,0.0,28.0,0.0
14400.0,5550.0,0.0,35.0,1.0
69000.0,25000.0,1.0,27.0,1.0
75600.0,25000.0,0.0,30.0,1.0
77000.0,25000.0,0.0,30.0,1.0
190000.0,7000.0,0.0,29.0,0.0
190000.0,23000.0,0.0,27.0,0.0
178000.0,12000.0,1.0,34.0,1.0
190000.0,15000.0,0.0,30.0,0.0
190000.0,20000.0,0.0,33.0,0.0
190000.0,15000.0,0.0,32.0,0.0
189996.0,8400.0,0.0,32.0,0.0
189000.0,20000.0,0.0,33.0,0.0
78000.0,25000.0,0.0,31.0,1.0
72000.0,25000.0,1.0,27.0,1.0
186996.0,25000.0,1.0,33.0,0.0
148410.0,11200.0,1.0,29.0,1.0
186480.0,10000.0,1.0,28.0,0.0
186063.0,25000.0,0.0,29.0,0.0
186000.0,3700.0,0.0,27.0,0.0
186000.0,2500.0,0.0,28.0,0.0
185000.0,15000.0,0.0,30.0,0.0
173000.0,28000.0,1.0,29.0,1.0
80000.0,25000.0,1.0,35.0,1.0
80000.0,25000.0,0.0,33.0,1.0
183000.0,15000.0,1.0,27.0,0.0
80000.0,25000.0,0.0,32.0,1.0
14400.0,1000.0,0.0,30.0,0.0
14400.0,9250.0,0.0,30.0,1.0
180396.0,18000.0,0.0,29.0,0.0
180000.0,31000.0,1.0,29.0,0.0
180000.0,12500.0,0.0,30.0,0.0
180000.0,15000.0,0.0,27.0,0.0
180000.0,9000.0,1.0,31.0,0.0
180000.0,10000.0,0.0,32.0,0.0
180000.0,10000.0,0.0,31.0,0.0
14400.0,5000.0,0.0,30.0,1.0
84000.0,25000.0,1.0,28.0,0.0
85000.0,25000.0,0.0,31.0,0.0
180000.0,12900.0,1.0,34.0,0.0
180000.0,13000.0,0.0,33.0,0.0
180000.0,15000.0,0.0,29.0,0.0
180000.0,28000.0,1.0,30.0,0.0
180000.0,8000.0,0.0,27.0,0.0
180000.0,8500.0,0.0,35.0,0.0
180000.0,9000.0,0.0,28.0,0.0
85000.0,25000.0,0.0,31.0,0.0
85000.0,25000.0,0.0,30.0,0.0
15000.0,4375.0,0.0,28.0,1.0
180000.0,20000.0,0.0,30.0,0.0
180000.0,7000.0,0.0,33.0,0.0
168000.0,10000.0,0.0,30.0,1.0
168000.0,15000.0,1.0,28.0,1.0
168000.0,24000.0,0.0,27.0,1.0
90000.0,25000.0,0.0,32.0,0.0
90000.0,25000.0,0.0,32.0,0.0
15000.0,5000.0,0.0,29.0,1.0
91000.0,25000.0,0.0,34.0,0.0
15000.0,2000.0,1.0,31.0,1.0
92200.0,25000.0,0.0,29.0,0.0
175000.0,6000.0,0.0,28.0,0.0
175000.0,16000.0,0.0,35.0,0.0
175000.0,15000.0,0.0,29.0,0.0
175000.0,7500.0,0.0,31.0,0.0
175000.0,2200.0,0.0,35.0,0.0
97000.0,25000.0,0.0,29.0,0.0
86000.0,25000.0,1.0,31.0,1.0
88000.0,25000.0,1.0,29.0,1.0
100000.0,25000.0,0.0,33.0,0.0
15000.0,4000.0,0.0,28.0,1.0
15000.0,3700.0,0.0,35.0,1.0
75480.0,25000.0,1.0,30.0,1.0
102000.0,25000.0,0.0,30.0,0.0
15000.0,1925.0,0.0,35.0,0.0
103250.0,25000.0,0.0,27.0,0.0
105996.0,25000.0,0.0,29.0,0.0
175000.0,6000.0,0.0,30.0,0.0
174996.0,25000.0,1.0,29.0,0.0
96000.0,25000.0,1.0,27.0,1.0
110000.0,25000.0,0.0,35.0,0.0
171996.0,15000.0,0.0,34.0,0.0
159200.0,16000.0,1.0,31.0,1.0
159000.0,6000.0,0.0,28.0,1.0
170004.0,12000.0,0.0,33.0,0.0
15456.0,4000.0,0.0,31.0,1.0
158000.0,10200.0,1.0,31.0,1.0
170000.0,6500.0,0.0,35.0,0.0
170000.0,7500.0,0.0,34.0,0.0
170000.0,35000.0,1.0,29.0,0.0
170000.0,10000.0,1.0,31.0,0.0
15523.0,3800.0,0.0,34.0,1.0
106000.0,25000.0,1.0,32.0,1.0
120000.0,25000.0,0.0,33.0,0.0
108000.0,25000.0,1.0,28.0,1.0
125000.0,25000.0,0.0,33.0,0.0
113000.0,25000.0,0.0,29.0,1.0
170000.0,10000.0,0.0,32.0,0.0
168000.0,25000.0,0.0,32.0,0.0
102213.0,25000.0,0.0,30.0,1.0
15600.0,6400.0,0.0,27.0,1.0
135000.0,25000.0,1.0,30.0,0.0
123000.0,25000.0,1.0,35.0,1.0
140000.0,25000.0,1.0,28.0,0.0
140004.0,25000.0,0.0,33.0,0.0
143000.0,25000.0,1.0,31.0,0.0
150000.0,25000.0,0.0,32.0,0.0
150000.0,25000.0,0.0,30.0,0.0
150000.0,25000.0,0.0,27.0,0.0
16000.0,3000.0,0.0,29.0,1.0
165000.0,5000.0,1.0,30.0,0.0
165000.0,35000.0,0.0,27.0,0.0
165000.0,15000.0,0.0,31.0,0.0
150000.0,25000.0,0.0,30.0,0.0
16000.0,7275.0,0.0,30.0,1.0
138000.0,25000.0,0.0,31.0,1.0
16000.0,6000.0,0.0,33.0,1.0
139016.0,25000.0,1.0,31.0,1.0
156000.0,25000.0,0.0,30.0,0.0
148000.0,25000.0,0.0,30.0,1.0
163000.0,25000.0,0.0,29.0,0.0
170000.0,25000.0,0.0,30.0,0.0
170000.0,25000.0,0.0,27.0,0.0
170000.0,25000.0,0.0,30.0,0.0
175000.0,25000.0,0.0,29.0,0.0
162000.0,20000.0,0.0,32.0,0.0
127500.0,20000.0,1.0,28.0,1.0
160800.0,4800.0,0.0,29.0,0.0
160669.0,8000.0,0.0,27.0,0.0
148000.0,22200.0,0.0,30.0,1.0
125800.0,9000.0,0.0,29.0,1.0
178000.0,25000.0,1.0,28.0,1.0
227500.0,25000.0,0.0,32.0,0.0
223000.0,25000.0,0.0,27.0,1.0
235000.0,25000.0,1.0,32.0,0.0
248735.0,25000.0,1.0,33.0,1.0
78000.0,24625.0,0.0,28.0,1.0
32004.0,24250.0,0.0,30.0,1.0
36000.0,24250.0,1.0,30.0,1.0
160000.0,16000.0,0.0,27.0,0.0
160000.0,14700.0,1.0,29.0,0.0
160000.0,7000.0,1.0,27.0,0.0
16800.0,1600.0,1.0,34.0,0.0
74000.0,24250.0,1.0,27.0,1.0
16800.0,5000.0,0.0,28.0,1.0
148000.0,15000.0,1.0,28.0,1.0
160000.0,8400.0,0.0,30.0,0.0
160000.0,1500.0,1.0,27.0,0.0
160000.0,15000.0,0.0,29.0,0.0
105000.0,24250.0,0.0,30.0,0.0
118320.0,24250.0,0.0,31.0,0.0
108000.0,24250.0,0.0,29.0,1.0
126000.0,24250.0,1.0,29.0,0.0
17000.0,3200.0,0.0,32.0,1.0
105400.0,24250.0,0.0,31.0,1.0
128000.0,24250.0,0.0,27.0,1.0
148716.0,24250.0,1.0,29.0,0.0
168000.0,24250.0,0.0,34.0,0.0
47000.0,24000.0,0.0,27.0,1.0
49000.0,24000.0,0.0,35.0,1.0
58000.0,24000.0,0.0,28.0,1.0
17544.0,1500.0,0.0,28.0,0.0
54000.0,24000.0,1.0,28.0,1.0
17676.0,2500.0,0.0,31.0,0.0
65000.0,24000.0,0.0,30.0,1.0
59712.0,24000.0,0.0,31.0,1.0
67000.0,24000.0,0.0,28.0,1.0
18000.0,5000.0,0.0,27.0,1.0
72000.0,24000.0,0.0,29.0,1.0
72000.0,24000.0,0.0,27.0,1.0
72000.0,24000.0,0.0,28.0,1.0
75860.0,24000.0,0.0,27.0,1.0
78000.0,24000.0,0.0,27.0,1.0
80000.0,24000.0,1.0,35.0,0.0
85000.0,24000.0,0.0,32.0,0.0
90000.0,24000.0,0.0,30.0,0.0
95000.0,24000.0,1.0,31.0,0.0
85000.0,24000.0,0.0,30.0,1.0
100450.0,24000.0,0.0,35.0,0.0
103832.0,24000.0,0.0,28.0,0.0
105000.0,24000.0,0.0,35.0,0.0
105400.0,24000.0,1.0,30.0,0.0
110000.0,24000.0,1.0,29.0,0.0
125004.0,24000.0,0.0,31.0,0.0
18000.0,2000.0,0.0,27.0,0.0
18000.0,4750.0,0.0,32.0,1.0
138000.0,24000.0,1.0,31.0,1.0
75000.0,23850.0,0.0,28.0,1.0
40000.0,23500.0,0.0,29.0,1.0
58704.0,23500.0,0.0,28.0,1.0
18000.0,6350.0,0.0,28.0,1.0
78200.0,23500.0,0.0,29.0,0.0
90000.0,23475.0,0.0,29.0,0.0
75000.0,23000.0,0.0,28.0,1.0
72000.0,23000.0,0.0,30.0,1.0
91440.0,23000.0,0.0,29.0,0.0
112000.0,23000.0,0.0,31.0,0.0
52000.0,22950.0,0.0,27.0,1.0
49404.0,22750.0,0.0,35.0,1.0
46000.0,22750.0,0.0,29.0,1.0
46500.0,22500.0,1.0,28.0,1.0
68231.0,22400.0,1.0,35.0,1.0
73000.0,22400.0,0.0,32.0,1.0
58500.0,22000.0,0.0,29.0,1.0
75000.0,22000.0,0.0,30.0,0.0
69000.0,22000.0,1.0,31.0,1.0
19000.0,7800.0,1.0,27.0,1.0
80000.0,22000.0,0.0,28.0,0.0
85000.0,22000.0,0.0,31.0,0.0
92000.0,22000.0,0.0,28.0,0.0
190000.0,22000.0,0.0,27.0,0.0
60000.0,21725.0,1.0,35.0,1.0
19200.0,1400.0,0.0,27.0,0.0
83004.0,21600.0,0.0,28.0,0.0
80001.0,21600.0,0.0,33.0,1.0
120000.0,21600.0,1.0,31.0,0.0
64600.0,21500.0,0.0,30.0,1.0
132000.0,21500.0,0.0,30.0,0.0
19200.0,6000.0,0.0,33.0,1.0
40000.0,21000.0,1.0,35.0,1.0
57500.0,21000.0,1.0,33.0,1.0
19200.0,4750.0,1.0,30.0,1.0
66000.0,21000.0,0.0,31.0,1.0
68666.0,21000.0,0.0,28.0,1.0
72000.0,21000.0,0.0,31.0,1.0
80000.0,21000.0,0.0,29.0,0.0
90000.0,21000.0,0.0,28.0,0.0
83000.0,21000.0,0.0,33.0,1.0
93000.0,21000.0,0.0,29.0,1.0
117000.0,21000.0,0.0,29.0,0.0
150000.0,21000.0,0.0,30.0,0.0
138000.0,21000.0,0.0,34.0,1.0
32400.0,20500.0,1.0,31.0,1.0
40934.0,20500.0,0.0,35.0,1.0
58200.0,20500.0,1.0,28.0,1.0
54000.0,20500.0,1.0,35.0,1.0
50000.0,20400.0,0.0,33.0,1.0
72000.0,20400.0,0.0,29.0,0.0
30372.0,20200.0,1.0,31.0,1.0
52275.0,20050.0,1.0,27.0,1.0
39500.0,20000.0,0.0,32.0,1.0
40000.0,20000.0,0.0,27.0,1.0
42000.0,20000.0,0.0,31.0,1.0
45000.0,20000.0,0.0,30.0,1.0
20000.0,3800.0,0.0,30.0,0.0
20000.0,5500.0,0.0,35.0,0.0
20000.0,6400.0,0.0,31.0,0.0
20000.0,5000.0,0.0,29.0,0.0
50000.0,20000.0,0.0,30.0,1.0
20000.0,5000.0,0.0,31.0,0.0
20000.0,5000.0,0.0,31.0,0.0
20000.0,5000.0,0.0,28.0,0.0
52500.0,20000.0,0.0,30.0,1.0
53004.0,20000.0,0.0,33.0,1.0
54000.0,20000.0,0.0,28.0,1.0
54000.0,20000.0,0.0,32.0,1.0
54000.0,20000.0,0.0,27.0,1.0
54996.0,20000.0,0.0,35.0,1.0
55000.0,20000.0,0.0,27.0,1.0
55000.0,20000.0,0.0,32.0,1.0
56000.0,20000.0,0.0,27.0,1.0
57000.0,20000.0,0.0,28.0,1.0
57492.0,20000.0,0.0,33.0,1.0
51500.0,20000.0,1.0,28.0,1.0
58000.0,20000.0,0.0,29.0,1.0
58000.0,20000.0,0.0,30.0,1.0
59000.0,20000.0,0.0,31.0,1.0
60000.0,20000.0,0.0,28.0,1.0
54000.0,20000.0,1.0,30.0,1.0
60000.0,20000.0,0.0,27.0,1.0
54000.0,20000.0,0.0,27.0,1.0
60000.0,20000.0,0.0,27.0,1.0
60000.0,20000.0,0.0,27.0,1.0
20400.0,3300.0,1.0,34.0,0.0
20400.0,2075.0,0.0,28.0,0.0
56000.0,20000.0,0.0,28.0,1.0
56000.0,20000.0,0.0,28.0,1.0
20400.0,11000.0,1.0,31.0,0.0
20500.0,1000.0,0.0,31.0,0.0
20640.0,6250.0,0.0,33.0,0.0
63000.0,20000.0,1.0,28.0,1.0
65000.0,20000.0,0.0,29.0,1.0
65000.0,20000.0,0.0,31.0,1.0
65000.0,20000.0,0.0,30.0,1.0
20800.0,7000.0,0.0,35.0,0.0
65000.0,20000.0,1.0,32.0,1.0
65000.0,20000.0,0.0,34.0,1.0
59000.0,20000.0,1.0,29.0,1.0
66000.0,20000.0,0.0,32.0,0.0
66000.0,20000.0,0.0,27.0,0.0
67000.0,20000.0,0.0,34.0,0.0
67000.0,20000.0,1.0,27.0,0.0
63000.0,20000.0,1.0,30.0,1.0
70000.0,20000.0,0.0,29.0,0.0
70000.0,20000.0,0.0,27.0,0.0
71874.0,20000.0,0.0,28.0,0.0
72000.0,20000.0,0.0,27.0,0.0
72000.0,20000.0,0.0,27.0,0.0
56100.0,20000.0,1.0,28.0,1.0
72000.0,20000.0,0.0,34.0,0.0
66000.0,20000.0,0.0,27.0,1.0
72000.0,20000.0,0.0,30.0,0.0
73992.0,20000.0,0.0,28.0,0.0
75000.0,20000.0,0.0,28.0,0.0
75000.0,20000.0,0.0,27.0,0.0
58650.0,20000.0,0.0,28.0,1.0
69000.0,20000.0,1.0,35.0,1.0
69000.0,20000.0,1.0,30.0,1.0
75000.0,20000.0,0.0,28.0,0.0
75000.0,20000.0,0.0,29.0,0.0
21403.0,2100.0,0.0,27.0,0.0
21424.0,7750.0,0.0,29.0,1.0
75000.0,20000.0,0.0,27.0,0.0
75000.0,20000.0,0.0,30.0,0.0
75000.0,20000.0,0.0,28.0,0.0
21600.0,4200.0,0.0,27.0,0.0
77000.0,20000.0,0.0,30.0,0.0
77625.0,20000.0,0.0,29.0,0.0
78000.0,20000.0,0.0,28.0,0.0
72000.0,20000.0,0.0,27.0,1.0
21600.0,8000.0,0.0,28.0,0.0
73000.0,20000.0,1.0,31.0,1.0
79701.0,20000.0,0.0,28.0,0.0
80000.0,20000.0,0.0,27.0,0.0
80000.0,20000.0,1.0,35.0,0.0
83000.0,20000.0,0.0,32.0,0.0
21600.0,4000.0,0.0,27.0,0.0
84000.0,20000.0,0.0,27.0,0.0
84996.0,20000.0,0.0,28.0,0.0
84996.0,20000.0,0.0,28.0,0.0
85000.0,20000.0,0.0,33.0,0.0
85000.0,20000.0,0.0,27.0,0.0
73000.0,20000.0,0.0,29.0,1.0
85155.0,20000.0,0.0,29.0,0.0
87000.0,20000.0,0.0,27.0,0.0
21996.0,8300.0,0.0,29.0,0.0
88000.0,20000.0,0.0,27.0,0.0
90000.0,20000.0,0.0,30.0,0.0
90000.0,20000.0,0.0,27.0,0.0
90000.0,20000.0,1.0,32.0,0.0
92000.0,20000.0,0.0,29.0,0.0
81400.0,20000.0,1.0,32.0,1.0
81500.0,20000.0,1.0,27.0,1.0
22000.0,8000.0,0.0,28.0,0.0
93600.0,20000.0,0.0,34.0,0.0
22000.0,2500.0,0.0,27.0,0.0
94050.0,20000.0,1.0,28.0,0.0
96000.0,20000.0,1.0,31.0,0.0
96000.0,20000.0,0.0,33.0,0.0
96000.0,20000.0,0.0,32.0,0.0
96588.0,20000.0,0.0,31.0,0.0
97356.0,20000.0,1.0,34.0,0.0
98000.0,20000.0,0.0,33.0,0.0
22000.0,2000.0,0.0,30.0,0.0
86652.0,20000.0,0.0,28.0,1.0
22000.0,6000.0,0.0,30.0,0.0
22000.0,5375.0,0.0,30.0,0.0
100000.0,20000.0,0.0,31.0,0.0
100000.0,20000.0,0.0,27.0,0.0
100000.0,20000.0,0.0,27.0,0.0
100000.0,20000.0,1.0,29.0,0.0
22080.0,8000.0,0.0,29.0,0.0
101000.0,20000.0,0.0,31.0,0.0
101000.0,20000.0,0.0,32.0,0.0
89004.0,20000.0,1.0,33.0,1.0
22300.0,3775.0,0.0,35.0,0.0
102000.0,20000.0,0.0,35.0,0.0
22404.0,5725.0,0.0,28.0,1.0
105000.0,20000.0,0.0,27.0,0.0
106000.0,20000.0,1.0,30.0,0.0
98000.0,20000.0,0.0,28.0,1.0
98000.0,20000.0,0.0,27.0,1.0
110000.0,20000.0,1.0,30.0,0.0
99855.0,20000.0,0.0,29.0,1.0
115000.0,20000.0,0.0,30.0,0.0
22800.0,2500.0,0.0,27.0,0.0
103000.0,20000.0,0.0,31.0,1.0
115500.0,20000.0,0.0,29.0,0.0
120000.0,20000.0,0.0,34.0,0.0
120000.0,20000.0,0.0,27.0,0.0
108000.0,20000.0,0.0,28.0,1.0
120000.0,20000.0,0.0,28.0,0.0
125000.0,20000.0,0.0,27.0,0.0
130000.0,20000.0,0.0,33.0,0.0
100815.0,20000.0,1.0,30.0,1.0
132000.0,20000.0,0.0,27.0,0.0
22896.0,5000.0,0.0,27.0,0.0
135000.0,20000.0,1.0,34.0,0.0
140000.0,20000.0,1.0,29.0,0.0
140000.0,20000.0,0.0,27.0,0.0
140000.0,20000.0,0.0,29.0,0.0
148080.0,20000.0,0.0,34.0,0.0
155000.0,20000.0,0.0,31.0,0.0
156000.0,20000.0,0.0,30.0,0.0
23000.0,4500.0,0.0,31.0,0.0
175000.0,20000.0,1.0,32.0,0.0
180000.0,20000.0,0.0,30.0,0.0
113000.0,19975.0,0.0,28.0,1.0
49110.0,19775.0,0.0,30.0,1.0
12000.0,725.0,0.0,27.0,0.0
12000.0,900.0,0.0,32.0,1.0
12000.0,1000.0,1.0,28.0,1.0
14400.0,1000.0,1.0,29.0,1.0
17000.0,1000.0,0.0,27.0,0.0
18000.0,1000.0,0.0,28.0,1.0
20000.0,1000.0,0.0,29.0,0.0
23400.0,5000.0,0.0,35.0,0.0
36432.0,19000.0,1.0,30.0,1.0
44000.0,19000.0,0.0,28.0,1.0
51500.0,19000.0,1.0,31.0,1.0
56136.0,19000.0,1.0,33.0,1.0
23652.0,2000.0,0.0,27.0,0.0
58000.0,19000.0,0.0,28.0,1.0
65000.0,19000.0,1.0,32.0,0.0
65412.0,19000.0,0.0,35.0,0.0
71000.0,19000.0,0.0,29.0,0.0
60000.0,18950.0,1.0,30.0,1.0
42000.0,18825.0,0.0,34.0,1.0
60000.0,18800.0,0.0,32.0,1.0
95000.0,18600.0,1.0,34.0,0.0
99700.0,18600.0,1.0,28.0,0.0
24000.0,6000.0,0.0,27.0,0.0
24000.0,5000.0,0.0,32.0,0.0
50400.0,18500.0,0.0,28.0,1.0
60000.0,18500.0,0.0,30.0,1.0
60000.0,18500.0,0.0,27.0,1.0
62004.0,18500.0,0.0,33.0,0.0
112000.0,18500.0,0.0,31.0,0.0
62500.0,18400.0,0.0,33.0,0.0
45000.0,18250.0,0.0,29.0,1.0
24000.0,4000.0,0.0,35.0,0.0
30996.0,18000.0,0.0,29.0,1.0
42000.0,18000.0,0.0,29.0,1.0
24000.0,3000.0,0.0,31.0,0.0
24000.0,4000.0,0.0,29.0,0.0
24000.0,4000.0,0.0,27.0,0.0
24000.0,9600.0,0.0,28.0,0.0
45150.0,18000.0,0.0,27.0,1.0
50000.0,18000.0,0.0,27.0,1.0
24000.0,2000.0,0.0,32.0,0.0
50000.0,18000.0,0.0,34.0,1.0
50000.0,18000.0,1.0,31.0,1.0
24000.0,6250.0,0.0,27.0,0.0
51200.0,18000.0,1.0,27.0,1.0
51312.0,18000.0,0.0,34.0,1.0
54000.0,18000.0,0.0,29.0,1.0
55000.0,18000.0,0.0,32.0,1.0
24000.0,8000.0,0.0,28.0,0.0
60000.0,18000.0,0.0,33.0,0.0
24000.0,2500.0,0.0,30.0,0.0
60372.0,18000.0,1.0,28.0,0.0
63000.0,18000.0,0.0,28.0,0.0
64000.0,18000.0,0.0,27.0,0.0
64000.0,18000.0,0.0,30.0,0.0
59000.0,18000.0,0.0,27.0,1.0
66000.0,18000.0,0.0,35.0,0.0
67800.0,18000.0,0.0,33.0,0.0
68004.0,18000.0,0.0,29.0,0.0
69790.0,18000.0,0.0,27.0,0.0
24000.0,1500.0,0.0,28.0,0.0
64000.0,18000.0,0.0,28.0,1.0
70000.0,18000.0,0.0,33.0,0.0
72000.0,18000.0,1.0,34.0,0.0
67000.0,18000.0,1.0,33.0,1.0
75000.0,18000.0,0.0,31.0,0.0
24000.0,2400.0,0.0,34.0,0.0
78000.0,18000.0,0.0,34.0,0.0
80000.0,18000.0,0.0,28.0,0.0
80000.0,18000.0,0.0,28.0,0.0
80000.0,18000.0,0.0,27.0,0.0
81972.0,18000.0,0.0,28.0,0.0
24000.0,6000.0,0.0,33.0,0.0
74000.0,18000.0,1.0,29.0,1.0
89004.0,18000.0,0.0,28.0,0.0
90000.0,18000.0,0.0,31.0,0.0
78000.0,18000.0,0.0,31.0,1.0
90000.0,18000.0,0.0,30.0,0.0
100000.0,18000.0,1.0,34.0,0.0
100000.0,18000.0,0.0,27.0,0.0
101500.0,18000.0,0.0,30.0,0.0
102000.0,18000.0,0.0,31.0,0.0
90000.0,18000.0,0.0,33.0,1.0
103000.0,18000.0,1.0,33.0,0.0
110000.0,18000.0,0.0,27.0,0.0
24000.0,1200.0,0.0,31.0,0.0
24000.0,6000.0,0.0,30.0,0.0
132000.0,18000.0,0.0,27.0,0.0
102616.0,18000.0,1.0,27.0,1.0
175000.0,18000.0,0.0,30.0,0.0
168000.0,18000.0,1.0,30.0,1.0
30000.0,17975.0,0.0,33.0,1.0
65000.0,17900.0,0.0,34.0,0.0
24000.0,6000.0,0.0,27.0,0.0
24000.0,5000.0,0.0,28.0,0.0
32220.0,17725.0,0.0,27.0,1.0
105600.0,17700.0,0.0,31.0,0.0
37793.0,17625.0,0.0,27.0,1.0
24000.0,2000.0,0.0,34.0,0.0
77000.0,17600.0,0.0,29.0,0.0
88000.0,17600.0,1.0,29.0,0.0
153000.0,17600.0,0.0,29.0,0.0
205000.0,17600.0,0.0,28.0,0.0
44900.0,17500.0,1.0,28.0,1.0
48500.0,17500.0,0.0,27.0,1.0
50000.0,17500.0,0.0,35.0,1.0
24600.0,4800.0,0.0,32.0,1.0
58100.0,17500.0,1.0,33.0,0.0
92500.0,17500.0,0.0,33.0,0.0
114237.0,17500.0,1.0,31.0,0.0
120000.0,17500.0,1.0,29.0,0.0
636000.0,17500.0,0.0,31.0,0.0
35000.0,17475.0,0.0,29.0,1.0
45000.0,17475.0,0.0,27.0,1.0
58650.0,17400.0,0.0,32.0,1.0
24996.0,6000.0,0.0,28.0,0.0
24996.0,6600.0,1.0,33.0,0.0
54000.0,17250.0,0.0,35.0,1.0
75000.0,17200.0,1.0,29.0,0.0
78000.0,17200.0,1.0,27.0,1.0
33852.0,17000.0,0.0,33.0,1.0
24996.0,6000.0,0.0,31.0,0.0
37000.0,17000.0,1.0,35.0,1.0
45300.0,17000.0,0.0,28.0,1.0
48000.0,17000.0,0.0,35.0,1.0
55000.0,17000.0,0.0,27.0,1.0
60000.0,17000.0,0.0,29.0,0.0
61000.0,17000.0,0.0,32.0,0.0
65000.0,17000.0,0.0,34.0,0.0
25000.0,10625.0,1.0,28.0,0.0
80000.0,17000.0,0.0,28.0,0.0
80000.0,17000.0,1.0,28.0,0.0
84996.0,17000.0,0.0,35.0,0.0
92000.0,17000.0,1.0,31.0,0.0
25000.0,6000.0,0.0,33.0,0.0
115000.0,17000.0,0.0,32.0,0.0
25000.0,9175.0,0.0,32.0,0.0
25000.0,3500.0,0.0,31.0,0.0
25000.0,7475.0,0.0,29.0,0.0
78000.0,16800.0,0.0,34.0,0.0
25000.0,5000.0,0.0,27.0,0.0
83000.0,16775.0,0.0,30.0,0.0
24000.0,16750.0,1.0,28.0,1.0
33000.0,16750.0,0.0,33.0,1.0
39672.0,16750.0,0.0,34.0,1.0
39996.0,16750.0,0.0,35.0,1.0
25000.0,1000.0,0.0,34.0,0.0
82000.0,16750.0,1.0,28.0,1.0
96600.0,16750.0,0.0,30.0,0.0
25000.0,2500.0,0.0,29.0,0.0
25000.0,4750.0,0.0,27.0,0.0
25000.0,6000.0,0.0,28.0,0.0
25000.0,5000.0,1.0,32.0,0.0
68000.0,16500.0,0.0,27.0,0.0
71000.0,16500.0,0.0,33.0,0.0
39000.0,16450.0,0.0,31.0,1.0
44544.0,16425.0,1.0,27.0,1.0
43920.0,16400.0,1.0,34.0,1.0
42000.0,16200.0,0.0,30.0,1.0
50000.0,16200.0,1.0,28.0,1.0
54000.0,16200.0,0.0,30.0,1.0
25000.0,6400.0,0.0,30.0,0.0
70000.0,16100.0,0.0,28.0,0.0
25000.0,1600.0,0.0,33.0,0.0
25000.0,11200.0,0.0,32.0,1.0
30000.0,16000.0,0.0,27.0,1.0
30000.0,16000.0,0.0,27.0,1.0
36000.0,16000.0,0.0,27.0,1.0
30000.0,16000.0,0.0,27.0,1.0
40000.0,16000.0,0.0,27.0,1.0
40000.0,16000.0,0.0,29.0,1.0
40000.0,16000.0,0.0,30.0,1.0
25000.0,2400.0,1.0,31.0,0.0
25000.0,3000.0,1.0,33.0,0.0
37000.0,16000.0,1.0,34.0,1.0
45000.0,16000.0,0.0,35.0,1.0
25056.0,2000.0,0.0,30.0,0.0
39000.0,16000.0,0.0,27.0,1.0
47000.0,16000.0,0.0,29.0,1.0
47831.0,16000.0,0.0,28.0,1.0
48000.0,16000.0,0.0,27.0,1.0
50000.0,16000.0,0.0,35.0,1.0
25200.0,4500.0,0.0,27.0,0.0
44000.0,16000.0,1.0,35.0,1.0
50000.0,16000.0,0.0,30.0,1.0
25200.0,4000.0,0.0,32.0,0.0
44000.0,16000.0,0.0,28.0,1.0
44000.0,16000.0,1.0,34.0,1.0
51600.0,16000.0,0.0,30.0,1.0
51648.0,16000.0,0.0,32.0,1.0
48396.0,16000.0,1.0,27.0,1.0
55000.0,16000.0,0.0,27.0,0.0
55000.0,16000.0,1.0,28.0,0.0
51000.0,16000.0,1.0,28.0,1.0
54000.0,16000.0,1.0,30.0,1.0
62000.0,16000.0,0.0,27.0,0.0
62800.0,16000.0,1.0,33.0,0.0
63564.0,16000.0,1.0,28.0,0.0
65000.0,16000.0,0.0,29.0,0.0
65000.0,16000.0,0.0,30.0,0.0
25740.0,5000.0,1.0,27.0,0.0
25800.0,6000.0,0.0,30.0,0.0
25800.0,2400.0,0.0,32.0,0.0
60000.0,16000.0,1.0,28.0,1.0
66500.0,16000.0,0.0,28.0,0.0
67600.0,16000.0,0.0,35.0,0.0
68000.0,16000.0,0.0,30.0,0.0
69000.0,16000.0,0.0,31.0,0.0
26000.0,2400.0,0.0,31.0,0.0
64000.0,16000.0,1.0,30.0,1.0
70000.0,16000.0,1.0,29.0,0.0
75000.0,16000.0,0.0,30.0,0.0
21000.0,1000.0,0.0,28.0,0.0
22296.0,1000.0,0.0,27.0,0.0
22800.0,1000.0,0.0,30.0,0.0
24000.0,1000.0,0.0,29.0,0.0
26000.0,12000.0,0.0,28.0,1.0
26000.0,13750.0,1.0,32.0,0.0
26000.0,1200.0,0.0,30.0,0.0
25200.0,1000.0,0.0,29.0,0.0
26000.0,5000.0,0.0,27.0,0.0
26400.0,1000.0,0.0,33.0,0.0
26000.0,6000.0,0.0,35.0,0.0
30000.0,1000.0,0.0,27.0,0.0
26000.0,15000.0,0.0,33.0,1.0
30000.0,1000.0,0.0,31.0,0.0
33000.0,1000.0,0.0,30.0,0.0
26004.0,4000.0,1.0,29.0,1.0
26010.0,6500.0,0.0,31.0,0.0
35000.0,1000.0,0.0,30.0,0.0
38000.0,1000.0,0.0,29.0,0.0
40000.0,1000.0,0.0,28.0,0.0
42000.0,1000.0,0.0,35.0,0.0
26400.0,4800.0,0.0,29.0,0.0
26400.0,6000.0,0.0,27.0,1.0
26400.0,3000.0,0.0,28.0,0.0
48000.0,1000.0,0.0,33.0,0.0
44000.0,1000.0,0.0,28.0,1.0
51298.0,1000.0,0.0,27.0,0.0
26400.0,5000.0,0.0,30.0,0.0
26400.0,3600.0,0.0,34.0,0.0
64548.0,1000.0,1.0,29.0,0.0
74000.0,1000.0,0.0,29.0,0.0
75000.0,1000.0,1.0,27.0,0.0
26496.0,4400.0,0.0,34.0,0.0
69000.0,1000.0,0.0,30.0,1.0
76000.0,1000.0,0.0,35.0,0.0
100000.0,1000.0,0.0,30.0,0.0
26688.0,5000.0,0.0,33.0,0.0
10000.0,1200.0,1.0,27.0,1.0
14800.0,1200.0,0.0,30.0,0.0
15600.0,1200.0,0.0,28.0,0.0
19200.0,1200.0,0.0,35.0,1.0
20000.0,1200.0,0.0,29.0,1.0
20000.0,1200.0,0.0,29.0,0.0
22884.0,1200.0,0.0,32.0,0.0
27000.0,5600.0,0.0,28.0,0.0
24000.0,1200.0,0.0,27.0,0.0
27000.0,4300.0,0.0,27.0,0.0
27000.0,11500.0,0.0,27.0,1.0
30000.0,1200.0,0.0,33.0,0.0
39996.0,1200.0,0.0,34.0,0.0
42000.0,1200.0,1.0,31.0,0.0
27000.0,2400.0,0.0,28.0,0.0
43000.0,1200.0,0.0,35.0,0.0
44000.0,1200.0,0.0,27.0,0.0
27000.0,3000.0,0.0,27.0,0.0
48096.0,1200.0,1.0,28.0,1.0
55000.0,1200.0,0.0,29.0,0.0
53326.0,1200.0,0.0,33.0,1.0
75000.0,1200.0,0.0,31.0,0.0
26000.0,1250.0,0.0,31.0,0.0
195000.0,1250.0,0.0,32.0,0.0
27036.0,6500.0,0.0,31.0,0.0
34400.0,1300.0,0.0,33.0,0.0
47000.0,1300.0,0.0,27.0,0.0
51000.0,1300.0,0.0,27.0,0.0
65000.0,1300.0,0.0,34.0,0.0
27204.0,1800.0,0.0,35.0,0.0
14400.0,1400.0,0.0,29.0,0.0
18576.0,1400.0,0.0,27.0,0.0
22000.0,1400.0,1.0,31.0,0.0
24960.0,1400.0,0.0,35.0,0.0
27385.0,2000.0,1.0,32.0,1.0
25200.0,1400.0,0.0,31.0,0.0
28800.0,1400.0,0.0,29.0,0.0
27500.0,15000.0,0.0,28.0,0.0
27600.0,3000.0,0.0,31.0,0.0
58000.0,1400.0,1.0,27.0,0.0
27600.0,2250.0,0.0,30.0,1.0
27600.0,3500.0,0.0,27.0,0.0
27000.0,1500.0,0.0,27.0,0.0
27600.0,3000.0,0.0,35.0,0.0
28452.0,1500.0,0.0,31.0,0.0
29120.0,1500.0,1.0,28.0,1.0
30000.0,1500.0,0.0,35.0,1.0
27840.0,2400.0,0.0,27.0,0.0
30000.0,1500.0,0.0,29.0,1.0
27852.0,11000.0,0.0,29.0,0.0
27852.0,4200.0,0.0,34.0,0.0
32004.0,1500.0,0.0,35.0,0.0
27996.0,1800.0,0.0,29.0,0.0
33996.0,1500.0,0.0,35.0,0.0
29780.0,1500.0,1.0,29.0,1.0
28000.0,7600.0,0.0,35.0,0.0
38000.0,1500.0,0.0,35.0,0.0
28000.0,3000.0,0.0,34.0,0.0
38004.0,1500.0,1.0,29.0,0.0
28000.0,7500.0,0.0,32.0,0.0
39600.0,1500.0,0.0,28.0,0.0
28000.0,6300.0,0.0,30.0,0.0
34000.0,1500.0,1.0,30.0,1.0
28000.0,4800.0,0.0,33.0,0.0
41000.0,1500.0,1.0,28.0,0.0
38004.0,1500.0,1.0,29.0,1.0
44604.0,1500.0,0.0,28.0,0.0
45000.0,1500.0,0.0,34.0,0.0
28000.0,6000.0,0.0,32.0,1.0
48000.0,1500.0,0.0,35.0,0.0
48000.0,1500.0,0.0,33.0,0.0
48000.0,1500.0,0.0,33.0,0.0
50000.0,1500.0,0.0,34.0,0.0
28000.0,3250.0,0.0,28.0,0.0
54600.0,1500.0,1.0,27.0,0.0
55000.0,1500.0,0.0,28.0,0.0
60000.0,1500.0,1.0,28.0,0.0
60000.0,1500.0,0.0,29.0,0.0
54000.0,1500.0,0.0,32.0,1.0
61900.0,1500.0,1.0,32.0,0.0
80000.0,1500.0,0.0,29.0,0.0
80000.0,1500.0,0.0,32.0,0.0
28500.0,1600.0,0.0,27.0,1.0
18000.0,1600.0,0.0,33.0,1.0
28500.0,2600.0,0.0,27.0,0.0
28500.0,4000.0,0.0,30.0,0.0
28560.0,2400.0,0.0,27.0,0.0
18000.0,1700.0,0.0,29.0,0.0
33000.0,1700.0,1.0,29.0,0.0
28672.0,4650.0,1.0,32.0,0.0
53040.0,1700.0,0.0,28.0,0.0
12996.0,1750.0,0.0,31.0,0.0
15000.0,1800.0,0.0,28.0,0.0
15000.0,1800.0,1.0,33.0,0.0
28800.0,2000.0,0.0,28.0,0.0
21360.0,1800.0,0.0,32.0,0.0
23766.0,1800.0,0.0,31.0,0.0
24000.0,1800.0,0.0,31.0,0.0
25200.0,1800.0,0.0,27.0,0.0
28800.0,7500.0,1.0,32.0,0.0
45996.0,1800.0,0.0,32.0,0.0
49000.0,1800.0,0.0,30.0,0.0
60000.0,1800.0,0.0,27.0,0.0
80000.0,1800.0,0.0,33.0,0.0
117000.0,1800.0,0.0,27.0,0.0
145000.0,1800.0,0.0,33.0,0.0
510000.0,1800.0,0.0,35.0,0.0
42000.0,1850.0,0.0,30.0,0.0
31200.0,1900.0,0.0,30.0,0.0
45000.0,1900.0,0.0,30.0,0.0
60000.0,1925.0,1.0,32.0,0.0
72000.0,1925.0,1.0,33.0,1.0
10800.0,2000.0,1.0,31.0,1.0
12996.0,2000.0,0.0,30.0,1.0
29000.0,5000.0,0.0,31.0,0.0
29000.0,6250.0,1.0,28.0,0.0
29000.0,3500.0,0.0,31.0,0.0
19200.0,2000.0,0.0,29.0,1.0
29000.0,1500.0,0.0,31.0,0.0
20400.0,2000.0,0.0,29.0,0.0
20400.0,2000.0,0.0,29.0,1.0
20400.0,2000.0,0.0,27.0,0.0
20928.0,2000.0,1.0,31.0,0.0
29112.0,7000.0,0.0,28.0,0.0
22800.0,2000.0,0.0,33.0,0.0
24000.0,2000.0,1.0,33.0,0.0
29160.0,8000.0,0.0,27.0,0.0
24600.0,2000.0,1.0,31.0,0.0
25000.0,2000.0,1.0,27.0,0.0
25000.0,2000.0,1.0,32.0,1.0
29500.0,7000.0,0.0,32.0,1.0
29568.0,6000.0,1.0,35.0,0.0
26400.0,2000.0,0.0,27.0,0.0
26400.0,2000.0,0.0,27.0,0.0
27000.0,2000.0,0.0,29.0,0.0
29760.0,10000.0,0.0,31.0,0.0
29766.0,13900.0,0.0,31.0,0.0
28800.0,2000.0,0.0,30.0,0.0
30000.0,2000.0,0.0,28.0,0.0
30000.0,2000.0,0.0,33.0,0.0
92700.0,15000.0,0.0,30.0,0.0
81000.0,15000.0,0.0,31.0,1.0
30000.0,10000.0,0.0,32.0,0.0
70553.0,15000.0,1.0,29.0,1.0
84000.0,15000.0,0.0,33.0,1.0
30000.0,5000.0,0.0,33.0,0.0
100000.0,15000.0,0.0,29.0,0.0
100000.0,15000.0,0.0,27.0,0.0
100000.0,15000.0,0.0,29.0,0.0
102000.0,15000.0,0.0,28.0,0.0
104371.0,15000.0,0.0,27.0,0.0
105000.0,15000.0,0.0,31.0,0.0
106000.0,15000.0,0.0,27.0,0.0
108000.0,15000.0,0.0,32.0,0.0
30000.0,10000.0,0.0,30.0,0.0
110000.0,15000.0,1.0,34.0,0.0
110000.0,15000.0,0.0,35.0,0.0
30000.0,6625.0,0.0,35.0,0.0
110000.0,15000.0,1.0,33.0,0.0
101000.0,15000.0,0.0,32.0,1.0
117000.0,15000.0,0.0,35.0,0.0
120000.0,15000.0,0.0,29.0,0.0
120000.0,15000.0,0.0,30.0,0.0
120000.0,15000.0,0.0,29.0,0.0
120000.0,15000.0,0.0,32.0,0.0
30000.0,2000.0,0.0,31.0,0.0
122000.0,15000.0,0.0,27.0,0.0
132000.0,15000.0,0.0,27.0,0.0
128000.0,15000.0,0.0,29.0,1.0
140000.0,15000.0,0.0,28.0,0.0
143000.0,15000.0,0.0,28.0,0.0
30000.0,11000.0,0.0,35.0,0.0
147000.0,15000.0,0.0,34.0,0.0
150000.0,15000.0,0.0,29.0,0.0
165000.0,15000.0,1.0,30.0,0.0
175000.0,15000.0,0.0,30.0,0.0
200000.0,15000.0,0.0,29.0,0.0
200000.0,15000.0,0.0,31.0,0.0
200000.0,15000.0,1.0,28.0,0.0
230000.0,15000.0,0.0,32.0,0.0
30000.0,14975.0,0.0,34.0,1.0
30000.0,5100.0,0.0,30.0,0.0
30000.0,14800.0,0.0,28.0,1.0
50000.0,14800.0,0.0,32.0,0.0
68000.0,14800.0,0.0,28.0,0.0
30000.0,10000.0,0.0,32.0,0.0
30000.0,4300.0,0.0,34.0,0.0
37000.0,14700.0,0.0,27.0,1.0
30000.0,2000.0,0.0,27.0,0.0
30000.0,2000.0,0.0,29.0,0.0
30225.0,2000.0,0.0,28.0,0.0
30000.0,3300.0,0.0,35.0,0.0
33000.0,2000.0,0.0,31.0,0.0
40000.0,2000.0,0.0,31.0,0.0
40000.0,2000.0,0.0,27.0,0.0
51000.0,2000.0,0.0,27.0,0.0
51600.0,2000.0,0.0,30.0,0.0
51996.0,2000.0,1.0,29.0,0.0
54000.0,2000.0,0.0,29.0,0.0
50000.0,2000.0,0.0,31.0,1.0
50000.0,2000.0,0.0,28.0,1.0
30000.0,9000.0,0.0,32.0,0.0
59000.0,2000.0,1.0,35.0,0.0
60000.0,2000.0,0.0,27.0,0.0
54000.0,2000.0,0.0,28.0,1.0
30000.0,10000.0,0.0,30.0,0.0
68803.0,2000.0,0.0,30.0,0.0
30000.0,7000.0,0.0,32.0,0.0
69000.0,2000.0,0.0,27.0,0.0
69996.0,2000.0,0.0,30.0,0.0
30000.0,2975.0,0.0,35.0,0.0
70000.0,2000.0,0.0,35.0,0.0
30000.0,9450.0,0.0,31.0,0.0
72000.0,2000.0,1.0,29.0,1.0
80000.0,2000.0,1.0,35.0,0.0
30000.0,4000.0,1.0,31.0,1.0
80000.0,2000.0,0.0,34.0,0.0
80004.0,2000.0,0.0,29.0,0.0
85000.0,2000.0,1.0,27.0,0.0
86000.0,2000.0,0.0,31.0,0.0
102400.0,2000.0,0.0,29.0,0.0
118000.0,2000.0,0.0,31.0,1.0
30000.0,6000.0,0.0,34.0,0.0
132444.0,2000.0,0.0,33.0,0.0
30000.0,10000.0,0.0,35.0,1.0
30000.0,2050.0,0.0,31.0,1.0
60000.0,2075.0,0.0,29.0,0.0
30000.0,5000.0,1.0,33.0,0.0
12500.0,2100.0,1.0,30.0,1.0
14400.0,2100.0,1.0,33.0,1.0
21000.0,2100.0,0.0,34.0,0.0
33500.0,2100.0,0.0,27.0,0.0
30000.0,6000.0,0.0,29.0,0.0
30000.0,3000.0,0.0,28.0,0.0
30000.0,10000.0,0.0,33.0,0.0
35000.0,2125.0,0.0,28.0,0.0
20000.0,2150.0,0.0,28.0,0.0
24000.0,2150.0,0.0,27.0,0.0
30000.0,14000.0,0.0,34.0,1.0
30548.0,14000.0,0.0,27.0,1.0
33200.0,14000.0,0.0,30.0,1.0
35000.0,14000.0,1.0,27.0,1.0
29000.0,14000.0,0.0,28.0,1.0
36000.0,14000.0,0.0,34.0,1.0
37000.0,14000.0,0.0,35.0,1.0
40000.0,14000.0,0.0,30.0,1.0
34000.0,14000.0,0.0,27.0,1.0
40000.0,14000.0,0.0,28.0,1.0
40404.0,14000.0,0.0,29.0,1.0
30000.0,7500.0,0.0,28.0,0.0
14400.0,2200.0,0.0,29.0,0.0
30000.0,14000.0,0.0,34.0,0.0
17004.0,2200.0,0.0,29.0,1.0
30000.0,3000.0,0.0,28.0,0.0
30000.0,2200.0,0.0,31.0,0.0
38400.0,2200.0,1.0,31.0,0.0
42000.0,2200.0,0.0,31.0,0.0
44004.0,2200.0,0.0,32.0,1.0
52416.0,2200.0,0.0,30.0,0.0
70000.0,2200.0,0.0,27.0,0.0
30000.0,5000.0,0.0,30.0,0.0
80000.0,2200.0,0.0,28.0,0.0
30000.0,6000.0,1.0,28.0,0.0
120000.0,2200.0,0.0,34.0,0.0
15600.0,2250.0,0.0,27.0,1.0
18000.0,2250.0,0.0,28.0,0.0
42000.0,2250.0,0.0,30.0,0.0
42000.0,2250.0,0.0,28.0,1.0
30000.0,12000.0,0.0,33.0,0.0
37152.0,2300.0,0.0,28.0,0.0
39000.0,2300.0,0.0,30.0,0.0
62000.0,2300.0,1.0,29.0,1.0
60000.0,2375.0,0.0,32.0,0.0
71004.0,2375.0,0.0,35.0,0.0
12000.0,2400.0,0.0,31.0,1.0
12000.0,2400.0,1.0,28.0,1.0
18000.0,2400.0,0.0,27.0,0.0
18000.0,2400.0,0.0,34.0,0.0
30000.0,6600.0,0.0,29.0,0.0
30000.0,1600.0,0.0,29.0,0.0
21360.0,2400.0,0.0,30.0,0.0
22800.0,2400.0,0.0,31.0,1.0
30000.0,12250.0,0.0,33.0,0.0
23520.0,2400.0,0.0,29.0,0.0
24000.0,2400.0,1.0,34.0,0.0
30000.0,6000.0,1.0,32.0,0.0
30000.0,2400.0,0.0,33.0,0.0
30000.0,6500.0,0.0,29.0,0.0
30000.0,2400.0,0.0,28.0,0.0
30988.0,2400.0,1.0,31.0,0.0
31000.0,2400.0,0.0,28.0,0.0
31200.0,2400.0,1.0,30.0,0.0
34000.0,2400.0,0.0,33.0,0.0
34000.0,2400.0,0.0,31.0,0.0
29004.0,2400.0,1.0,30.0,1.0
30000.0,3000.0,1.0,32.0,0.0
30000.0,2400.0,1.0,27.0,1.0
30069.0,2400.0,1.0,27.0,1.0
37500.0,2400.0,0.0,28.0,0.0
38400.0,2400.0,0.0,27.0,0.0
39000.0,2400.0,0.0,30.0,0.0
39800.0,2400.0,0.0,35.0,0.0
40000.0,2400.0,0.0,30.0,0.0
34000.0,2400.0,1.0,30.0,1.0
40000.0,2400.0,0.0,34.0,0.0
35000.0,2400.0,0.0,28.0,1.0
30000.0,10500.0,0.0,28.0,0.0
30000.0,7300.0,0.0,34.0,0.0
30000.0,8000.0,0.0,29.0,0.0
42000.0,2400.0,0.0,32.0,0.0
42000.0,2400.0,0.0,27.0,0.0
43812.0,2400.0,0.0,31.0,0.0
45000.0,2400.0,0.0,32.0,0.0
40800.0,2400.0,0.0,30.0,1.0
47652.0,2400.0,1.0,34.0,0.0
30000.0,1500.0,0.0,29.0,0.0
42000.0,2400.0,1.0,34.0,1.0
50000.0,2400.0,1.0,34.0,0.0
50000.0,2400.0,1.0,31.0,0.0
52800.0,2400.0,0.0,30.0,0.0
30000.0,15000.0,0.0,29.0,0.0
60000.0,2400.0,0.0,27.0,0.0
60500.0,2400.0,0.0,27.0,0.0
30000.0,7500.0,0.0,28.0,0.0
69996.0,2400.0,0.0,29.0,0.0
70000.0,2400.0,0.0,28.0,0.0
70000.0,2400.0,0.0,34.0,0.0
72000.0,2400.0,0.0,34.0,0.0
82500.0,2400.0,0.0,30.0,0.0
90050.0,2400.0,1.0,29.0,0.0
78100.0,2425.0,0.0,31.0,0.0
86400.0,2425.0,0.0,28.0,0.0
30000.0,11225.0,1.0,31.0,1.0
66000.0,2475.0,1.0,28.0,1.0
30000.0,12000.0,1.0,30.0,0.0
75800.0,2475.0,0.0,27.0,0.0
30016.0,11000.0,0.0,31.0,0.0
54000.0,13575.0,0.0,29.0,1.0
37200.0,13500.0,0.0,27.0,1.0
30144.0,18000.0,1.0,34.0,0.0
30422.0,5000.0,0.0,28.0,0.0
64402.0,13500.0,0.0,29.0,0.0
74984.0,13500.0,0.0,35.0,0.0
75805.0,13450.0,0.0,27.0,1.0
30720.0,6000.0,0.0,35.0,0.0
118000.0,13425.0,1.0,27.0,1.0
62040.0,13400.0,1.0,28.0,0.0
43000.0,13350.0,0.0,31.0,1.0
30792.0,5000.0,0.0,31.0,0.0
25200.0,13250.0,0.0,33.0,1.0
30929.0,5300.0,0.0,33.0,0.0
35000.0,13250.0,0.0,28.0,1.0
29000.0,13250.0,0.0,31.0,1.0
30992.0,8000.0,0.0,29.0,1.0
45000.0,13250.0,0.0,30.0,0.0
46000.0,13250.0,1.0,29.0,1.0
30996.0,8875.0,0.0,29.0,0.0
30996.0,2400.0,1.0,32.0,0.0
88000.0,13225.0,0.0,31.0,0.0
28000.0,13200.0,0.0,29.0,1.0
40000.0,13200.0,0.0,34.0,1.0
31000.0,5500.0,0.0,27.0,0.0
70000.0,13200.0,0.0,32.0,0.0
31000.0,9950.0,0.0,29.0,0.0
31000.0,2400.0,0.0,30.0,1.0
31000.0,11300.0,0.0,28.0,0.0
90000.0,13200.0,0.0,34.0,0.0
31692.0,13150.0,1.0,31.0,1.0
31000.0,12000.0,0.0,32.0,0.0
51200.0,13075.0,1.0,33.0,1.0
92500.0,13050.0,0.0,34.0,0.0
31000.0,4200.0,1.0,34.0,0.0
25000.0,13000.0,0.0,31.0,1.0
27600.0,13000.0,0.0,31.0,1.0
29000.0,13000.0,1.0,28.0,1.0
30000.0,13000.0,0.0,27.0,1.0
33000.0,13000.0,0.0,28.0,1.0
31000.0,15000.0,0.0,35.0,0.0
36000.0,13000.0,0.0,30.0,1.0
31075.0,7400.0,0.0,34.0,0.0
30288.0,13000.0,0.0,29.0,1.0
37000.0,13000.0,0.0,27.0,1.0
37000.0,13000.0,0.0,31.0,1.0
37800.0,13000.0,0.0,27.0,1.0
31200.0,15000.0,1.0,27.0,0.0
33600.0,13000.0,0.0,28.0,1.0
40000.0,13000.0,0.0,27.0,1.0
36000.0,13000.0,1.0,31.0,1.0
45000.0,13000.0,0.0,27.0,0.0
46000.0,13000.0,1.0,27.0,0.0
47000.0,13000.0,0.0,30.0,0.0
47000.0,13000.0,0.0,27.0,0.0
44000.0,13000.0,0.0,33.0,1.0
21600.0,2500.0,1.0,35.0,0.0
21996.0,2500.0,1.0,29.0,1.0
22708.0,2500.0,1.0,27.0,1.0
24000.0,2500.0,0.0,27.0,0.0
24000.0,2500.0,0.0,32.0,0.0
31200.0,3600.0,0.0,27.0,0.0
31200.0,14000.0,1.0,27.0,1.0
31200.0,7000.0,1.0,27.0,1.0
24000.0,2500.0,0.0,32.0,0.0
31200.0,12300.0,0.0,27.0,0.0
31200.0,7500.0,0.0,27.0,0.0
25000.0,2500.0,0.0,31.0,0.0
26004.0,2500.0,1.0,28.0,0.0
26400.0,2500.0,1.0,27.0,0.0
31323.0,2500.0,0.0,31.0,1.0
26592.0,2500.0,0.0,27.0,1.0
31416.0,8000.0,0.0,27.0,0.0
28080.0,2500.0,0.0,29.0,0.0
28800.0,2500.0,0.0,34.0,1.0
30000.0,2500.0,0.0,27.0,0.0
31600.0,7500.0,0.0,31.0,0.0
32108.0,2500.0,1.0,29.0,1.0
31776.0,3400.0,0.0,32.0,0.0
36000.0,2500.0,0.0,32.0,0.0
31850.0,14125.0,0.0,27.0,0.0
30000.0,2500.0,1.0,31.0,1.0
32400.0,2500.0,1.0,33.0,1.0
33000.0,2500.0,1.0,35.0,1.0
39400.0,2500.0,0.0,32.0,0.0
39420.0,2500.0,1.0,31.0,0.0
40000.0,2500.0,0.0,27.0,0.0
40000.0,2500.0,0.0,30.0,0.0
40000.0,2500.0,1.0,31.0,0.0
42000.0,2500.0,0.0,34.0,0.0
42000.0,2500.0,0.0,28.0,0.0
32000.0,12000.0,0.0,28.0,1.0
32000.0,3100.0,0.0,29.0,1.0
32000.0,1000.0,1.0,27.0,1.0
44500.0,2500.0,0.0,27.0,0.0
39000.0,2500.0,0.0,31.0,1.0
39300.0,2500.0,1.0,30.0,1.0
39996.0,2500.0,0.0,27.0,1.0
46000.0,2500.0,0.0,28.0,0.0
46500.0,2500.0,1.0,29.0,0.0
47544.0,2500.0,0.0,27.0,0.0
48000.0,2500.0,0.0,28.0,0.0
50000.0,2500.0,0.0,32.0,0.0
32000.0,8000.0,0.0,29.0,0.0
50000.0,2500.0,1.0,31.0,0.0
32000.0,6625.0,0.0,30.0,0.0
52000.0,2500.0,0.0,32.0,0.0
53000.0,2500.0,0.0,33.0,0.0
54600.0,2500.0,0.0,34.0,0.0
54924.0,2500.0,0.0,28.0,0.0
32000.0,2275.0,0.0,34.0,0.0
56000.0,2500.0,0.0,27.0,1.0
32000.0,6000.0,0.0,31.0,0.0
32000.0,2000.0,1.0,31.0,0.0
68004.0,2500.0,1.0,29.0,0.0
69000.0,2500.0,0.0,27.0,0.0
70000.0,2500.0,0.0,30.0,0.0
72000.0,2500.0,0.0,27.0,0.0
73000.0,2500.0,1.0,29.0,0.0
75000.0,2500.0,0.0,28.0,0.0
76320.0,2500.0,1.0,29.0,0.0
32000.0,8500.0,0.0,28.0,0.0
87000.0,2500.0,0.0,34.0,0.0
32000.0,12000.0,0.0,29.0,0.0
95000.0,2500.0,0.0,31.0,0.0
95800.0,2500.0,0.0,27.0,0.0
84000.0,2500.0,0.0,27.0,1.0
115000.0,2500.0,0.0,32.0,0.0
120000.0,2500.0,1.0,29.0,0.0
32000.0,9850.0,0.0,27.0,0.0
15600.0,2800.0,0.0,27.0,1.0
32000.0,14000.0,0.0,27.0,0.0
24000.0,2800.0,0.0,32.0,0.0
24000.0,2800.0,0.0,27.0,0.0
25000.0,2800.0,0.0,33.0,0.0
32000.0,4000.0,1.0,32.0,0.0
30000.0,2800.0,1.0,30.0,0.0
12000.0,2850.0,1.0,27.0,1.0
32004.0,6000.0,0.0,33.0,0.0
115000.0,2850.0,0.0,28.0,0.0
17000.0,2875.0,0.0,27.0,1.0
32004.0,5500.0,0.0,30.0,0.0
13200.0,3000.0,0.0,28.0,1.0
14400.0,3000.0,1.0,32.0,1.0
14400.0,3000.0,0.0,33.0,1.0
32400.0,3000.0,0.0,31.0,0.0
15000.0,3000.0,0.0,27.0,1.0
15500.0,3000.0,0.0,33.0,1.0
16000.0,3000.0,1.0,31.0,1.0
32400.0,4000.0,1.0,29.0,0.0
16800.0,3000.0,0.0,35.0,1.0
16800.0,3000.0,1.0,31.0,1.0
32400.0,7500.0,0.0,31.0,0.0
17573.0,3000.0,0.0,28.0,1.0
18000.0,3000.0,0.0,29.0,1.0
32468.0,6000.0,0.0,28.0,0.0
32496.0,1800.0,0.0,31.0,0.0
32500.0,8975.0,0.0,31.0,0.0
32500.0,5000.0,0.0,28.0,0.0
19200.0,3000.0,1.0,35.0,1.0
19992.0,3000.0,0.0,28.0,1.0
20000.0,3000.0,0.0,30.0,1.0
32678.0,3075.0,0.0,32.0,0.0
21000.0,3000.0,1.0,31.0,0.0
21600.0,3000.0,0.0,35.0,0.0
23000.0,3000.0,0.0,34.0,0.0
33000.0,7100.0,0.0,29.0,0.0
23004.0,3000.0,1.0,33.0,0.0
23004.0,3000.0,1.0,27.0,0.0
30000.0,3000.0,1.0,32.0,0.0
33000.0,4000.0,0.0,33.0,0.0
33000.0,6000.0,0.0,33.0,0.0
33000.0,4800.0,0.0,27.0,0.0
30000.0,3000.0,0.0,31.0,0.0
30000.0,3000.0,1.0,35.0,0.0
30500.0,3000.0,0.0,28.0,0.0
30857.0,3000.0,0.0,34.0,1.0
31000.0,3000.0,0.0,28.0,0.0
31200.0,3000.0,0.0,27.0,0.0
31704.0,3000.0,0.0,34.0,0.0
33000.0,6000.0,0.0,30.0,0.0
32000.0,3000.0,1.0,34.0,0.0
33000.0,5600.0,0.0,30.0,0.0
32796.0,3000.0,0.0,30.0,0.0
33600.0,3000.0,1.0,27.0,0.0
33600.0,3000.0,0.0,29.0,1.0
34320.0,3000.0,0.0,33.0,1.0
34580.0,3000.0,0.0,31.0,1.0
35000.0,3000.0,0.0,27.0,0.0
35500.0,3000.0,0.0,29.0,0.0
33000.0,5000.0,0.0,32.0,0.0
36000.0,3000.0,0.0,31.0,0.0
33000.0,12000.0,0.0,27.0,0.0
36000.0,3000.0,0.0,29.0,0.0
36000.0,3000.0,0.0,35.0,0.0
30000.0,3000.0,0.0,31.0,1.0
36000.0,3000.0,0.0,27.0,0.0
37090.0,3000.0,0.0,28.0,0.0
37440.0,3000.0,0.0,29.0,0.0
31440.0,3000.0,1.0,29.0,1.0
31800.0,3000.0,1.0,31.0,1.0
38000.0,3000.0,1.0,33.0,0.0
33000.0,4200.0,0.0,29.0,0.0
38000.0,3000.0,0.0,27.0,0.0
38052.0,3000.0,0.0,32.0,0.0
38400.0,3000.0,0.0,28.0,0.0
38500.0,3000.0,0.0,27.0,0.0
38688.0,3000.0,1.0,28.0,0.0
39000.0,3000.0,0.0,28.0,0.0
33000.0,3000.0,0.0,30.0,0.0
33000.0,16000.0,0.0,29.0,0.0
34000.0,3000.0,0.0,28.0,1.0
40000.0,3000.0,0.0,33.0,0.0
34000.0,3000.0,0.0,28.0,1.0
40000.0,3000.0,0.0,30.0,0.0
34000.0,3000.0,1.0,28.0,1.0
40000.0,3000.0,0.0,27.0,0.0
33225.0,13500.0,0.0,31.0,0.0
33267.0,3200.0,0.0,27.0,0.0
43000.0,3000.0,0.0,27.0,0.0
43200.0,3000.0,0.0,28.0,0.0
37200.0,3000.0,1.0,29.0,1.0
33280.0,2400.0,0.0,32.0,0.0
43500.0,3000.0,0.0,30.0,0.0
44000.0,3000.0,1.0,27.0,0.0
33300.0,1600.0,0.0,30.0,0.0
33400.0,16700.0,0.0,28.0,0.0
45000.0,3000.0,0.0,34.0,0.0
45000.0,3000.0,0.0,32.0,0.0
45000.0,3000.0,0.0,30.0,0.0
39000.0,3000.0,1.0,29.0,1.0
39314.0,3000.0,0.0,32.0,1.0
45996.0,3000.0,0.0,29.0,0.0
33600.0,6000.0,0.0,34.0,0.0
40750.0,3000.0,0.0,30.0,1.0
47000.0,3000.0,0.0,27.0,0.0
47000.0,3000.0,0.0,29.0,0.0
41277.0,3000.0,0.0,33.0,1.0
33600.0,9500.0,0.0,33.0,0.0
33600.0,3000.0,0.0,28.0,0.0
33600.0,5400.0,0.0,27.0,0.0
48000.0,3000.0,0.0,29.0,0.0
48000.0,3000.0,0.0,34.0,0.0
48750.0,3000.0,0.0,32.0,0.0
48876.0,3000.0,0.0,28.0,0.0
48996.0,3000.0,0.0,30.0,0.0
33600.0,9000.0,0.0,30.0,0.0
49000.0,3000.0,1.0,27.0,0.0
33600.0,6000.0,0.0,29.0,0.0
50000.0,3000.0,0.0,29.0,0.0
33600.0,7000.0,0.0,31.0,0.0
50000.0,3000.0,0.0,28.0,0.0
33600.0,6500.0,0.0,31.0,0.0
33600.0,3000.0,0.0,30.0,0.0
50000.0,3000.0,0.0,35.0,0.0
33600.0,12000.0,0.0,29.0,0.0
33600.0,15250.0,0.0,31.0,0.0
46000.0,3000.0,0.0,32.0,1.0
33612.0,9000.0,0.0,34.0,1.0
48715.0,12000.0,0.0,28.0,0.0
48996.0,12000.0,0.0,27.0,0.0
49268.0,12000.0,0.0,32.0,0.0
44000.0,12000.0,1.0,29.0,1.0
44000.0,12000.0,0.0,31.0,1.0
50000.0,12000.0,0.0,31.0,0.0
50000.0,12000.0,0.0,33.0,0.0
50000.0,12000.0,0.0,27.0,0.0
50000.0,12000.0,0.0,28.0,0.0
50000.0,12000.0,0.0,32.0,0.0
50000.0,12000.0,0.0,29.0,0.0
50004.0,12000.0,1.0,35.0,0.0
44400.0,12000.0,0.0,29.0,1.0
50600.0,12000.0,0.0,27.0,0.0
50600.0,12000.0,0.0,30.0,0.0
50700.0,12000.0,0.0,29.0,0.0
34000.0,4000.0,0.0,32.0,0.0
34000.0,13000.0,0.0,31.0,0.0
34000.0,16750.0,0.0,27.0,0.0
51600.0,12000.0,0.0,27.0,0.0
52000.0,12000.0,0.0,29.0,0.0
52000.0,12000.0,0.0,30.0,0.0
34000.0,13500.0,0.0,31.0,0.0
52000.0,12000.0,0.0,32.0,0.0
52000.0,12000.0,0.0,28.0,0.0
34000.0,7000.0,1.0,28.0,0.0
34000.0,8000.0,0.0,27.0,0.0
52500.0,12000.0,0.0,35.0,0.0
34000.0,3000.0,0.0,29.0,0.0
53000.0,12000.0,0.0,30.0,0.0
53000.0,12000.0,0.0,28.0,0.0
53000.0,12000.0,0.0,28.0,0.0
53000.0,12000.0,0.0,33.0,0.0
47004.0,12000.0,0.0,32.0,1.0
34000.0,10000.0,1.0,31.0,1.0
54000.0,12000.0,1.0,29.0,0.0
54050.0,12000.0,0.0,31.0,0.0
34000.0,12800.0,0.0,35.0,0.0
55000.0,12000.0,1.0,28.0,0.0
34000.0,8000.0,0.0,27.0,0.0
55000.0,12000.0,0.0,33.0,0.0
49000.0,12000.0,0.0,32.0,1.0
55000.0,12000.0,0.0,28.0,0.0
34000.0,14400.0,1.0,29.0,0.0
55000.0,12000.0,0.0,31.0,0.0
34000.0,10625.0,1.0,27.0,0.0
34000.0,2800.0,0.0,32.0,0.0
49000.0,12000.0,0.0,29.0,1.0
55000.0,12000.0,0.0,34.0,0.0
55500.0,12000.0,0.0,29.0,0.0
34320.0,16000.0,0.0,28.0,0.0
34320.0,1900.0,1.0,32.0,0.0
57000.0,12000.0,0.0,30.0,0.0
57000.0,12000.0,0.0,27.0,0.0
58000.0,12000.0,1.0,35.0,0.0
58000.0,12000.0,0.0,32.0,0.0
34500.0,4500.0,0.0,29.0,1.0
34500.0,5000.0,0.0,27.0,0.0
34560.0,10625.0,0.0,27.0,0.0
52000.0,3000.0,0.0,35.0,0.0
34800.0,3000.0,0.0,27.0,0.0
53196.0,3000.0,0.0,30.0,0.0
54084.0,3000.0,0.0,35.0,0.0
54996.0,3000.0,0.0,35.0,0.0
49000.0,3000.0,0.0,27.0,1.0
49000.0,3000.0,0.0,33.0,1.0
34800.0,2000.0,0.0,31.0,0.0
55000.0,3000.0,0.0,27.0,0.0
34900.0,12000.0,0.0,32.0,0.0
56000.0,3000.0,1.0,31.0,0.0
56312.0,3000.0,0.0,33.0,0.0
56400.0,3000.0,0.0,27.0,0.0
35000.0,8000.0,0.0,35.0,0.0
58800.0,3000.0,0.0,33.0,0.0
60000.0,3000.0,0.0,27.0,0.0
35000.0,5000.0,0.0,29.0,0.0
60000.0,3000.0,0.0,27.0,0.0
60000.0,3000.0,0.0,28.0,0.0
35000.0,10400.0,0.0,28.0,0.0
54000.0,3000.0,1.0,34.0,1.0
60500.0,3000.0,0.0,29.0,0.0
35000.0,10000.0,0.0,30.0,0.0
35000.0,10000.0,0.0,28.0,0.0
62000.0,3000.0,0.0,33.0,0.0
62000.0,3000.0,0.0,27.0,0.0
62000.0,3000.0,0.0,28.0,0.0
56400.0,3000.0,0.0,29.0,1.0
35000.0,8000.0,0.0,35.0,0.0
35000.0,5000.0,1.0,28.0,0.0
64800.0,3000.0,0.0,31.0,0.0
65000.0,3000.0,0.0,31.0,0.0
67000.0,3000.0,0.0,31.0,0.0
67000.0,3000.0,0.0,32.0,0.0
51850.0,3000.0,1.0,27.0,1.0
68000.0,3000.0,0.0,30.0,0.0
35000.0,10000.0,0.0,32.0,0.0
35000.0,2000.0,0.0,30.0,0.0
70000.0,3000.0,0.0,30.0,0.0
70000.0,3000.0,0.0,27.0,0.0
35000.0,5200.0,0.0,35.0,0.0
35000.0,9000.0,0.0,27.0,0.0
35000.0,10000.0,0.0,33.0,0.0
35000.0,10225.0,0.0,31.0,0.0
72000.0,3000.0,0.0,30.0,0.0
35000.0,12000.0,0.0,28.0,0.0
35000.0,6075.0,0.0,32.0,0.0
75000.0,3000.0,0.0,28.0,0.0
75500.0,3000.0,0.0,33.0,0.0
70000.0,3000.0,0.0,32.0,1.0
78000.0,3000.0,0.0,28.0,0.0
35000.0,14000.0,0.0,27.0,0.0
78000.0,3000.0,0.0,30.0,0.0
80000.0,3000.0,0.0,30.0,0.0
74400.0,3000.0,0.0,33.0,1.0
35000.0,13250.0,0.0,28.0,0.0
35000.0,5600.0,0.0,35.0,0.0
90000.0,3000.0,1.0,34.0,0.0
93600.0,3000.0,0.0,27.0,0.0
70910.0,3000.0,1.0,28.0,1.0
35000.0,10000.0,0.0,33.0,0.0
35000.0,4000.0,0.0,28.0,0.0
104000.0,3000.0,0.0,35.0,0.0
106000.0,3000.0,0.0,34.0,0.0
108000.0,3000.0,0.0,33.0,0.0
35000.0,8000.0,0.0,31.0,0.0
121000.0,3000.0,0.0,29.0,0.0
125000.0,3000.0,1.0,30.0,0.0
130000.0,3000.0,0.0,28.0,0.0
150000.0,3000.0,0.0,28.0,0.0
35000.0,6000.0,0.0,33.0,0.0
80000.0,3025.0,0.0,28.0,0.0
15120.0,3050.0,0.0,27.0,1.0
35000.0,8000.0,1.0,29.0,0.0
36000.0,3050.0,0.0,32.0,0.0
35000.0,5000.0,0.0,27.0,0.0
36000.0,3075.0,0.0,29.0,0.0
30892.0,3100.0,0.0,31.0,1.0
31200.0,3100.0,0.0,30.0,0.0
32000.0,3125.0,0.0,35.0,0.0
56100.0,3150.0,0.0,29.0,1.0
35000.0,11850.0,0.0,28.0,0.0
35000.0,5000.0,0.0,34.0,0.0
18240.0,3200.0,0.0,31.0,1.0
35000.0,4000.0,1.0,32.0,0.0
33600.0,3200.0,0.0,27.0,0.0
33600.0,3200.0,1.0,35.0,0.0
35000.0,3200.0,0.0,29.0,0.0
35000.0,3200.0,0.0,28.0,0.0
35000.0,5200.0,0.0,30.0,0.0
35000.0,3200.0,0.0,34.0,0.0
35496.0,3200.0,0.0,27.0,0.0
36000.0,3200.0,0.0,30.0,0.0
38000.0,3200.0,0.0,27.0,0.0
38000.0,3200.0,0.0,28.0,0.0
35000.0,12000.0,1.0,33.0,0.0
33000.0,3200.0,1.0,28.0,1.0
34000.0,3200.0,0.0,35.0,1.0
40800.0,3200.0,1.0,34.0,0.0
42000.0,3200.0,0.0,35.0,0.0
43000.0,3200.0,0.0,30.0,0.0
43000.0,3200.0,0.0,30.0,0.0
47515.0,3200.0,1.0,28.0,0.0
35000.0,15000.0,0.0,27.0,0.0
42000.0,3200.0,1.0,28.0,1.0
50004.0,3200.0,0.0,27.0,0.0
53500.0,3200.0,0.0,34.0,0.0
54000.0,3200.0,0.0,27.0,0.0
35000.0,15000.0,1.0,31.0,0.0
54000.0,3200.0,0.0,27.0,0.0
55000.0,3200.0,0.0,28.0,0.0
51500.0,3200.0,1.0,29.0,1.0
35000.0,12000.0,0.0,32.0,0.0
57504.0,3200.0,0.0,29.0,0.0
63996.0,3200.0,0.0,33.0,0.0
35000.0,9600.0,0.0,28.0,0.0
71000.0,3200.0,1.0,28.0,1.0
35000.0,3600.0,0.0,29.0,0.0
95000.0,3200.0,0.0,33.0,0.0
110000.0,3200.0,0.0,30.0,0.0
35000.0,7500.0,0.0,27.0,0.0
110000.0,3200.0,0.0,35.0,0.0
10000.0,3250.0,0.0,31.0,1.0
35000.0,7000.0,0.0,27.0,0.0
12240.0,3250.0,0.0,27.0,1.0
18996.0,3250.0,0.0,33.0,1.0
23000.0,3250.0,1.0,30.0,0.0
35004.0,9500.0,0.0,30.0,0.0
26400.0,3250.0,0.0,30.0,1.0
26400.0,3250.0,0.0,31.0,0.0
35004.0,4000.0,0.0,28.0,0.0
35004.0,16000.0,1.0,28.0,0.0
18000.0,3300.0,0.0,33.0,1.0
19000.0,3300.0,0.0,35.0,1.0
37500.0,3300.0,0.0,29.0,0.0
44760.0,3300.0,0.0,30.0,0.0
75000.0,3300.0,0.0,35.0,0.0
69000.0,3325.0,1.0,27.0,1.0
30000.0,3350.0,0.0,34.0,0.0
47756.0,3350.0,0.0,31.0,0.0
35088.0,12000.0,0.0,27.0,0.0
35100.0,10000.0,1.0,32.0,0.0
35100.0,9000.0,0.0,34.0,0.0
37500.0,3400.0,0.0,32.0,0.0
44000.0,3400.0,1.0,34.0,0.0
48000.0,3400.0,0.0,35.0,0.0
76000.0,3400.0,0.0,28.0,0.0
35352.0,9000.0,0.0,31.0,0.0
35360.0,6350.0,0.0,33.0,0.0
35000.0,3425.0,1.0,31.0,0.0
35380.0,2050.0,1.0,28.0,0.0
17004.0,3500.0,0.0,28.0,1.0
19200.0,3500.0,0.0,35.0,1.0
35496.0,5500.0,0.0,28.0,0.0
20004.0,3500.0,0.0,32.0,0.0
35500.0,9600.0,0.0,28.0,0.0
35500.0,4000.0,0.0,29.0,0.0
35568.0,3975.0,0.0,29.0,0.0
22608.0,3500.0,0.0,35.0,0.0
22800.0,3500.0,1.0,27.0,1.0
24000.0,3500.0,0.0,35.0,0.0
24000.0,3500.0,0.0,31.0,0.0
24000.0,3500.0,1.0,28.0,1.0
25000.0,3500.0,0.0,28.0,0.0
36000.0,13500.0,0.0,30.0,0.0
27048.0,3500.0,0.0,29.0,0.0
30000.0,3500.0,0.0,32.0,1.0
36000.0,7000.0,0.0,30.0,0.0
36000.0,2400.0,0.0,30.0,0.0
30000.0,3500.0,0.0,29.0,0.0
30720.0,3500.0,0.0,29.0,0.0
31400.0,3500.0,0.0,27.0,0.0
31500.0,3500.0,0.0,31.0,0.0
34000.0,3500.0,0.0,29.0,0.0
30000.0,1100.0,0.0,30.0,1.0
36000.0,5000.0,0.0,30.0,0.0
36000.0,15000.0,0.0,30.0,0.0
35000.0,3500.0,0.0,27.0,0.0
36000.0,6250.0,0.0,33.0,0.0
36000.0,3500.0,1.0,31.0,0.0
36000.0,4800.0,0.0,31.0,0.0
40800.0,3500.0,1.0,29.0,0.0
42000.0,3500.0,1.0,32.0,0.0
42756.0,3500.0,0.0,35.0,0.0
44000.0,3500.0,0.0,27.0,0.0
46344.0,3500.0,0.0,29.0,0.0
48000.0,3500.0,1.0,28.0,0.0
48000.0,3500.0,0.0,33.0,0.0
30000.0,4400.0,0.0,30.0,1.0
42000.0,3500.0,0.0,29.0,1.0
36000.0,4800.0,0.0,27.0,0.0
36000.0,2600.0,0.0,32.0,0.0
36000.0,5000.0,0.0,33.0,0.0
36000.0,4000.0,0.0,27.0,0.0
53000.0,3500.0,0.0,28.0,0.0
36000.0,3925.0,0.0,35.0,0.0
36000.0,2500.0,1.0,28.0,0.0
36000.0,2500.0,0.0,29.0,0.0
36000.0,1925.0,1.0,28.0,0.0
54263.0,3500.0,0.0,28.0,0.0
49000.0,3500.0,0.0,32.0,1.0
56000.0,3500.0,0.0,29.0,0.0
60000.0,3500.0,0.0,27.0,0.0
36000.0,1600.0,0.0,31.0,0.0
62400.0,3500.0,0.0,29.0,0.0
63504.0,3500.0,0.0,34.0,0.0
63945.0,3500.0,0.0,27.0,0.0
65000.0,3500.0,0.0,27.0,0.0
36000.0,6000.0,0.0,31.0,0.0
65000.0,3500.0,0.0,27.0,0.0
66504.0,3500.0,0.0,32.0,0.0
67500.0,3500.0,0.0,35.0,0.0
68000.0,3500.0,1.0,31.0,0.0
30000.0,5350.0,0.0,27.0,1.0
69996.0,3500.0,0.0,28.0,0.0
70000.0,3500.0,1.0,28.0,0.0
36000.0,6625.0,0.0,33.0,0.0
79500.0,3500.0,1.0,31.0,0.0
80000.0,3500.0,1.0,31.0,0.0
36000.0,1750.0,0.0,30.0,0.0
38400.0,3550.0,0.0,29.0,0.0
14400.0,3600.0,0.0,28.0,1.0
14500.0,3600.0,1.0,29.0,1.0
18000.0,3600.0,0.0,29.0,1.0
20000.0,3600.0,0.0,27.0,0.0
36000.0,13500.0,0.0,27.0,0.0
21112.0,3600.0,1.0,27.0,1.0
25000.0,3600.0,0.0,32.0,0.0
25000.0,3600.0,1.0,27.0,0.0
28000.0,3600.0,0.0,31.0,1.0
30000.0,3600.0,0.0,34.0,1.0
30000.0,9000.0,0.0,29.0,1.0
30000.0,3600.0,1.0,32.0,1.0
36000.0,1800.0,0.0,32.0,0.0
36000.0,5000.0,0.0,30.0,0.0
30000.0,3600.0,1.0,30.0,0.0
36000.0,5500.0,0.0,27.0,0.0
36000.0,4000.0,0.0,28.0,0.0
31200.0,3600.0,0.0,28.0,0.0
36000.0,7000.0,1.0,27.0,0.0
35000.0,3600.0,0.0,29.0,0.0
35004.0,3600.0,1.0,30.0,0.0
36000.0,1050.0,1.0,27.0,0.0
36000.0,3600.0,1.0,34.0,0.0
36000.0,3000.0,0.0,30.0,0.0
36000.0,5000.0,0.0,35.0,0.0
37000.0,3600.0,0.0,28.0,0.0
38700.0,3600.0,0.0,28.0,0.0
39500.0,3600.0,0.0,28.0,0.0
33996.0,3600.0,0.0,35.0,1.0
36000.0,10000.0,0.0,27.0,0.0
40000.0,3600.0,1.0,29.0,0.0
36000.0,5300.0,0.0,29.0,0.0
40000.0,3600.0,0.0,29.0,0.0
40050.0,3600.0,1.0,27.0,0.0
42000.0,3600.0,1.0,33.0,0.0
36000.0,5000.0,0.0,30.0,0.0
37500.0,11000.0,0.0,29.0,0.0
38126.0,11000.0,0.0,30.0,0.0
38400.0,11000.0,0.0,29.0,0.0
36000.0,7800.0,0.0,33.0,0.0
42000.0,11000.0,0.0,30.0,0.0
42000.0,11000.0,0.0,29.0,0.0
42000.0,11000.0,0.0,30.0,0.0
36000.0,6000.0,0.0,27.0,0.0
36000.0,14400.0,0.0,27.0,0.0
44000.0,11000.0,0.0,29.0,0.0
36000.0,8000.0,0.0,35.0,0.0
44000.0,11000.0,1.0,34.0,0.0
36000.0,11500.0,0.0,30.0,0.0
36000.0,10000.0,0.0,33.0,0.0
45000.0,11000.0,0.0,28.0,0.0
39000.0,11000.0,1.0,27.0,1.0
46992.0,11000.0,0.0,31.0,0.0
41000.0,11000.0,1.0,27.0,1.0
41500.0,11000.0,1.0,28.0,1.0
47900.0,11000.0,0.0,32.0,0.0
36000.0,15000.0,0.0,30.0,0.0
51000.0,11000.0,0.0,33.0,0.0
51250.0,11000.0,0.0,32.0,0.0
45996.0,11000.0,1.0,28.0,1.0
52000.0,11000.0,0.0,27.0,0.0
53000.0,11000.0,0.0,30.0,0.0
36000.0,2500.0,0.0,27.0,0.0
36000.0,12000.0,1.0,34.0,0.0
36000.0,1400.0,1.0,28.0,0.0
55000.0,11000.0,0.0,28.0,0.0
52000.0,11000.0,1.0,29.0,1.0
60000.0,11000.0,0.0,27.0,0.0
36000.0,2400.0,0.0,28.0,0.0
65867.0,11000.0,0.0,35.0,0.0
68000.0,11000.0,0.0,28.0,0.0
69000.0,11000.0,1.0,29.0,0.0
69996.0,11000.0,0.0,28.0,0.0
64000.0,11000.0,1.0,33.0,1.0
75000.0,11000.0,0.0,28.0,0.0
36100.0,14000.0,0.0,29.0,0.0
65025.0,11000.0,1.0,28.0,1.0
83604.0,11000.0,0.0,27.0,0.0
36120.0,2000.0,1.0,27.0,0.0
90000.0,11000.0,0.0,35.0,0.0
93000.0,11000.0,1.0,34.0,0.0
94527.0,11000.0,0.0,31.0,0.0
36153.0,3000.0,0.0,35.0,0.0
85500.0,11000.0,0.0,27.0,1.0
138000.0,11000.0,0.0,30.0,0.0
36400.0,8000.0,0.0,31.0,0.0
24000.0,10800.0,0.0,32.0,1.0
32000.0,10800.0,0.0,29.0,1.0
29000.0,10800.0,0.0,34.0,1.0
33288.0,10800.0,0.0,28.0,1.0
40000.0,10800.0,0.0,30.0,1.0
36500.0,3200.0,0.0,33.0,0.0
42000.0,10800.0,1.0,29.0,1.0
30500.0,10000.0,0.0,33.0,1.0
48000.0,10800.0,0.0,34.0,0.0
36538.0,2500.0,0.0,29.0,0.0
36600.0,5000.0,0.0,27.0,0.0
50000.0,10800.0,1.0,28.0,0.0
52000.0,10800.0,0.0,29.0,0.0
52300.0,10800.0,0.0,28.0,0.0
48000.0,10800.0,0.0,27.0,1.0
55596.0,10800.0,0.0,35.0,0.0
36789.0,5500.0,1.0,27.0,0.0
69996.0,10800.0,1.0,27.0,0.0
36900.0,1600.0,0.0,31.0,0.0
36960.0,15000.0,1.0,28.0,0.0
82600.0,10800.0,0.0,27.0,0.0
36996.0,8800.0,0.0,27.0,0.0
24960.0,10750.0,0.0,27.0,1.0
24996.0,10750.0,0.0,31.0,1.0
28800.0,10750.0,0.0,29.0,1.0
37000.0,4650.0,0.0,35.0,0.0
55000.0,10725.0,0.0,33.0,0.0
37000.0,5000.0,0.0,34.0,0.0
31000.0,3000.0,0.0,32.0,1.0
37000.0,5000.0,0.0,27.0,0.0
37000.0,18250.0,0.0,28.0,0.0
26500.0,10625.0,0.0,30.0,1.0
37000.0,8000.0,0.0,27.0,0.0
27900.0,10625.0,0.0,27.0,1.0
37000.0,3000.0,0.0,32.0,0.0
37000.0,10000.0,0.0,28.0,0.0
37000.0,4400.0,0.0,34.0,0.0
31000.0,8875.0,0.0,35.0,1.0
33000.0,10625.0,0.0,27.0,1.0
37000.0,1000.0,0.0,28.0,0.0
34000.0,10625.0,1.0,31.0,1.0
35000.0,10625.0,0.0,29.0,0.0
31000.0,13000.0,0.0,33.0,1.0
37000.0,2800.0,0.0,29.0,0.0
35000.0,10600.0,0.0,34.0,0.0
65600.0,10600.0,0.0,33.0,0.0
49668.0,10525.0,0.0,29.0,0.0
37000.0,4800.0,0.0,29.0,0.0
37000.0,13000.0,0.0,33.0,0.0
31000.0,5000.0,1.0,35.0,1.0
37000.0,12000.0,0.0,32.0,0.0
31000.0,13000.0,0.0,30.0,1.0
38000.0,10500.0,0.0,34.0,0.0
38400.0,10500.0,0.0,33.0,0.0
40000.0,10500.0,0.0,28.0,0.0
50000.0,10500.0,0.0,31.0,0.0
44000.0,10500.0,1.0,30.0,1.0
53796.0,10500.0,0.0,33.0,0.0
37000.0,22000.0,1.0,31.0,0.0
60000.0,10500.0,1.0,28.0,0.0
62100.0,10500.0,0.0,34.0,0.0
66000.0,10500.0,0.0,31.0,0.0
75000.0,10500.0,0.0,28.0,0.0
75600.0,10500.0,0.0,27.0,0.0
351699.0,10500.0,0.0,31.0,0.0
55500.0,10450.0,0.0,34.0,0.0
30456.0,10400.0,0.0,27.0,1.0
31400.0,10400.0,0.0,29.0,1.0
32004.0,10400.0,0.0,32.0,1.0
39000.0,10400.0,0.0,28.0,0.0
31000.0,12000.0,0.0,30.0,1.0
45000.0,10400.0,0.0,27.0,0.0
37017.0,9000.0,0.0,30.0,0.0
51600.0,10400.0,1.0,27.0,1.0
62000.0,10400.0,1.0,27.0,0.0
31100.0,3000.0,1.0,29.0,1.0
65000.0,10400.0,0.0,28.0,0.0
80400.0,10400.0,0.0,27.0,0.0
35000.0,10375.0,0.0,27.0,0.0
32400.0,10275.0,0.0,29.0,1.0
37200.0,6600.0,0.0,30.0,0.0
37200.0,3000.0,0.0,33.0,0.0
75000.0,10250.0,1.0,29.0,0.0
45000.0,3600.0,0.0,28.0,0.0
45000.0,3600.0,0.0,27.0,0.0
37290.0,5500.0,0.0,28.0,0.0
48000.0,3600.0,0.0,33.0,0.0
48000.0,3600.0,0.0,32.0,0.0
37400.0,10750.0,0.0,35.0,0.0
50000.0,3600.0,1.0,29.0,0.0
50000.0,3600.0,0.0,34.0,0.0
50000.0,3600.0,0.0,33.0,0.0
52000.0,3600.0,0.0,29.0,0.0
53000.0,3600.0,0.0,33.0,0.0
54996.0,3600.0,0.0,29.0,0.0
55000.0,3600.0,0.0,33.0,0.0
55000.0,3600.0,0.0,31.0,0.0
49000.0,3600.0,1.0,28.0,1.0
60000.0,3600.0,0.0,28.0,0.0
60000.0,3600.0,0.0,30.0,0.0
60000.0,3600.0,0.0,28.0,0.0
37500.0,6500.0,1.0,33.0,0.0
69000.0,3600.0,0.0,30.0,0.0
64000.0,3600.0,0.0,27.0,1.0
70000.0,3600.0,1.0,27.0,0.0
37584.0,20000.0,0.0,28.0,0.0
74400.0,3600.0,0.0,33.0,0.0
37620.0,4000.0,0.0,28.0,0.0
82300.0,3600.0,0.0,28.0,0.0
31732.0,8000.0,0.0,35.0,1.0
85000.0,3600.0,0.0,35.0,0.0
62050.0,3600.0,0.0,31.0,1.0
90000.0,3600.0,0.0,30.0,0.0
82438.0,3600.0,0.0,29.0,1.0
106000.0,3600.0,0.0,27.0,0.0
110000.0,3600.0,0.0,30.0,0.0
160000.0,3600.0,0.0,31.0,0.0
20000.0,3625.0,0.0,33.0,0.0
54000.0,3625.0,0.0,27.0,0.0
65000.0,3625.0,0.0,32.0,0.0
110000.0,3650.0,0.0,31.0,0.0
19200.0,3675.0,0.0,35.0,1.0
25000.0,3700.0,0.0,32.0,0.0
25200.0,3700.0,0.0,28.0,0.0
29000.0,3700.0,0.0,31.0,1.0
40000.0,3700.0,0.0,28.0,0.0
38000.0,14000.0,0.0,31.0,0.0
38000.0,6000.0,0.0,30.0,0.0
38000.0,12775.0,0.0,34.0,0.0
94000.0,3700.0,0.0,28.0,0.0
25200.0,3750.0,1.0,34.0,0.0
50000.0,3775.0,0.0,32.0,0.0
13200.0,3800.0,0.0,32.0,1.0
38000.0,5000.0,0.0,35.0,0.0
38000.0,4000.0,0.0,32.0,0.0
38000.0,6425.0,0.0,28.0,0.0
68000.0,3800.0,1.0,32.0,0.0
38000.0,9600.0,0.0,35.0,0.0
38000.0,10400.0,0.0,31.0,0.0
29950.0,3825.0,0.0,28.0,0.0
38000.0,8000.0,1.0,32.0,0.0
38000.0,10000.0,0.0,33.0,0.0
49000.0,3850.0,0.0,31.0,0.0
20292.0,3900.0,0.0,28.0,0.0
20400.0,3900.0,1.0,31.0,0.0
38000.0,10000.0,0.0,32.0,0.0
30000.0,3900.0,0.0,28.0,0.0
38000.0,2400.0,0.0,35.0,0.0
55000.0,3900.0,0.0,28.0,0.0
27000.0,3975.0,0.0,29.0,1.0
12000.0,4000.0,1.0,27.0,1.0
32000.0,4500.0,0.0,27.0,1.0
38000.0,6000.0,1.0,29.0,0.0
38000.0,13750.0,0.0,31.0,0.0
14400.0,4000.0,1.0,28.0,1.0
15000.0,4000.0,0.0,31.0,1.0
38000.0,8400.0,0.0,28.0,0.0
38000.0,3600.0,0.0,29.0,0.0
15000.0,4000.0,1.0,30.0,1.0
38000.0,2000.0,0.0,31.0,0.0
16500.0,4000.0,1.0,30.0,1.0
17000.0,4000.0,1.0,31.0,1.0
17000.0,4000.0,0.0,27.0,1.0
38000.0,15000.0,0.0,35.0,0.0
32000.0,10750.0,1.0,35.0,1.0
18000.0,4000.0,0.0,32.0,1.0
18000.0,4000.0,0.0,31.0,1.0
38000.0,8000.0,0.0,29.0,0.0
38000.0,2500.0,0.0,33.0,0.0
19200.0,4000.0,0.0,28.0,1.0
38000.0,10000.0,0.0,34.0,0.0
19200.0,4000.0,0.0,29.0,1.0
38000.0,14500.0,1.0,34.0,0.0
19820.0,4000.0,0.0,35.0,1.0
19968.0,4000.0,0.0,30.0,1.0
20000.0,4000.0,0.0,27.0,0.0
20000.0,4000.0,0.0,28.0,0.0
32000.0,7500.0,1.0,27.0,1.0
20000.0,4000.0,0.0,28.0,0.0
20000.0,4000.0,0.0,28.0,1.0
38000.0,5000.0,0.0,27.0,0.0
20000.0,4000.0,1.0,33.0,0.0
21000.0,4000.0,0.0,27.0,0.0
21000.0,4000.0,0.0,29.0,0.0
21300.0,4000.0,1.0,30.0,0.0
21600.0,4000.0,0.0,32.0,0.0
21864.0,4000.0,0.0,29.0,0.0
22000.0,4000.0,0.0,27.0,0.0
23000.0,4000.0,1.0,32.0,0.0
23400.0,4000.0,0.0,27.0,0.0
24000.0,4000.0,0.0,31.0,0.0
38004.0,6500.0,1.0,27.0,0.0
24000.0,4000.0,1.0,31.0,0.0
24000.0,4000.0,0.0,27.0,0.0
38100.0,8400.0,0.0,32.0,0.0
24960.0,4000.0,0.0,29.0,0.0
38196.0,10750.0,0.0,28.0,0.0
26000.0,4000.0,0.0,27.0,0.0
32304.0,1200.0,0.0,27.0,1.0
26004.0,4000.0,0.0,29.0,1.0
38400.0,10000.0,0.0,33.0,0.0
26568.0,4000.0,0.0,29.0,1.0
38400.0,14000.0,1.0,29.0,0.0
27600.0,4000.0,0.0,28.0,0.0
27996.0,4000.0,0.0,29.0,0.0
38400.0,16450.0,0.0,33.0,0.0
28550.0,4000.0,0.0,29.0,0.0
28800.0,4000.0,0.0,33.0,0.0
28800.0,4000.0,0.0,29.0,1.0
38400.0,2400.0,0.0,32.0,0.0
29120.0,4000.0,0.0,27.0,0.0
30000.0,4000.0,0.0,27.0,1.0
30000.0,4000.0,0.0,34.0,0.0
30000.0,4000.0,1.0,30.0,0.0
30000.0,4000.0,0.0,34.0,0.0
38400.0,15000.0,0.0,27.0,0.0
38400.0,9500.0,0.0,35.0,0.0
38400.0,8000.0,1.0,33.0,0.0
30000.0,4000.0,0.0,27.0,0.0
30996.0,4000.0,0.0,28.0,0.0
31000.0,4000.0,0.0,27.0,0.0
31150.0,4000.0,0.0,28.0,0.0
38400.0,16750.0,0.0,30.0,0.0
32004.0,4000.0,0.0,32.0,0.0
32004.0,4000.0,0.0,33.0,0.0
32160.0,4000.0,0.0,27.0,1.0
33000.0,4000.0,0.0,27.0,0.0
33000.0,4000.0,0.0,27.0,0.0
33280.0,4000.0,0.0,30.0,0.0
33600.0,4000.0,0.0,31.0,0.0
34000.0,4000.0,1.0,27.0,1.0
34000.0,4000.0,0.0,32.0,0.0
34000.0,4000.0,0.0,30.0,0.0
34200.0,4000.0,1.0,32.0,0.0
34400.0,4000.0,0.0,33.0,0.0
38600.0,1600.0,1.0,29.0,0.0
35000.0,4000.0,0.0,31.0,0.0
35000.0,4000.0,1.0,29.0,0.0
35000.0,4000.0,0.0,29.0,0.0
38769.0,2400.0,0.0,34.0,0.0
35000.0,4000.0,0.0,35.0,0.0
35000.0,4000.0,0.0,33.0,0.0
29004.0,4000.0,0.0,28.0,1.0
35004.0,4000.0,0.0,28.0,0.0
39000.0,10000.0,0.0,33.0,0.0
35600.0,4000.0,0.0,28.0,0.0
35600.0,4000.0,0.0,31.0,0.0
36000.0,4000.0,0.0,28.0,0.0
33000.0,4000.0,0.0,28.0,1.0
33000.0,5600.0,0.0,29.0,1.0
36000.0,4000.0,1.0,31.0,0.0
36000.0,4000.0,0.0,34.0,0.0
39000.0,6400.0,0.0,27.0,0.0
39000.0,15000.0,0.0,35.0,0.0
37400.0,4000.0,0.0,32.0,0.0
38196.0,4000.0,0.0,33.0,0.0
39000.0,16000.0,0.0,29.0,0.0
39000.0,4000.0,0.0,30.0,0.0
39000.0,4000.0,0.0,27.0,0.0
33000.0,4000.0,0.0,35.0,1.0
33456.0,4000.0,0.0,34.0,1.0
39996.0,4000.0,1.0,30.0,0.0
39000.0,16700.0,0.0,32.0,0.0
33996.0,4000.0,0.0,29.0,1.0
34000.0,4000.0,0.0,30.0,1.0
40000.0,4000.0,1.0,32.0,0.0
40000.0,4000.0,0.0,32.0,0.0
40000.0,4000.0,0.0,33.0,0.0
40000.0,4000.0,0.0,29.0,0.0
40000.0,4000.0,0.0,32.0,0.0
39000.0,6900.0,0.0,27.0,0.0
34800.0,4000.0,1.0,27.0,1.0
41000.0,4000.0,0.0,31.0,0.0
41000.0,4000.0,0.0,31.0,0.0
39000.0,7100.0,0.0,29.0,0.0
33000.0,9000.0,1.0,27.0,1.0
42000.0,4000.0,0.0,32.0,0.0
42000.0,4000.0,0.0,33.0,0.0
42000.0,4000.0,0.0,30.0,0.0
43000.0,4000.0,1.0,27.0,0.0
39432.0,8000.0,0.0,29.0,0.0
39480.0,7200.0,0.0,27.0,0.0
37200.0,4000.0,0.0,27.0,1.0
45576.0,4000.0,0.0,32.0,0.0
39600.0,4000.0,0.0,28.0,1.0
39500.0,11000.0,0.0,28.0,0.0
46000.0,4000.0,0.0,29.0,0.0
41000.0,4000.0,0.0,28.0,1.0
39500.0,5000.0,0.0,29.0,0.0
39504.0,3000.0,0.0,33.0,0.0
39552.0,12375.0,0.0,30.0,0.0
48000.0,4000.0,0.0,33.0,0.0
39600.0,5600.0,0.0,29.0,0.0
48000.0,4000.0,0.0,27.0,0.0
48000.0,4000.0,0.0,28.0,0.0
39600.0,2400.0,0.0,34.0,0.0
39600.0,1500.0,0.0,32.0,0.0
39600.0,6000.0,0.0,34.0,0.0
48000.0,4000.0,1.0,31.0,0.0
39600.0,9900.0,0.0,27.0,0.0
39600.0,3000.0,0.0,30.0,0.0
48000.0,4000.0,0.0,34.0,0.0
42804.0,4000.0,1.0,33.0,1.0
48996.0,4000.0,0.0,27.0,0.0
49000.0,4000.0,0.0,27.0,0.0
39600.0,4800.0,0.0,27.0,0.0
50000.0,4000.0,0.0,31.0,0.0
39600.0,5000.0,0.0,28.0,0.0
39600.0,3000.0,0.0,33.0,0.0
50000.0,4000.0,0.0,28.0,0.0
39750.0,1425.0,0.0,30.0,0.0
50000.0,4000.0,1.0,35.0,0.0
44000.0,4000.0,1.0,29.0,1.0
39960.0,11000.0,0.0,29.0,0.0
39962.0,3200.0,0.0,30.0,0.0
52000.0,4000.0,0.0,31.0,0.0
52000.0,4000.0,0.0,28.0,0.0
52600.0,4000.0,1.0,27.0,0.0
47000.0,4000.0,1.0,27.0,1.0
48000.0,4000.0,0.0,27.0,1.0
54000.0,4000.0,0.0,27.0,0.0
54000.0,4000.0,1.0,27.0,0.0
48996.0,4000.0,1.0,27.0,1.0
55200.0,4000.0,0.0,29.0,0.0
55200.0,4000.0,0.0,27.0,0.0
39996.0,10000.0,0.0,30.0,0.0
39996.0,4000.0,1.0,31.0,0.0
56000.0,4000.0,0.0,31.0,0.0
56800.0,4000.0,0.0,28.0,0.0
39996.0,10000.0,0.0,30.0,0.0
58000.0,4000.0,0.0,27.0,0.0
60000.0,4000.0,0.0,32.0,0.0
60000.0,4000.0,0.0,29.0,0.0
39996.0,9600.0,0.0,31.0,0.0
60000.0,4000.0,0.0,29.0,0.0
60000.0,4000.0,0.0,35.0,0.0
61500.0,4000.0,0.0,28.0,0.0
63000.0,4000.0,0.0,35.0,0.0
63500.0,4000.0,0.0,27.0,0.0
64200.0,4000.0,0.0,27.0,0.0
65000.0,4000.0,0.0,27.0,0.0
65000.0,4000.0,0.0,27.0,0.0
65000.0,4000.0,0.0,29.0,0.0
65000.0,4000.0,0.0,33.0,0.0
40000.0,19200.0,0.0,28.0,0.0
59000.0,4000.0,0.0,30.0,1.0
68000.0,4000.0,0.0,33.0,0.0
70000.0,4000.0,0.0,29.0,0.0
34000.0,10000.0,1.0,28.0,1.0
72000.0,4000.0,0.0,29.0,0.0
72000.0,4000.0,0.0,32.0,0.0
72000.0,4000.0,0.0,31.0,0.0
40000.0,14675.0,0.0,27.0,0.0
75000.0,4000.0,1.0,31.0,0.0
75000.0,4000.0,0.0,29.0,0.0
75000.0,4000.0,0.0,29.0,0.0
40000.0,8600.0,0.0,30.0,0.0
75250.0,4000.0,0.0,32.0,0.0
78000.0,4000.0,0.0,33.0,0.0
78000.0,4000.0,0.0,32.0,0.0
80000.0,4000.0,0.0,27.0,0.0
34000.0,8000.0,0.0,28.0,1.0
34000.0,10200.0,1.0,29.0,1.0
82350.0,4000.0,0.0,32.0,0.0
84996.0,4000.0,0.0,33.0,0.0
86095.0,4000.0,0.0,27.0,0.0
34000.0,8875.0,0.0,27.0,1.0
90000.0,4000.0,0.0,28.0,0.0
40000.0,4625.0,0.0,31.0,0.0
91000.0,4000.0,0.0,31.0,0.0
95000.0,4000.0,0.0,32.0,0.0
96000.0,4000.0,0.0,30.0,0.0
40000.0,14000.0,0.0,31.0,0.0
79050.0,4000.0,0.0,27.0,1.0
40000.0,3000.0,0.0,30.0,0.0
107000.0,4000.0,0.0,32.0,0.0
96000.0,4000.0,1.0,32.0,1.0
98000.0,4000.0,0.0,28.0,1.0
110000.0,4000.0,0.0,28.0,0.0
115000.0,4000.0,0.0,32.0,0.0
125000.0,4000.0,1.0,28.0,0.0
135000.0,4000.0,0.0,28.0,0.0
138000.0,4000.0,0.0,27.0,1.0
40000.0,10625.0,0.0,29.0,0.0
21000.0,4200.0,1.0,28.0,1.0
28800.0,4200.0,0.0,28.0,0.0
20000.0,4350.0,1.0,27.0,1.0
40000.0,2400.0,0.0,28.0,0.0
78000.0,4350.0,0.0,35.0,1.0
42500.0,4375.0,1.0,32.0,0.0
96000.0,4375.0,0.0,27.0,0.0
20064.0,4400.0,1.0,29.0,0.0
24000.0,4400.0,1.0,31.0,1.0
40000.0,15000.0,0.0,28.0,0.0
30000.0,4400.0,0.0,31.0,0.0
40000.0,9600.0,0.0,30.0,0.0
30000.0,4400.0,0.0,29.0,0.0
37440.0,4400.0,0.0,33.0,0.0
40000.0,1400.0,0.0,29.0,0.0
54000.0,4425.0,1.0,30.0,0.0
40000.0,11200.0,0.0,28.0,0.0
40000.0,5000.0,0.0,29.0,0.0
40000.0,9000.0,0.0,32.0,0.0
40000.0,3600.0,0.0,28.0,0.0
13200.0,4475.0,0.0,29.0,1.0
43680.0,4475.0,0.0,28.0,0.0
12000.0,4500.0,0.0,29.0,1.0
40000.0,4200.0,0.0,27.0,0.0
40000.0,3200.0,0.0,33.0,0.0
34000.0,7500.0,0.0,32.0,1.0
40000.0,16000.0,0.0,32.0,0.0
40000.0,6000.0,1.0,33.0,0.0
40000.0,10000.0,0.0,28.0,0.0
19600.0,4500.0,0.0,34.0,1.0
40000.0,2000.0,0.0,34.0,0.0
40000.0,8000.0,0.0,35.0,0.0
40000.0,6000.0,0.0,34.0,0.0
40000.0,4000.0,0.0,27.0,0.0
27000.0,4500.0,1.0,32.0,0.0
28800.0,4500.0,0.0,29.0,0.0
29496.0,4500.0,1.0,28.0,0.0
30000.0,4500.0,0.0,27.0,0.0
30000.0,4500.0,0.0,30.0,0.0
30555.0,4500.0,0.0,35.0,0.0
32000.0,4500.0,0.0,34.0,0.0
32000.0,4500.0,0.0,31.0,1.0
32640.0,4500.0,0.0,28.0,0.0
35000.0,4500.0,0.0,27.0,0.0
36000.0,4500.0,1.0,30.0,0.0
36000.0,4500.0,0.0,31.0,0.0
36000.0,4500.0,0.0,27.0,0.0
37000.0,4500.0,0.0,28.0,0.0
40000.0,11000.0,0.0,31.0,0.0
34000.0,3700.0,0.0,28.0,1.0
39000.0,4500.0,0.0,32.0,0.0
39000.0,4500.0,0.0,35.0,0.0
39600.0,4500.0,0.0,28.0,0.0
40000.0,4500.0,1.0,30.0,0.0
40000.0,14000.0,0.0,33.0,0.0
40000.0,5000.0,0.0,29.0,0.0
34000.0,2500.0,1.0,28.0,1.0
39000.0,4500.0,0.0,28.0,1.0
47000.0,4500.0,1.0,31.0,0.0
47360.0,4500.0,0.0,33.0,0.0
47400.0,4500.0,0.0,31.0,0.0
48000.0,4500.0,0.0,28.0,0.0
34000.0,3500.0,0.0,28.0,1.0
43200.0,4500.0,1.0,27.0,1.0
50000.0,4500.0,0.0,31.0,0.0
50000.0,4500.0,1.0,30.0,0.0
44400.0,4500.0,0.0,34.0,1.0
45000.0,4500.0,0.0,34.0,1.0
52000.0,4500.0,0.0,29.0,0.0
40000.0,8000.0,0.0,27.0,0.0
40000.0,25000.0,0.0,29.0,0.0
49000.0,4500.0,0.0,28.0,1.0
49362.0,4500.0,0.0,29.0,1.0
58000.0,4500.0,1.0,27.0,0.0
60000.0,4500.0,0.0,27.0,0.0
40000.0,4000.0,1.0,29.0,0.0
60000.0,4500.0,0.0,27.0,0.0
61828.0,4500.0,0.0,30.0,0.0
70000.0,4500.0,0.0,29.0,0.0
70000.0,4500.0,0.0,29.0,0.0
74100.0,4500.0,1.0,29.0,0.0
91500.0,4500.0,0.0,29.0,0.0
40000.0,5000.0,0.0,33.0,0.0
40000.0,13000.0,0.0,27.0,0.0
17000.0,4575.0,0.0,31.0,1.0
40000.0,6400.0,0.0,29.0,0.0
40000.0,8000.0,0.0,34.0,0.0
48000.0,4600.0,0.0,28.0,0.0
50000.0,4600.0,0.0,30.0,0.0
58000.0,4600.0,0.0,27.0,0.0
40000.0,4200.0,0.0,34.0,0.0
60000.0,4600.0,0.0,28.0,0.0
150000.0,4600.0,0.0,32.0,0.0
37000.0,4650.0,0.0,32.0,1.0
50000.0,4675.0,0.0,32.0,0.0
65000.0,4700.0,0.0,33.0,0.0
86000.0,4700.0,0.0,33.0,0.0
40000.0,15000.0,1.0,31.0,0.0
14000.0,4750.0,0.0,27.0,1.0
14400.0,4750.0,1.0,31.0,1.0
17000.0,4750.0,0.0,35.0,1.0
19200.0,4750.0,0.0,34.0,1.0
20000.0,4750.0,0.0,32.0,0.0
27840.0,4750.0,0.0,28.0,0.0
40000.0,5000.0,0.0,27.0,0.0
31000.0,4750.0,0.0,30.0,1.0
39996.0,4750.0,0.0,34.0,0.0
60000.0,4750.0,0.0,31.0,0.0
60000.0,4750.0,0.0,30.0,0.0
14400.0,4800.0,1.0,28.0,1.0
14400.0,4800.0,0.0,35.0,1.0
40000.0,1400.0,1.0,29.0,0.0
34000.0,6000.0,1.0,30.0,1.0
15000.0,4800.0,0.0,28.0,1.0
40000.0,8000.0,0.0,29.0,0.0
40000.0,3500.0,0.0,27.0,0.0
22000.0,4800.0,0.0,31.0,0.0
40000.0,7200.0,0.0,33.0,0.0
40000.0,6600.0,0.0,29.0,0.0
40000.0,10000.0,0.0,28.0,0.0
34000.0,6000.0,0.0,33.0,1.0
22884.0,4800.0,0.0,28.0,0.0
40000.0,6000.0,0.0,33.0,0.0
40000.0,9000.0,0.0,33.0,0.0
25000.0,4800.0,1.0,31.0,0.0
27996.0,4800.0,0.0,33.0,0.0
40000.0,10000.0,0.0,28.0,0.0
40000.0,10000.0,0.0,29.0,0.0
29004.0,4800.0,1.0,28.0,0.0
30000.0,4800.0,1.0,31.0,1.0
30000.0,4800.0,0.0,28.0,0.0
31000.0,4800.0,1.0,30.0,0.0
40000.0,7200.0,0.0,35.0,0.0
40000.0,12650.0,0.0,31.0,0.0
33600.0,4800.0,0.0,29.0,0.0
33763.0,4800.0,0.0,28.0,0.0
34000.0,4800.0,0.0,28.0,0.0
29000.0,4800.0,1.0,32.0,1.0
40056.0,16750.0,0.0,33.0,0.0
35000.0,4800.0,0.0,28.0,0.0
35000.0,4800.0,0.0,27.0,0.0
40200.0,1900.0,0.0,28.0,0.0
36000.0,4800.0,0.0,28.0,0.0
34300.0,6125.0,0.0,28.0,1.0
36400.0,4800.0,1.0,32.0,0.0
32400.0,4800.0,0.0,32.0,1.0
32900.0,4800.0,1.0,35.0,1.0
40000.0,4800.0,0.0,27.0,0.0
40000.0,4800.0,0.0,30.0,0.0
40500.0,12000.0,1.0,28.0,0.0
42000.0,4800.0,0.0,28.0,0.0
44000.0,4800.0,0.0,27.0,0.0
38100.0,4800.0,0.0,28.0,1.0
40500.0,6000.0,0.0,29.0,0.0
40560.0,3000.0,0.0,27.0,0.0
40704.0,10000.0,0.0,32.0,0.0
40740.0,6400.0,0.0,31.0,0.0
45000.0,4800.0,0.0,33.0,0.0
40777.0,8000.0,1.0,29.0,0.0
40800.0,8000.0,0.0,27.0,0.0
45000.0,4800.0,0.0,30.0,0.0
40800.0,6700.0,0.0,28.0,0.0
40800.0,6000.0,0.0,27.0,0.0
40800.0,3200.0,1.0,29.0,0.0
40800.0,2000.0,0.0,29.0,0.0
49000.0,4800.0,1.0,30.0,0.0
49200.0,4800.0,0.0,27.0,0.0
50000.0,4800.0,0.0,28.0,0.0
51000.0,4800.0,0.0,30.0,0.0
34999.0,6250.0,1.0,29.0,1.0
54000.0,4800.0,1.0,31.0,0.0
54000.0,4800.0,0.0,30.0,0.0
54996.0,4800.0,0.0,30.0,0.0
49000.0,4800.0,0.0,28.0,1.0
56000.0,4800.0,1.0,30.0,0.0
56048.0,4800.0,0.0,29.0,0.0
57408.0,4800.0,0.0,28.0,0.0
60000.0,4800.0,1.0,27.0,0.0
61000.0,4800.0,0.0,30.0,0.0
56000.0,4800.0,0.0,28.0,1.0
57996.0,4800.0,1.0,31.0,1.0
41000.0,5000.0,0.0,29.0,0.0
59004.0,4800.0,0.0,29.0,1.0
66000.0,4800.0,0.0,33.0,0.0
66560.0,4800.0,0.0,28.0,0.0
35000.0,6000.0,0.0,27.0,1.0
41000.0,6000.0,0.0,29.0,0.0
68004.0,4800.0,0.0,27.0,0.0
69000.0,4800.0,0.0,29.0,0.0
41000.0,10000.0,1.0,30.0,0.0
77000.0,4800.0,0.0,34.0,0.0
80000.0,4800.0,0.0,35.0,0.0
96900.0,4800.0,0.0,34.0,0.0
41000.0,10000.0,0.0,27.0,0.0
118000.0,4800.0,0.0,28.0,0.0
120000.0,4800.0,0.0,30.0,0.0
300000.0,4800.0,0.0,29.0,0.0
41000.0,8000.0,0.0,32.0,0.0
41000.0,8000.0,0.0,35.0,0.0
64052.0,4875.0,0.0,32.0,0.0
41000.0,18000.0,0.0,30.0,0.0
23350.0,4900.0,0.0,28.0,0.0
41004.0,16000.0,0.0,34.0,0.0
96000.0,10000.0,0.0,27.0,0.0
35050.0,8000.0,0.0,33.0,1.0
96500.0,10000.0,0.0,29.0,0.0
41196.0,3300.0,0.0,33.0,0.0
98004.0,10000.0,0.0,27.0,0.0
41235.0,3000.0,0.0,35.0,0.0
88000.0,10000.0,0.0,28.0,1.0
100000.0,10000.0,0.0,31.0,0.0
100000.0,10000.0,0.0,32.0,0.0
100000.0,10000.0,0.0,28.0,0.0
100000.0,10000.0,0.0,29.0,0.0
102000.0,10000.0,0.0,30.0,0.0
41464.0,3500.0,0.0,32.0,0.0
35496.0,2800.0,1.0,34.0,1.0
76500.0,10000.0,1.0,32.0,1.0
41500.0,4500.0,0.0,27.0,0.0
103000.0,10000.0,0.0,27.0,0.0
103241.0,10000.0,0.0,28.0,0.0
108000.0,10000.0,0.0,30.0,0.0
110000.0,10000.0,1.0,31.0,0.0
110000.0,10000.0,0.0,34.0,0.0
41600.0,13200.0,0.0,32.0,0.0
110000.0,10000.0,0.0,28.0,0.0
110000.0,10000.0,1.0,33.0,0.0
110000.0,10000.0,0.0,33.0,0.0
41600.0,17500.0,0.0,34.0,0.0
41600.0,4500.0,0.0,30.0,0.0
41600.0,13000.0,0.0,28.0,0.0
41604.0,15000.0,0.0,30.0,0.0
41700.0,7750.0,0.0,28.0,0.0
117000.0,10000.0,0.0,27.0,0.0
118000.0,10000.0,0.0,30.0,0.0
41916.0,7000.0,0.0,33.0,0.0
41979.0,8150.0,0.0,34.0,0.0
120000.0,10000.0,0.0,30.0,0.0
125000.0,10000.0,0.0,28.0,0.0
125000.0,10000.0,0.0,30.0,0.0
42000.0,5375.0,0.0,28.0,0.0
125000.0,10000.0,0.0,27.0,0.0
126000.0,10000.0,0.0,35.0,0.0
130000.0,10000.0,0.0,27.0,0.0
130000.0,10000.0,0.0,27.0,0.0
130000.0,10000.0,0.0,29.0,0.0
130000.0,10000.0,1.0,27.0,0.0
42000.0,8000.0,0.0,28.0,0.0
120600.0,10000.0,0.0,31.0,1.0
136000.0,10000.0,0.0,29.0,0.0
128000.0,10000.0,1.0,32.0,1.0
140900.0,10000.0,1.0,32.0,0.0
42000.0,13000.0,0.0,33.0,0.0
144000.0,10000.0,0.0,28.0,0.0
148000.0,10000.0,0.0,30.0,0.0
160000.0,10000.0,1.0,27.0,0.0
42000.0,10000.0,0.0,34.0,0.0
36000.0,12500.0,0.0,27.0,1.0
42000.0,10000.0,0.0,27.0,0.0
275000.0,10000.0,1.0,27.0,0.0
42000.0,1200.0,0.0,30.0,0.0
25404.0,9950.0,1.0,32.0,1.0
25200.0,4900.0,0.0,32.0,0.0
30000.0,4900.0,0.0,27.0,0.0
24000.0,9925.0,0.0,31.0,1.0
93500.0,9925.0,1.0,30.0,0.0
39000.0,9900.0,0.0,28.0,0.0
41303.0,9900.0,0.0,31.0,0.0
50000.0,9900.0,0.0,27.0,0.0
70000.0,9850.0,0.0,32.0,0.0
38400.0,9800.0,0.0,30.0,0.0
48000.0,9800.0,0.0,27.0,0.0
42000.0,9000.0,0.0,31.0,0.0
36000.0,16000.0,0.0,35.0,1.0
42000.0,6000.0,0.0,28.0,0.0
42000.0,3500.0,0.0,27.0,0.0
20800.0,9750.0,1.0,31.0,1.0
32400.0,4900.0,0.0,28.0,1.0
43000.0,4900.0,0.0,27.0,0.0
38000.0,4900.0,1.0,33.0,1.0
42100.0,4925.0,0.0,28.0,0.0
30000.0,4975.0,0.0,27.0,0.0
42000.0,8000.0,0.0,30.0,0.0
42000.0,9050.0,0.0,33.0,0.0
28000.0,5000.0,0.0,29.0,1.0
28140.0,5000.0,0.0,29.0,0.0
42000.0,2000.0,0.0,34.0,0.0
28800.0,5000.0,0.0,28.0,0.0
28800.0,5000.0,0.0,32.0,0.0
28800.0,5000.0,0.0,31.0,0.0
28800.0,5000.0,1.0,27.0,0.0
28968.0,5000.0,1.0,27.0,0.0
29000.0,5000.0,1.0,29.0,0.0
42000.0,10375.0,0.0,32.0,0.0
42000.0,5000.0,0.0,28.0,0.0
42000.0,9000.0,0.0,33.0,0.0
42000.0,7500.0,0.0,34.0,0.0
30000.0,5000.0,0.0,31.0,1.0
30000.0,5000.0,0.0,29.0,0.0
30000.0,5000.0,0.0,27.0,0.0
30000.0,5000.0,0.0,28.0,0.0
30000.0,5000.0,0.0,28.0,0.0
30000.0,5000.0,0.0,33.0,0.0
36000.0,8000.0,0.0,29.0,1.0
42000.0,12000.0,0.0,28.0,0.0
30000.0,5000.0,0.0,29.0,0.0
30240.0,5000.0,1.0,30.0,0.0
30796.0,5000.0,1.0,29.0,0.0
30960.0,5000.0,0.0,32.0,0.0
31000.0,5000.0,0.0,30.0,0.0
31000.0,5000.0,0.0,35.0,0.0
31100.0,5000.0,0.0,29.0,0.0
42000.0,22750.0,0.0,34.0,0.0
42000.0,7200.0,0.0,31.0,0.0
31577.0,5000.0,0.0,35.0,0.0
42000.0,11000.0,0.0,28.0,0.0
32000.0,5000.0,0.0,28.0,0.0
42000.0,8000.0,1.0,27.0,0.0
42000.0,2500.0,0.0,29.0,0.0
42000.0,6400.0,0.0,33.0,0.0
32760.0,5000.0,1.0,27.0,0.0
42000.0,10000.0,0.0,28.0,0.0
33000.0,5000.0,0.0,29.0,0.0
33000.0,5000.0,0.0,27.0,0.0
42000.0,8500.0,0.0,27.0,0.0
33000.0,5000.0,1.0,27.0,0.0
42000.0,2500.0,0.0,29.0,0.0
33600.0,5000.0,0.0,28.0,0.0
42000.0,4200.0,0.0,27.0,0.0
33600.0,5000.0,1.0,29.0,0.0
33600.0,5000.0,1.0,27.0,0.0
42000.0,7800.0,0.0,29.0,0.0
42000.0,3000.0,1.0,30.0,0.0
34000.0,5000.0,0.0,31.0,0.0
34152.0,5000.0,0.0,27.0,0.0
42000.0,8500.0,0.0,28.0,0.0
34868.0,5000.0,0.0,35.0,1.0
35000.0,5000.0,0.0,31.0,0.0
29000.0,5000.0,1.0,28.0,1.0
35000.0,5000.0,0.0,33.0,0.0
35000.0,5000.0,0.0,27.0,0.0
35004.0,5000.0,0.0,27.0,0.0
42000.0,10400.0,0.0,32.0,0.0
36000.0,15200.0,1.0,27.0,1.0
36000.0,5000.0,0.0,35.0,0.0
42000.0,9000.0,0.0,32.0,0.0
42000.0,2500.0,0.0,29.0,0.0
30000.0,5000.0,1.0,27.0,1.0
42000.0,8500.0,0.0,29.0,0.0
36000.0,5000.0,0.0,27.0,0.0
42000.0,15000.0,0.0,28.0,0.0
36000.0,5000.0,0.0,31.0,0.0
36000.0,5000.0,0.0,30.0,0.0
36000.0,5000.0,0.0,32.0,0.0
42000.0,20000.0,1.0,27.0,0.0
42000.0,6000.0,0.0,28.0,0.0
36933.0,5000.0,1.0,30.0,0.0
42000.0,1800.0,0.0,32.0,0.0
37000.0,5000.0,0.0,32.0,0.0
37000.0,5000.0,0.0,32.0,0.0
36000.0,6825.0,0.0,27.0,1.0
37300.0,5000.0,0.0,32.0,0.0
37500.0,5000.0,0.0,32.0,0.0
31513.0,5000.0,0.0,27.0,1.0
37992.0,5000.0,0.0,32.0,0.0
32000.0,5000.0,1.0,32.0,1.0
36082.0,5000.0,0.0,27.0,1.0
32000.0,5000.0,0.0,29.0,1.0
42108.0,2500.0,0.0,29.0,0.0
38000.0,5000.0,0.0,29.0,0.0
42162.0,2400.0,0.0,27.0,0.0
42200.0,13200.0,0.0,28.0,0.0
38004.0,5000.0,0.0,27.0,0.0
42240.0,12000.0,0.0,28.0,0.0
38250.0,5000.0,0.0,27.0,0.0
38300.0,5000.0,0.0,32.0,0.0
38400.0,5000.0,1.0,28.0,0.0
42300.0,2000.0,0.0,31.0,0.0
38400.0,5000.0,0.0,27.0,0.0
38500.0,5000.0,0.0,33.0,0.0
39000.0,5000.0,0.0,28.0,0.0
42500.0,8000.0,0.0,27.0,0.0
39516.0,5000.0,0.0,28.0,0.0
39996.0,5000.0,0.0,34.0,0.0
40000.0,5000.0,0.0,27.0,0.0
40000.0,5000.0,0.0,27.0,0.0
40000.0,5000.0,0.0,27.0,0.0
34000.0,5000.0,0.0,35.0,1.0
34000.0,5000.0,1.0,28.0,1.0
40000.0,5000.0,0.0,34.0,0.0
34000.0,5000.0,1.0,35.0,1.0
40000.0,5000.0,0.0,31.0,0.0
42994.0,7675.0,0.0,34.0,0.0
34040.0,5000.0,0.0,27.0,1.0
40752.0,5000.0,0.0,27.0,0.0
40800.0,5000.0,0.0,35.0,0.0
34900.0,5000.0,1.0,27.0,1.0
35000.0,5000.0,0.0,28.0,1.0
41000.0,5000.0,0.0,29.0,0.0
41004.0,5000.0,0.0,31.0,0.0
41600.0,5000.0,0.0,34.0,0.0
42000.0,5000.0,0.0,28.0,0.0
42000.0,5000.0,1.0,29.0,0.0
42000.0,5000.0,0.0,35.0,0.0
42000.0,5000.0,0.0,27.0,0.0
43000.0,15000.0,0.0,28.0,0.0
42000.0,5000.0,0.0,27.0,0.0
42000.0,5000.0,0.0,27.0,0.0
42000.0,5000.0,0.0,31.0,0.0
43000.0,5000.0,1.0,28.0,0.0
42000.0,5000.0,0.0,32.0,0.0
42016.0,5000.0,0.0,28.0,0.0
42072.0,5000.0,0.0,27.0,0.0
42100.0,5000.0,0.0,31.0,0.0
36500.0,5000.0,0.0,32.0,1.0
43000.0,17500.0,0.0,27.0,0.0
42996.0,5000.0,0.0,27.0,0.0
43000.0,5000.0,0.0,28.0,0.0
43000.0,5000.0,0.0,31.0,0.0
43000.0,5000.0,0.0,30.0,0.0
43000.0,13800.0,0.0,28.0,0.0
43000.0,10000.0,1.0,33.0,0.0
38000.0,5000.0,0.0,28.0,1.0
44000.0,5000.0,0.0,28.0,0.0
44908.0,5000.0,0.0,35.0,0.0
43000.0,15000.0,0.0,27.0,0.0
39000.0,5000.0,0.0,35.0,1.0
39000.0,5000.0,0.0,28.0,1.0
43000.0,12000.0,0.0,28.0,0.0
43000.0,11000.0,0.0,34.0,0.0
43000.0,12000.0,0.0,32.0,0.0
45000.0,5000.0,0.0,31.0,0.0
39000.0,5000.0,0.0,32.0,1.0
45000.0,5000.0,0.0,32.0,0.0
45000.0,5000.0,0.0,32.0,0.0
45000.0,5000.0,0.0,28.0,0.0
43000.0,8000.0,0.0,28.0,0.0
45360.0,5000.0,0.0,33.0,0.0
45500.0,5000.0,0.0,27.0,0.0
43000.0,10000.0,0.0,29.0,0.0
37000.0,6000.0,0.0,28.0,1.0
43200.0,3000.0,0.0,31.0,0.0
47000.0,5000.0,0.0,29.0,0.0
41000.0,5000.0,0.0,31.0,1.0
43200.0,4200.0,1.0,30.0,0.0
43200.0,5000.0,0.0,27.0,0.0
47000.0,5000.0,0.0,34.0,0.0
43200.0,5000.0,0.0,33.0,0.0
41998.0,5000.0,0.0,30.0,1.0
48000.0,5000.0,0.0,27.0,0.0
43200.0,15000.0,0.0,32.0,0.0
42000.0,5000.0,0.0,31.0,1.0
43200.0,4625.0,0.0,29.0,0.0
43200.0,2000.0,0.0,30.0,0.0
48000.0,5000.0,0.0,32.0,0.0
48000.0,5000.0,0.0,28.0,0.0
48000.0,5000.0,0.0,32.0,0.0
42000.0,5000.0,0.0,29.0,1.0
43200.0,12250.0,0.0,28.0,0.0
48000.0,5000.0,0.0,27.0,0.0
43200.0,5000.0,0.0,30.0,0.0
48000.0,5000.0,1.0,32.0,0.0
48504.0,5000.0,1.0,29.0,0.0
48879.0,5000.0,0.0,28.0,0.0
43344.0,10000.0,0.0,28.0,0.0
37400.0,12700.0,0.0,30.0,1.0
43495.0,10800.0,0.0,27.0,0.0
43500.0,4000.0,0.0,28.0,0.0
44000.0,5000.0,1.0,28.0,1.0
43500.0,11250.0,1.0,30.0,0.0
55000.0,9000.0,0.0,34.0,0.0
43680.0,7000.0,0.0,27.0,0.0
55070.0,9000.0,0.0,33.0,0.0
43680.0,10000.0,0.0,29.0,0.0
57057.0,9000.0,0.0,27.0,0.0
43800.0,4800.0,0.0,29.0,0.0
57500.0,9000.0,1.0,27.0,0.0
43900.0,14000.0,0.0,27.0,0.0
53321.0,9000.0,1.0,27.0,1.0
59520.0,9000.0,0.0,29.0,0.0
60000.0,9000.0,0.0,33.0,0.0
60000.0,9000.0,0.0,31.0,0.0
44000.0,16000.0,0.0,33.0,0.0
54000.0,9000.0,0.0,35.0,1.0
60000.0,9000.0,0.0,29.0,0.0
44000.0,8000.0,0.0,28.0,0.0
54000.0,9000.0,0.0,31.0,1.0
61000.0,9000.0,0.0,30.0,0.0
56000.0,9000.0,1.0,32.0,1.0
44000.0,3600.0,0.0,32.0,0.0
56004.0,9000.0,1.0,31.0,1.0
38000.0,10000.0,0.0,30.0,1.0
44000.0,5500.0,0.0,29.0,0.0
62201.0,9000.0,0.0,31.0,0.0
62532.0,9000.0,0.0,29.0,0.0
62839.0,9000.0,0.0,31.0,0.0
65000.0,9000.0,0.0,30.0,0.0
44000.0,10000.0,0.0,34.0,0.0
44000.0,7000.0,0.0,28.0,0.0
44000.0,6800.0,0.0,30.0,0.0
66000.0,9000.0,0.0,28.0,0.0
44000.0,2000.0,0.0,27.0,0.0
67092.0,9000.0,0.0,30.0,0.0
44000.0,15600.0,0.0,32.0,0.0
44000.0,24000.0,0.0,29.0,0.0
69996.0,9000.0,0.0,33.0,0.0
70000.0,9000.0,0.0,31.0,0.0
44000.0,7500.0,1.0,28.0,0.0
70176.0,9000.0,0.0,27.0,0.0
44000.0,5700.0,1.0,27.0,0.0
44000.0,6500.0,0.0,35.0,0.0
72000.0,9000.0,0.0,33.0,0.0
44000.0,6400.0,1.0,27.0,0.0
69000.0,9000.0,1.0,27.0,1.0
38000.0,14000.0,1.0,27.0,1.0
75000.0,9000.0,0.0,28.0,0.0
77800.0,9000.0,0.0,29.0,0.0
44000.0,11000.0,0.0,30.0,0.0
83200.0,9000.0,1.0,27.0,0.0
44000.0,7500.0,0.0,27.0,0.0
84000.0,9000.0,0.0,34.0,0.0
44000.0,17350.0,1.0,31.0,0.0
66725.0,9000.0,1.0,28.0,1.0
38004.0,12000.0,0.0,27.0,1.0
44004.0,9275.0,0.0,33.0,0.0
44004.0,10000.0,0.0,27.0,0.0
44004.0,6000.0,1.0,28.0,0.0
85000.0,9000.0,0.0,27.0,0.0
73004.0,9000.0,0.0,27.0,1.0
88000.0,9000.0,0.0,33.0,0.0
88000.0,9000.0,0.0,27.0,0.0
64698.0,9000.0,1.0,30.0,1.0
90000.0,9000.0,0.0,27.0,0.0
90000.0,9000.0,0.0,31.0,0.0
44200.0,11500.0,1.0,27.0,0.0
44300.0,4325.0,0.0,28.0,0.0
38300.0,6000.0,0.0,27.0,1.0
87550.0,9000.0,1.0,33.0,1.0
44400.0,6500.0,1.0,32.0,0.0
130000.0,9000.0,0.0,27.0,0.0
44400.0,21000.0,0.0,29.0,0.0
44447.0,6000.0,1.0,28.0,0.0
44449.0,21250.0,1.0,30.0,0.0
44460.0,9600.0,0.0,34.0,0.0
44500.0,15000.0,0.0,32.0,0.0
44500.0,6000.0,0.0,32.0,0.0
80000.0,8900.0,0.0,30.0,0.0
116400.0,8900.0,0.0,31.0,0.0
44500.0,10000.0,0.0,28.0,0.0
44500.0,6000.0,0.0,28.0,0.0
44500.0,20000.0,0.0,28.0,0.0
24000.0,8875.0,0.0,28.0,1.0
44630.0,10825.0,0.0,27.0,0.0
33000.0,8875.0,0.0,27.0,0.0
33000.0,8875.0,0.0,34.0,0.0
38000.0,8875.0,0.0,30.0,0.0
50000.0,8825.0,0.0,28.0,0.0
28114.0,8800.0,0.0,29.0,1.0
44894.0,3600.0,0.0,28.0,0.0
42000.0,8800.0,0.0,27.0,0.0
44928.0,1000.0,1.0,28.0,0.0
42000.0,8800.0,0.0,28.0,0.0
45996.0,8800.0,1.0,31.0,0.0
46000.0,8800.0,0.0,35.0,0.0
44991.0,5000.0,1.0,29.0,0.0
46296.0,8800.0,0.0,29.0,0.0
48000.0,8800.0,0.0,29.0,0.0
50000.0,8800.0,0.0,31.0,0.0
60000.0,8800.0,0.0,27.0,0.0
65000.0,8800.0,0.0,27.0,0.0
65000.0,8800.0,0.0,30.0,0.0
65500.0,8800.0,0.0,29.0,0.0
93200.0,8800.0,0.0,28.0,0.0
100000.0,8800.0,0.0,31.0,0.0
44000.0,5000.0,1.0,27.0,1.0
50000.0,5000.0,0.0,29.0,0.0
50000.0,5000.0,0.0,31.0,0.0
45000.0,10000.0,0.0,35.0,0.0
50000.0,5000.0,1.0,27.0,0.0
50000.0,5000.0,0.0,30.0,0.0
44000.0,5000.0,0.0,32.0,1.0
44000.0,5000.0,1.0,27.0,1.0
39000.0,4000.0,1.0,31.0,1.0
44000.0,5000.0,1.0,35.0,1.0
45000.0,12250.0,1.0,31.0,0.0
44004.0,5000.0,0.0,32.0,1.0
44004.0,5000.0,0.0,27.0,1.0
50176.0,5000.0,0.0,28.0,0.0
45000.0,10500.0,0.0,28.0,0.0
50532.0,5000.0,1.0,35.0,0.0
50700.0,5000.0,0.0,29.0,0.0
51000.0,5000.0,1.0,35.0,0.0
45000.0,5000.0,1.0,30.0,1.0
51000.0,5000.0,0.0,29.0,0.0
45200.0,5000.0,0.0,27.0,1.0
45000.0,12000.0,0.0,27.0,0.0
51200.0,5000.0,0.0,28.0,0.0
45000.0,3000.0,0.0,27.0,0.0
45000.0,10000.0,0.0,27.0,0.0
45000.0,10000.0,1.0,29.0,0.0
20000.0,8500.0,0.0,35.0,1.0
20000.0,8500.0,1.0,35.0,1.0
21996.0,8500.0,1.0,29.0,1.0
45000.0,8000.0,0.0,32.0,0.0
45000.0,14000.0,0.0,32.0,0.0
45000.0,7500.0,0.0,30.0,0.0
45000.0,5000.0,0.0,27.0,0.0
45000.0,2100.0,0.0,32.0,0.0
45000.0,8000.0,0.0,28.0,0.0
45000.0,9250.0,0.0,32.0,0.0
39000.0,2200.0,0.0,31.0,1.0
27996.0,8500.0,0.0,35.0,0.0
39000.0,5000.0,0.0,27.0,1.0
45000.0,10000.0,0.0,28.0,0.0
45000.0,6000.0,0.0,32.0,0.0
45000.0,7000.0,0.0,34.0,0.0
31800.0,8500.0,0.0,28.0,1.0
45000.0,6000.0,0.0,31.0,0.0
45000.0,4000.0,0.0,27.0,0.0
39000.0,3000.0,1.0,30.0,1.0
33000.0,8500.0,0.0,28.0,0.0
45000.0,6000.0,0.0,35.0,0.0
37273.0,8500.0,0.0,27.0,0.0
38000.0,8500.0,0.0,27.0,0.0
45000.0,15000.0,0.0,29.0,0.0
40000.0,8500.0,0.0,30.0,0.0
40556.0,8500.0,1.0,30.0,0.0
45000.0,4800.0,0.0,32.0,0.0
42000.0,8500.0,0.0,27.0,0.0
45000.0,3450.0,0.0,27.0,0.0
45000.0,15000.0,1.0,28.0,0.0
44000.0,8500.0,0.0,30.0,0.0
45000.0,8500.0,0.0,33.0,0.0
45000.0,15000.0,0.0,29.0,0.0
45000.0,8500.0,0.0,30.0,0.0
47500.0,8500.0,0.0,28.0,0.0
45000.0,5400.0,0.0,27.0,0.0
50004.0,8500.0,0.0,34.0,0.0
53000.0,8500.0,0.0,28.0,0.0
54000.0,8500.0,0.0,32.0,0.0
45000.0,4000.0,0.0,32.0,0.0
45000.0,6400.0,0.0,32.0,0.0
58000.0,8500.0,1.0,27.0,0.0
60353.0,8500.0,0.0,34.0,0.0
55000.0,8500.0,1.0,29.0,1.0
42000.0,8450.0,0.0,30.0,0.0
45000.0,15000.0,1.0,31.0,0.0
28000.0,8400.0,0.0,29.0,0.0
52000.0,5000.0,1.0,34.0,0.0
45000.0,4450.0,0.0,30.0,0.0
52000.0,5000.0,1.0,28.0,0.0
52000.0,5000.0,1.0,28.0,0.0
52100.0,5000.0,0.0,29.0,0.0
45000.0,7500.0,0.0,35.0,0.0
53000.0,5000.0,0.0,29.0,0.0
45000.0,5000.0,0.0,27.0,0.0
39000.0,3375.0,0.0,28.0,1.0
53500.0,5000.0,0.0,28.0,0.0
53922.0,5000.0,0.0,31.0,0.0
53995.0,5000.0,0.0,34.0,0.0
54000.0,5000.0,0.0,32.0,0.0
45000.0,5000.0,0.0,32.0,0.0
54396.0,5000.0,1.0,35.0,0.0
54590.0,5000.0,0.0,28.0,0.0
45000.0,6800.0,0.0,27.0,0.0
45000.0,12000.0,0.0,27.0,0.0
54792.0,5000.0,0.0,27.0,0.0
48996.0,5000.0,1.0,31.0,1.0
45000.0,4000.0,0.0,29.0,0.0
54996.0,5000.0,0.0,31.0,0.0
45000.0,3000.0,0.0,28.0,0.0
45000.0,8000.0,0.0,30.0,0.0
45000.0,10000.0,0.0,27.0,0.0
55000.0,5000.0,0.0,27.0,0.0
49000.0,5000.0,0.0,30.0,1.0
55000.0,5000.0,0.0,29.0,0.0
49000.0,5000.0,1.0,30.0,1.0
55000.0,5000.0,0.0,31.0,0.0
45000.0,15250.0,0.0,27.0,0.0
55000.0,5000.0,1.0,28.0,0.0
45000.0,10000.0,0.0,29.0,0.0
56000.0,5000.0,0.0,34.0,0.0
45000.0,15000.0,0.0,32.0,0.0
51000.0,5000.0,1.0,33.0,1.0
57312.0,5000.0,0.0,29.0,0.0
45000.0,6500.0,0.0,35.0,0.0
45000.0,5300.0,0.0,34.0,0.0
45000.0,12000.0,0.0,34.0,0.0
58000.0,5000.0,0.0,33.0,0.0
45000.0,8000.0,0.0,29.0,0.0
45000.0,2500.0,0.0,30.0,0.0
52000.0,5000.0,0.0,28.0,1.0
45000.0,3900.0,0.0,27.0,0.0
45000.0,10000.0,0.0,31.0,0.0
59600.0,5000.0,0.0,28.0,0.0
60000.0,5000.0,0.0,28.0,0.0
54000.0,5000.0,0.0,27.0,1.0
45000.0,7500.0,0.0,31.0,0.0
45000.0,2500.0,0.0,31.0,0.0
60000.0,5000.0,0.0,32.0,0.0
39000.0,22000.0,0.0,31.0,1.0
45000.0,6800.0,0.0,29.0,0.0
60000.0,5000.0,1.0,28.0,0.0
54000.0,5000.0,0.0,27.0,1.0
45000.0,14000.0,1.0,29.0,0.0
54000.0,5000.0,0.0,30.0,1.0
60040.0,5000.0,0.0,32.0,0.0
60400.0,5000.0,0.0,30.0,0.0
45000.0,3250.0,0.0,30.0,0.0
61000.0,5000.0,0.0,28.0,0.0
45000.0,20000.0,0.0,29.0,0.0
63000.0,5000.0,0.0,27.0,0.0
63500.0,5000.0,0.0,34.0,0.0
64000.0,5000.0,1.0,27.0,0.0
45000.0,3500.0,0.0,27.0,0.0
45000.0,18000.0,0.0,27.0,0.0
45000.0,12000.0,0.0,27.0,0.0
65000.0,5000.0,1.0,27.0,0.0
59000.0,5000.0,0.0,28.0,1.0
45000.0,16750.0,0.0,27.0,0.0
45000.0,10000.0,1.0,30.0,0.0
65004.0,5000.0,0.0,34.0,0.0
66000.0,5000.0,1.0,27.0,0.0
66000.0,5000.0,0.0,33.0,0.0
60000.0,5000.0,0.0,27.0,1.0
45000.0,3800.0,1.0,34.0,0.0
60000.0,5000.0,1.0,27.0,1.0
60000.0,5000.0,0.0,29.0,1.0
66240.0,5000.0,0.0,27.0,0.0
66920.0,5000.0,1.0,28.0,0.0
66924.0,5000.0,0.0,28.0,0.0
68000.0,5000.0,0.0,32.0,0.0
68004.0,5000.0,0.0,33.0,0.0
63600.0,5000.0,0.0,30.0,1.0
45000.0,6000.0,0.0,31.0,0.0
69996.0,5000.0,0.0,27.0,0.0
45000.0,20000.0,0.0,27.0,0.0
70000.0,5000.0,0.0,34.0,0.0
70000.0,5000.0,0.0,30.0,0.0
70000.0,5000.0,0.0,35.0,0.0
45000.0,13000.0,0.0,29.0,0.0
45000.0,8000.0,0.0,29.0,0.0
72000.0,5000.0,0.0,34.0,0.0
72000.0,5000.0,0.0,28.0,0.0
72467.0,5000.0,0.0,28.0,0.0
72516.0,5000.0,1.0,30.0,0.0
45000.0,12000.0,0.0,27.0,0.0
75000.0,5000.0,0.0,32.0,0.0
75000.0,5000.0,0.0,31.0,0.0
75000.0,5000.0,0.0,28.0,0.0
39000.0,12000.0,0.0,31.0,1.0
75000.0,5000.0,0.0,30.0,0.0
39000.0,2800.0,1.0,32.0,1.0
45100.0,6000.0,0.0,28.0,0.0
45136.0,10175.0,0.0,28.0,0.0
45180.0,7000.0,0.0,33.0,0.0
78500.0,5000.0,1.0,28.0,0.0
45204.0,5000.0,0.0,34.0,0.0
80000.0,5000.0,0.0,34.0,0.0
45324.0,15150.0,0.0,29.0,0.0
74000.0,5000.0,0.0,28.0,1.0
80004.0,5000.0,1.0,27.0,0.0
81996.0,5000.0,0.0,28.0,0.0
82000.0,5000.0,0.0,33.0,0.0
82000.0,5000.0,0.0,34.0,0.0
82150.0,5000.0,0.0,33.0,0.0
65453.0,5000.0,1.0,32.0,1.0
45489.0,18250.0,1.0,32.0,0.0
45500.0,10000.0,0.0,29.0,0.0
85000.0,5000.0,0.0,33.0,0.0
45500.0,7500.0,0.0,31.0,0.0
45500.0,5000.0,1.0,27.0,0.0
45500.0,14000.0,1.0,27.0,0.0
85000.0,5000.0,0.0,34.0,0.0
45504.0,7000.0,0.0,31.0,0.0
85000.0,5000.0,0.0,30.0,0.0
45516.0,6000.0,0.0,29.0,0.0
85000.0,5000.0,0.0,35.0,0.0
45600.0,15350.0,0.0,27.0,0.0
45600.0,3000.0,0.0,27.0,0.0
45600.0,7500.0,0.0,27.0,0.0
45600.0,4000.0,0.0,33.0,0.0
45600.0,1450.0,0.0,27.0,0.0
39600.0,15000.0,0.0,30.0,1.0
89400.0,5000.0,0.0,28.0,0.0
45600.0,5000.0,0.0,30.0,0.0
45600.0,9600.0,0.0,29.0,0.0
91200.0,5000.0,1.0,27.0,0.0
96000.0,5000.0,0.0,32.0,0.0
45600.0,2000.0,0.0,29.0,0.0
96000.0,5000.0,0.0,28.0,0.0
39600.0,2500.0,1.0,27.0,1.0
45600.0,6400.0,0.0,30.0,0.0
98000.0,5000.0,1.0,27.0,0.0
45678.0,8000.0,0.0,28.0,0.0
45727.0,1000.0,1.0,27.0,0.0
99996.0,5000.0,0.0,28.0,0.0
39760.0,14500.0,0.0,30.0,1.0
100000.0,5000.0,0.0,27.0,0.0
100000.0,5000.0,0.0,29.0,0.0
100000.0,5000.0,0.0,35.0,0.0
103000.0,5000.0,0.0,27.0,0.0
39912.0,10000.0,0.0,28.0,1.0
95028.0,5000.0,1.0,35.0,1.0
113800.0,5000.0,0.0,33.0,0.0
45996.0,15000.0,1.0,35.0,0.0
45996.0,5500.0,0.0,28.0,0.0
140000.0,5000.0,0.0,27.0,0.0
142000.0,5000.0,1.0,27.0,0.0
144000.0,5000.0,1.0,30.0,0.0
145000.0,5000.0,0.0,27.0,0.0
46000.0,11200.0,1.0,30.0,0.0
46000.0,18000.0,0.0,27.0,0.0
46000.0,10000.0,0.0,34.0,0.0
40000.0,9500.0,0.0,31.0,1.0
200000.0,5000.0,0.0,29.0,0.0
276000.0,5000.0,0.0,28.0,0.0
46000.0,6000.0,0.0,29.0,0.0
30000.0,5200.0,0.0,28.0,0.0
46000.0,6500.0,0.0,28.0,0.0
39000.0,5200.0,0.0,31.0,0.0
46000.0,6000.0,0.0,30.0,0.0
45000.0,5200.0,0.0,27.0,0.0
39000.0,5250.0,0.0,28.0,0.0
48000.0,5250.0,1.0,27.0,0.0
15600.0,5275.0,1.0,29.0,1.0
50000.0,5275.0,0.0,31.0,0.0
46000.0,18000.0,0.0,27.0,0.0
46000.0,7500.0,1.0,29.0,0.0
46000.0,4000.0,0.0,29.0,0.0
36000.0,5300.0,0.0,32.0,0.0
43218.0,5300.0,1.0,27.0,0.0
46000.0,7000.0,0.0,31.0,0.0
47500.0,5300.0,0.0,32.0,0.0
46000.0,16750.0,0.0,28.0,0.0
25000.0,5325.0,0.0,34.0,0.0
15360.0,5375.0,0.0,28.0,1.0
18000.0,5375.0,0.0,29.0,1.0
46000.0,4000.0,0.0,28.0,0.0
46000.0,6000.0,0.0,28.0,0.0
20000.0,5400.0,1.0,30.0,0.0
40000.0,15000.0,1.0,29.0,1.0
46028.0,18000.0,0.0,27.0,0.0
29120.0,5400.0,0.0,30.0,0.0
46097.0,6000.0,0.0,28.0,0.0
46140.0,4800.0,1.0,29.0,0.0
40000.0,5400.0,0.0,29.0,0.0
40000.0,5400.0,0.0,32.0,0.0
44000.0,5400.0,1.0,29.0,1.0
50725.0,5400.0,1.0,34.0,0.0
54000.0,5400.0,0.0,27.0,0.0
56461.0,5400.0,1.0,28.0,0.0
46300.0,7500.0,0.0,31.0,0.0
46300.0,11500.0,1.0,27.0,0.0
46400.0,12000.0,0.0,29.0,0.0
63533.0,5400.0,0.0,29.0,0.0
46500.0,6250.0,0.0,31.0,0.0
75000.0,5400.0,0.0,29.0,0.0
77200.0,5425.0,0.0,27.0,1.0
46500.0,6000.0,0.0,30.0,0.0
46500.0,8000.0,1.0,31.0,0.0
40525.0,4800.0,0.0,30.0,1.0
25000.0,5475.0,0.0,30.0,0.0
46654.0,17000.0,0.0,35.0,0.0
15085.0,5500.0,0.0,27.0,1.0
46700.0,11325.0,0.0,32.0,0.0
46713.0,12375.0,0.0,27.0,0.0
19200.0,5500.0,1.0,34.0,1.0
20000.0,5500.0,0.0,35.0,0.0
20000.0,5500.0,0.0,27.0,0.0
46800.0,6000.0,0.0,27.0,0.0
20400.0,5500.0,0.0,27.0,0.0
40800.0,2000.0,0.0,27.0,1.0
46800.0,5525.0,0.0,34.0,0.0
46800.0,6500.0,0.0,27.0,0.0
24000.0,5500.0,0.0,28.0,0.0
24000.0,5500.0,1.0,30.0,0.0
25000.0,5500.0,0.0,32.0,0.0
46873.0,11200.0,0.0,29.0,0.0
25200.0,5500.0,0.0,33.0,0.0
47000.0,9000.0,0.0,28.0,0.0
28089.0,5500.0,1.0,28.0,0.0
47000.0,20000.0,0.0,31.0,0.0
30000.0,5500.0,1.0,31.0,1.0
47000.0,8000.0,0.0,29.0,0.0
32000.0,5500.0,1.0,28.0,0.0
41000.0,3800.0,0.0,29.0,1.0
47000.0,6000.0,0.0,32.0,0.0
47000.0,2650.0,0.0,27.0,0.0
35000.0,5500.0,0.0,32.0,0.0
47000.0,14000.0,0.0,34.0,0.0
47000.0,6000.0,0.0,27.0,0.0
40000.0,5500.0,0.0,30.0,0.0
40000.0,5500.0,0.0,30.0,0.0
42000.0,5500.0,0.0,34.0,0.0
42230.0,5500.0,0.0,33.0,0.0
47000.0,13000.0,0.0,28.0,0.0
42300.0,5500.0,0.0,35.0,0.0
42312.0,5500.0,0.0,30.0,0.0
44196.0,5500.0,0.0,27.0,0.0
45000.0,5500.0,0.0,35.0,0.0
47000.0,5000.0,0.0,31.0,0.0
51504.0,5500.0,0.0,29.0,0.0
46000.0,5500.0,0.0,28.0,1.0
53000.0,5500.0,0.0,28.0,0.0
54000.0,5500.0,0.0,31.0,0.0
50000.0,5500.0,0.0,27.0,1.0
60000.0,5500.0,0.0,30.0,0.0
60000.0,5500.0,0.0,29.0,0.0
41000.0,3200.0,0.0,31.0,1.0
47000.0,5000.0,0.0,29.0,0.0
47000.0,10000.0,1.0,31.0,0.0
70000.0,5500.0,0.0,31.0,0.0
73000.0,5500.0,0.0,30.0,0.0
105000.0,5500.0,0.0,28.0,0.0
144000.0,5500.0,1.0,27.0,0.0
39996.0,5525.0,0.0,28.0,0.0
56004.0,5525.0,0.0,28.0,0.0
47125.0,3200.0,0.0,34.0,0.0
47232.0,8000.0,0.0,27.0,0.0
12000.0,5600.0,0.0,29.0,1.0
47300.0,12000.0,0.0,34.0,0.0
47380.0,15000.0,1.0,27.0,0.0
24000.0,5600.0,1.0,28.0,0.0
25000.0,5600.0,0.0,27.0,0.0
47500.0,3500.0,0.0,29.0,0.0
30000.0,5600.0,0.0,27.0,0.0
30000.0,5600.0,1.0,28.0,1.0
30000.0,5600.0,0.0,31.0,0.0
34444.0,5600.0,1.0,29.0,0.0
47600.0,23800.0,0.0,30.0,0.0
36000.0,5600.0,0.0,28.0,0.0
36000.0,5600.0,0.0,35.0,0.0
47820.0,6000.0,0.0,28.0,0.0
34000.0,5600.0,1.0,27.0,1.0
40000.0,5600.0,0.0,28.0,0.0
40000.0,5600.0,0.0,35.0,0.0
47900.0,7500.0,0.0,27.0,0.0
36000.0,5600.0,0.0,33.0,1.0
43000.0,5600.0,0.0,32.0,0.0
45000.0,5600.0,0.0,32.0,0.0
46000.0,5600.0,0.0,33.0,0.0
48000.0,5600.0,1.0,29.0,0.0
48000.0,14400.0,0.0,33.0,0.0
49000.0,5600.0,0.0,31.0,0.0
48000.0,6000.0,0.0,29.0,0.0
48000.0,4300.0,0.0,27.0,0.0
48000.0,17375.0,1.0,29.0,0.0
52000.0,5600.0,1.0,28.0,0.0
48000.0,15000.0,0.0,29.0,0.0
52884.0,5600.0,0.0,29.0,0.0
48000.0,9000.0,0.0,30.0,0.0
56056.0,5600.0,0.0,28.0,0.0
48000.0,17000.0,0.0,35.0,0.0
57995.0,5600.0,0.0,29.0,0.0
60000.0,5600.0,0.0,29.0,0.0
48000.0,7500.0,0.0,33.0,0.0
63000.0,5600.0,0.0,34.0,0.0
48000.0,7000.0,0.0,33.0,0.0
48000.0,7500.0,0.0,34.0,0.0
48000.0,13800.0,0.0,33.0,0.0
48000.0,24000.0,0.0,27.0,0.0
69600.0,5600.0,0.0,29.0,0.0
48000.0,5600.0,1.0,34.0,0.0
70000.0,5600.0,1.0,29.0,0.0
48000.0,8400.0,0.0,34.0,0.0
75000.0,5600.0,0.0,30.0,0.0
75797.0,5600.0,1.0,31.0,0.0
48000.0,5650.0,0.0,27.0,0.0
93600.0,5600.0,0.0,28.0,0.0
48000.0,10000.0,0.0,33.0,0.0
48000.0,3000.0,0.0,28.0,0.0
48000.0,1600.0,0.0,31.0,0.0
75000.0,5625.0,0.0,28.0,0.0
48000.0,6625.0,0.0,29.0,0.0
48000.0,7000.0,0.0,29.0,0.0
48000.0,5000.0,0.0,29.0,0.0
99000.0,5675.0,1.0,31.0,0.0
48000.0,8500.0,0.0,30.0,0.0
36000.0,5700.0,0.0,28.0,0.0
48000.0,10650.0,0.0,32.0,0.0
53000.0,5700.0,0.0,32.0,0.0
48000.0,6000.0,0.0,27.0,0.0
95800.0,5750.0,0.0,31.0,0.0
36996.0,5775.0,0.0,27.0,0.0
48000.0,8000.0,0.0,27.0,0.0
48000.0,9000.0,0.0,29.0,0.0
48000.0,4500.0,0.0,29.0,0.0
32000.0,5800.0,0.0,27.0,0.0
32400.0,5800.0,0.0,29.0,1.0
36000.0,5800.0,0.0,27.0,0.0
42000.0,5800.0,0.0,32.0,0.0
42000.0,4500.0,0.0,30.0,1.0
48000.0,8000.0,1.0,29.0,0.0
73000.0,5800.0,0.0,31.0,0.0
69000.0,5800.0,1.0,34.0,1.0
42000.0,6000.0,0.0,29.0,1.0
62050.0,5800.0,1.0,31.0,1.0
48000.0,5000.0,0.0,27.0,0.0
30000.0,5825.0,0.0,28.0,0.0
48000.0,12000.0,0.0,28.0,0.0
48000.0,1850.0,0.0,29.0,0.0
46000.0,5850.0,0.0,34.0,0.0
70000.0,5850.0,0.0,30.0,0.0
48000.0,4500.0,0.0,27.0,0.0
48000.0,10000.0,0.0,28.0,0.0
48000.0,3000.0,0.0,32.0,0.0
48000.0,14400.0,0.0,31.0,0.0
48000.0,12000.0,0.0,27.0,0.0
58000.0,5900.0,0.0,27.0,0.0
48000.0,7000.0,1.0,29.0,0.0
42000.0,5950.0,0.0,27.0,0.0
48000.0,4975.0,0.0,29.0,0.0
48000.0,3600.0,0.0,34.0,0.0
612000.0,5950.0,1.0,33.0,0.0
42000.0,5500.0,0.0,29.0,1.0
48000.0,8000.0,0.0,32.0,0.0
48000.0,9600.0,1.0,29.0,0.0
18000.0,6000.0,0.0,27.0,1.0
18835.0,6000.0,1.0,27.0,1.0
48000.0,5200.0,0.0,32.0,0.0
42000.0,1200.0,0.0,29.0,1.0
20000.0,6000.0,0.0,35.0,0.0
20000.0,6000.0,1.0,27.0,0.0
20400.0,6000.0,0.0,28.0,0.0
48000.0,15000.0,0.0,29.0,0.0
20800.0,6000.0,0.0,31.0,0.0
21000.0,6000.0,0.0,29.0,0.0
48000.0,9000.0,0.0,34.0,0.0
21600.0,6000.0,0.0,27.0,1.0
48000.0,3250.0,0.0,29.0,0.0
21600.0,6000.0,0.0,27.0,0.0
48000.0,4200.0,0.0,35.0,0.0
22356.0,6000.0,0.0,33.0,0.0
22500.0,6000.0,0.0,29.0,0.0
48000.0,10000.0,0.0,34.0,0.0
48000.0,6600.0,0.0,31.0,0.0
23000.0,6000.0,0.0,27.0,0.0
48000.0,7800.0,0.0,31.0,0.0
24000.0,6000.0,0.0,31.0,0.0
48000.0,20000.0,0.0,29.0,0.0
48000.0,20000.0,0.0,31.0,0.0
48000.0,5000.0,1.0,35.0,0.0
48000.0,10000.0,1.0,29.0,0.0
48000.0,1500.0,1.0,30.0,0.0
24000.0,6000.0,0.0,35.0,0.0
48000.0,20000.0,0.0,33.0,0.0
42000.0,2850.0,0.0,27.0,1.0
25200.0,6000.0,0.0,27.0,0.0
26000.0,6000.0,0.0,27.0,0.0
26004.0,6000.0,0.0,27.0,0.0
26400.0,6000.0,1.0,35.0,1.0
26880.0,6000.0,0.0,29.0,1.0
27000.0,6000.0,0.0,32.0,0.0
27000.0,6000.0,0.0,31.0,1.0
48000.0,3000.0,0.0,30.0,0.0
28000.0,6000.0,0.0,27.0,0.0
28800.0,6000.0,1.0,30.0,0.0
29000.0,6000.0,1.0,27.0,0.0
29004.0,6000.0,0.0,29.0,0.0
29496.0,6000.0,0.0,29.0,0.0
30000.0,6000.0,1.0,27.0,0.0
30000.0,6000.0,0.0,29.0,0.0
48000.0,2000.0,0.0,35.0,0.0
48000.0,7500.0,0.0,33.0,0.0
48000.0,5000.0,1.0,29.0,0.0
30000.0,6000.0,0.0,29.0,1.0
30000.0,6000.0,0.0,31.0,0.0
30000.0,6000.0,0.0,27.0,0.0
30000.0,6000.0,0.0,28.0,1.0
30000.0,6000.0,0.0,35.0,0.0
30000.0,6000.0,0.0,28.0,1.0
30000.0,6000.0,0.0,31.0,0.0
42000.0,21000.0,0.0,31.0,1.0
48000.0,6500.0,0.0,27.0,0.0
30000.0,6000.0,0.0,33.0,0.0
48100.0,20000.0,0.0,27.0,0.0
30000.0,6000.0,1.0,32.0,1.0
30784.0,6000.0,0.0,28.0,0.0
42200.0,10000.0,1.0,27.0,1.0
31000.0,6000.0,0.0,28.0,0.0
48250.0,8400.0,0.0,32.0,0.0
31000.0,6000.0,1.0,29.0,0.0
31200.0,6000.0,1.0,27.0,0.0
31200.0,6000.0,0.0,30.0,0.0
31200.0,6000.0,0.0,27.0,0.0
31200.0,6000.0,0.0,29.0,1.0
31500.0,6000.0,0.0,27.0,1.0
32000.0,6000.0,0.0,27.0,0.0
32000.0,6000.0,0.0,30.0,0.0
32000.0,6000.0,0.0,29.0,0.0
48528.0,10000.0,0.0,28.0,0.0
32004.0,6000.0,0.0,28.0,0.0
33000.0,6000.0,0.0,28.0,0.0
48600.0,10000.0,0.0,27.0,0.0
33000.0,6000.0,0.0,29.0,0.0
33000.0,6000.0,0.0,29.0,0.0
48712.0,11050.0,0.0,29.0,0.0
33600.0,6000.0,1.0,27.0,1.0
33600.0,6000.0,0.0,30.0,0.0
33864.0,6000.0,1.0,29.0,1.0
33996.0,6000.0,0.0,29.0,0.0
33996.0,6000.0,1.0,27.0,1.0
34000.0,6000.0,0.0,27.0,0.0
34000.0,6000.0,1.0,32.0,0.0
34000.0,6000.0,0.0,27.0,0.0
48989.0,2400.0,0.0,34.0,0.0
48996.0,5000.0,1.0,30.0,0.0
35000.0,6000.0,0.0,30.0,0.0
29000.0,6000.0,0.0,29.0,1.0
48996.0,5000.0,0.0,27.0,0.0
35000.0,6000.0,0.0,27.0,0.0
35000.0,6000.0,0.0,27.0,0.0
29000.0,6000.0,1.0,30.0,1.0
35000.0,6000.0,0.0,27.0,0.0
35000.0,6000.0,0.0,28.0,0.0
35000.0,6000.0,0.0,31.0,0.0
43000.0,13200.0,1.0,35.0,1.0
29004.0,6000.0,0.0,31.0,1.0
49000.0,8500.0,0.0,27.0,0.0
49000.0,19000.0,0.0,28.0,0.0
49000.0,14000.0,0.0,31.0,0.0
49000.0,11750.0,0.0,30.0,0.0
49000.0,3500.0,0.0,30.0,0.0
36000.0,6000.0,0.0,31.0,0.0
30000.0,6000.0,0.0,33.0,1.0
36000.0,6000.0,0.0,29.0,0.0
49000.0,8500.0,1.0,30.0,0.0
49000.0,7000.0,0.0,28.0,0.0
49000.0,4750.0,0.0,28.0,0.0
49000.0,8500.0,0.0,30.0,0.0
36000.0,6000.0,1.0,33.0,0.0
49200.0,15025.0,0.0,30.0,0.0
49200.0,2500.0,0.0,27.0,0.0
49200.0,9600.0,0.0,27.0,0.0
49200.0,5000.0,0.0,32.0,0.0
36500.0,6000.0,0.0,35.0,0.0
37000.0,6000.0,0.0,32.0,0.0
49304.0,10000.0,0.0,27.0,0.0
49349.0,4000.0,0.0,29.0,0.0
31200.0,6000.0,0.0,27.0,1.0
49500.0,10000.0,0.0,31.0,0.0
49536.0,12000.0,0.0,27.0,0.0
32004.0,6000.0,0.0,29.0,1.0
43580.0,6000.0,0.0,30.0,1.0
49641.0,8400.0,1.0,30.0,0.0
49700.0,12000.0,0.0,33.0,0.0
43772.0,15000.0,0.0,35.0,1.0
39000.0,6000.0,0.0,28.0,0.0
49800.0,6000.0,0.0,35.0,0.0
39184.0,6000.0,0.0,28.0,0.0
40000.0,6000.0,0.0,32.0,0.0
40000.0,6000.0,0.0,27.0,0.0
50000.0,9500.0,0.0,27.0,0.0
50000.0,6000.0,0.0,35.0,0.0
40000.0,6000.0,0.0,33.0,0.0
40000.0,6000.0,0.0,27.0,0.0
40000.0,6000.0,0.0,29.0,0.0
50000.0,10000.0,0.0,30.0,0.0
40000.0,6000.0,0.0,27.0,0.0
40500.0,6000.0,1.0,32.0,0.0
40800.0,6000.0,0.0,27.0,0.0
41000.0,6000.0,0.0,30.0,0.0
50000.0,6000.0,1.0,31.0,0.0
50000.0,4000.0,0.0,34.0,0.0
50000.0,12000.0,0.0,27.0,0.0
41000.0,6000.0,0.0,27.0,0.0
35496.0,6000.0,1.0,33.0,1.0
35600.0,6000.0,0.0,33.0,1.0
42000.0,6000.0,0.0,34.0,0.0
50000.0,16000.0,1.0,34.0,0.0
42000.0,6000.0,0.0,34.0,0.0
36000.0,6000.0,1.0,32.0,1.0
42000.0,6000.0,1.0,28.0,0.0
42328.0,6000.0,0.0,28.0,0.0
37000.0,6000.0,0.0,35.0,1.0
43000.0,6000.0,0.0,32.0,0.0
50000.0,6000.0,0.0,28.0,0.0
50000.0,16000.0,0.0,34.0,0.0
43000.0,6000.0,0.0,29.0,0.0
50000.0,12000.0,0.0,35.0,0.0
43000.0,6000.0,0.0,28.0,0.0
43150.0,6000.0,0.0,28.0,0.0
50000.0,12000.0,0.0,27.0,0.0
50000.0,4000.0,0.0,30.0,0.0
50000.0,2100.0,0.0,27.0,0.0
50000.0,4200.0,0.0,29.0,0.0
39000.0,6000.0,0.0,29.0,1.0
45000.0,6000.0,0.0,30.0,0.0
50000.0,4800.0,0.0,31.0,0.0
45000.0,6000.0,0.0,27.0,0.0
50000.0,10000.0,0.0,29.0,0.0
50000.0,6300.0,0.0,29.0,0.0
50000.0,21850.0,0.0,29.0,0.0
45000.0,6000.0,0.0,30.0,0.0
39000.0,6000.0,0.0,27.0,1.0
46000.0,6000.0,0.0,30.0,0.0
50000.0,16000.0,0.0,31.0,0.0
50000.0,6000.0,0.0,31.0,0.0
50000.0,12000.0,0.0,27.0,0.0
47000.0,6000.0,0.0,31.0,0.0
50000.0,3200.0,0.0,28.0,0.0
50000.0,2000.0,0.0,27.0,0.0
47581.0,6000.0,1.0,30.0,0.0
48000.0,6000.0,0.0,31.0,0.0
50000.0,6000.0,0.0,29.0,0.0
42000.0,6000.0,0.0,30.0,1.0
48000.0,6000.0,0.0,30.0,0.0
50000.0,3975.0,0.0,30.0,0.0
50000.0,6000.0,1.0,28.0,0.0
50000.0,8000.0,0.0,32.0,0.0
44000.0,7000.0,1.0,33.0,1.0
42996.0,6000.0,0.0,29.0,1.0
50000.0,3575.0,0.0,29.0,0.0
50000.0,2200.0,1.0,27.0,0.0
49000.0,6000.0,1.0,27.0,0.0
50000.0,18225.0,0.0,31.0,0.0
49000.0,6000.0,0.0,33.0,0.0
50000.0,4000.0,0.0,33.0,0.0
49500.0,6000.0,0.0,27.0,0.0
50000.0,6000.0,1.0,29.0,0.0
50000.0,6000.0,0.0,34.0,0.0
50000.0,5000.0,0.0,30.0,0.0
50000.0,6000.0,0.0,28.0,0.0
50000.0,6000.0,1.0,31.0,0.0
50000.0,6000.0,0.0,29.0,0.0
50000.0,9725.0,0.0,29.0,0.0
50000.0,13650.0,0.0,29.0,0.0
50000.0,10000.0,0.0,33.0,0.0
50000.0,10000.0,0.0,30.0,0.0
50000.0,13650.0,0.0,35.0,0.0
50000.0,6000.0,0.0,29.0,0.0
50000.0,6000.0,0.0,30.0,0.0
44000.0,6000.0,0.0,34.0,1.0
50000.0,3000.0,0.0,30.0,0.0
50000.0,6000.0,0.0,27.0,0.0
50000.0,18000.0,1.0,28.0,0.0
44000.0,6000.0,0.0,33.0,1.0
50000.0,8000.0,0.0,28.0,0.0
44004.0,6000.0,1.0,27.0,1.0
50004.0,6000.0,0.0,34.0,0.0
50100.0,6000.0,0.0,31.0,0.0
50000.0,4000.0,0.0,29.0,0.0
51000.0,6000.0,0.0,28.0,0.0
51000.0,6000.0,0.0,34.0,0.0
45000.0,6000.0,0.0,29.0,1.0
50000.0,8000.0,1.0,30.0,0.0
51000.0,6000.0,0.0,29.0,0.0
51600.0,6000.0,0.0,27.0,0.0
52000.0,6000.0,0.0,28.0,0.0
52000.0,6000.0,0.0,34.0,0.0
50000.0,8000.0,0.0,29.0,0.0
47000.0,6000.0,0.0,29.0,1.0
53088.0,6000.0,0.0,31.0,0.0
54000.0,6000.0,0.0,29.0,0.0
54000.0,6000.0,0.0,28.0,0.0
54000.0,6000.0,1.0,27.0,0.0
49000.0,6000.0,0.0,29.0,1.0
49000.0,6000.0,0.0,31.0,1.0
55000.0,6000.0,0.0,28.0,0.0
55000.0,6000.0,1.0,33.0,0.0
55000.0,6000.0,0.0,31.0,0.0
44000.0,4500.0,0.0,34.0,1.0
50000.0,8500.0,1.0,28.0,0.0
55560.0,6000.0,0.0,31.0,0.0
55840.0,6000.0,0.0,30.0,0.0
50000.0,1400.0,0.0,30.0,0.0
56160.0,6000.0,1.0,31.0,0.0
57000.0,6000.0,1.0,28.0,0.0
57006.0,6000.0,0.0,31.0,0.0
50000.0,3000.0,0.0,28.0,0.0
57016.0,6000.0,0.0,34.0,0.0
57600.0,6000.0,0.0,29.0,0.0
57996.0,6000.0,1.0,35.0,0.0
44000.0,24000.0,0.0,27.0,1.0
59000.0,6000.0,0.0,29.0,0.0
59000.0,6000.0,0.0,29.0,0.0
59004.0,6000.0,0.0,32.0,0.0
50000.0,5000.0,0.0,30.0,0.0
59363.0,6000.0,1.0,32.0,0.0
50000.0,5400.0,0.0,32.0,0.0
50000.0,10000.0,1.0,30.0,0.0
59500.0,6000.0,1.0,32.0,0.0
59578.0,6000.0,1.0,27.0,0.0
60000.0,6000.0,1.0,29.0,0.0
44000.0,4000.0,1.0,34.0,1.0
60000.0,6000.0,0.0,29.0,0.0
60000.0,6000.0,0.0,32.0,0.0
54000.0,6000.0,0.0,32.0,1.0
60000.0,6000.0,0.0,27.0,0.0
60000.0,6000.0,0.0,32.0,0.0
50000.0,16000.0,0.0,30.0,0.0
60000.0,6000.0,0.0,32.0,0.0
60000.0,6000.0,0.0,27.0,0.0
50000.0,9600.0,0.0,32.0,0.0
50000.0,5000.0,0.0,30.0,0.0
60000.0,6000.0,0.0,34.0,0.0
44000.0,6000.0,1.0,27.0,1.0
60000.0,6000.0,0.0,29.0,0.0
60000.0,6000.0,0.0,27.0,0.0
50000.0,6000.0,0.0,32.0,0.0
61000.0,6000.0,0.0,33.0,0.0
61400.0,6000.0,0.0,30.0,0.0
61500.0,6000.0,0.0,33.0,0.0
62000.0,6000.0,0.0,34.0,0.0
22800.0,7125.0,0.0,32.0,1.0
52000.0,7125.0,0.0,32.0,0.0
50000.0,12000.0,0.0,31.0,0.0
50000.0,3000.0,1.0,30.0,0.0
41200.0,7100.0,0.0,27.0,0.0
50000.0,2000.0,0.0,31.0,0.0
25200.0,7050.0,1.0,35.0,0.0
80000.0,7050.0,0.0,35.0,0.0
50000.0,5000.0,0.0,31.0,0.0
50000.0,16000.0,0.0,31.0,0.0
20000.0,7025.0,0.0,27.0,1.0
13000.0,7000.0,0.0,31.0,1.0
14400.0,7000.0,0.0,29.0,1.0
14500.0,7000.0,0.0,30.0,1.0
15000.0,7000.0,0.0,27.0,1.0
50000.0,10750.0,0.0,27.0,0.0
50000.0,6000.0,0.0,34.0,0.0
50000.0,10000.0,0.0,29.0,0.0
18000.0,7000.0,0.0,29.0,1.0
50000.0,15000.0,0.0,27.0,0.0
20244.0,7000.0,0.0,33.0,1.0
21000.0,7000.0,0.0,29.0,1.0
50000.0,5000.0,0.0,32.0,0.0
23400.0,7000.0,1.0,27.0,1.0
24000.0,7000.0,0.0,31.0,0.0
24000.0,7000.0,0.0,27.0,0.0
24996.0,7000.0,0.0,28.0,0.0
50000.0,4500.0,0.0,27.0,0.0
25000.0,7000.0,0.0,27.0,0.0
25000.0,7000.0,0.0,28.0,0.0
50000.0,7000.0,0.0,28.0,0.0
63000.0,6000.0,0.0,29.0,0.0
50000.0,5000.0,0.0,28.0,0.0
65000.0,6000.0,1.0,27.0,0.0
65000.0,6000.0,0.0,31.0,0.0
65000.0,6000.0,0.0,31.0,0.0
50000.0,3250.0,0.0,29.0,0.0
65000.0,6000.0,0.0,32.0,0.0
65000.0,6000.0,0.0,29.0,0.0
65000.0,6000.0,0.0,27.0,0.0
65004.0,6000.0,0.0,35.0,0.0
50000.0,1200.0,0.0,33.0,0.0
50000.0,6500.0,0.0,27.0,0.0
65600.0,6000.0,1.0,27.0,0.0
67000.0,6000.0,0.0,27.0,0.0
68000.0,6000.0,0.0,31.0,0.0
44000.0,10000.0,0.0,29.0,1.0
50000.0,12000.0,0.0,27.0,0.0
69996.0,6000.0,0.0,27.0,0.0
70000.0,6000.0,0.0,32.0,0.0
50000.0,10000.0,0.0,27.0,0.0
70000.0,6000.0,0.0,28.0,0.0
50000.0,9000.0,0.0,27.0,0.0
44000.0,12000.0,1.0,31.0,1.0
50000.0,5000.0,0.0,30.0,0.0
50000.0,1875.0,0.0,30.0,0.0
44000.0,4500.0,0.0,33.0,1.0
70000.0,6000.0,0.0,34.0,0.0
50000.0,5600.0,1.0,35.0,0.0
71000.0,6000.0,0.0,28.0,0.0
50000.0,12000.0,1.0,33.0,0.0
72000.0,6000.0,0.0,27.0,0.0
50000.0,7500.0,1.0,27.0,0.0
72000.0,6000.0,0.0,32.0,0.0
72000.0,6000.0,0.0,29.0,0.0
72000.0,6000.0,0.0,31.0,0.0
50000.0,7500.0,0.0,32.0,0.0
66000.0,6000.0,0.0,31.0,1.0
72000.0,6000.0,0.0,28.0,0.0
50000.0,3000.0,0.0,27.0,0.0
50000.0,8800.0,0.0,27.0,0.0
74000.0,6000.0,0.0,29.0,0.0
50000.0,4000.0,0.0,29.0,0.0
50000.0,3000.0,0.0,27.0,0.0
50004.0,10000.0,0.0,28.0,0.0
50004.0,10000.0,0.0,29.0,0.0
75000.0,6000.0,0.0,29.0,0.0
75000.0,6000.0,0.0,28.0,0.0
75000.0,6000.0,0.0,30.0,0.0
75000.0,6000.0,0.0,28.0,0.0
75000.0,6000.0,1.0,27.0,0.0
50004.0,10200.0,0.0,27.0,0.0
75000.0,6000.0,0.0,31.0,0.0
59500.0,6000.0,0.0,31.0,1.0
76000.0,6000.0,0.0,31.0,0.0
77385.0,6000.0,0.0,28.0,0.0
61628.0,6000.0,1.0,29.0,1.0
50004.0,1500.0,1.0,29.0,0.0
80000.0,6000.0,0.0,32.0,0.0
44004.0,10000.0,0.0,35.0,1.0
50004.0,6250.0,1.0,32.0,0.0
80000.0,6000.0,0.0,31.0,0.0
80000.0,6000.0,0.0,33.0,0.0
80000.0,6000.0,0.0,29.0,0.0
50004.0,20000.0,0.0,29.0,0.0
50004.0,10000.0,0.0,31.0,0.0
81000.0,6000.0,0.0,27.0,0.0
81000.0,6000.0,0.0,27.0,0.0
82000.0,6000.0,0.0,34.0,0.0
84000.0,6000.0,0.0,29.0,0.0
50055.0,15000.0,0.0,27.0,0.0
78996.0,6000.0,0.0,31.0,1.0
50123.0,2200.0,0.0,28.0,0.0
85000.0,6000.0,0.0,32.0,0.0
85000.0,6000.0,1.0,27.0,0.0
50268.0,12000.0,0.0,31.0,0.0
50343.0,22000.0,0.0,28.0,0.0
87500.0,6000.0,0.0,31.0,0.0
44400.0,15000.0,0.0,32.0,1.0
88020.0,6000.0,1.0,35.0,0.0
89004.0,6000.0,1.0,30.0,0.0
89700.0,6000.0,0.0,27.0,0.0
90000.0,6000.0,0.0,27.0,0.0
90000.0,6000.0,0.0,30.0,0.0
44400.0,4000.0,1.0,27.0,1.0
50400.0,3000.0,0.0,30.0,0.0
50400.0,6000.0,0.0,33.0,0.0
92004.0,6000.0,0.0,29.0,0.0
50400.0,9000.0,0.0,29.0,0.0
93000.0,6000.0,1.0,35.0,0.0
94773.0,6000.0,0.0,28.0,0.0
95000.0,6000.0,0.0,29.0,0.0
50400.0,5000.0,0.0,27.0,0.0
50400.0,22800.0,0.0,34.0,0.0
44400.0,2000.0,1.0,33.0,1.0
50400.0,11000.0,0.0,27.0,0.0
50402.0,3000.0,0.0,31.0,0.0
100000.0,6000.0,0.0,34.0,0.0
108000.0,6000.0,0.0,27.0,0.0
110000.0,6000.0,0.0,31.0,0.0
111280.0,6000.0,0.0,34.0,0.0
112000.0,6000.0,0.0,28.0,0.0
114000.0,6000.0,0.0,32.0,0.0
115000.0,6000.0,0.0,27.0,0.0
125004.0,6000.0,0.0,28.0,0.0
145000.0,6000.0,1.0,29.0,0.0
155000.0,6000.0,0.0,30.0,0.0
165996.0,6000.0,0.0,35.0,0.0
240000.0,6000.0,0.0,28.0,0.0
564000.0,6000.0,0.0,34.0,0.0
48000.0,6025.0,0.0,29.0,0.0
12000.0,6075.0,0.0,32.0,1.0
44960.0,5000.0,0.0,31.0,1.0
40000.0,6125.0,1.0,27.0,0.0
70000.0,6125.0,0.0,29.0,0.0
108000.0,6125.0,0.0,32.0,1.0
29400.0,6150.0,0.0,35.0,0.0
45000.0,10800.0,0.0,33.0,1.0
12000.0,6200.0,0.0,32.0,1.0
51000.0,8000.0,0.0,28.0,0.0
51000.0,19750.0,0.0,29.0,0.0
51000.0,2000.0,0.0,30.0,0.0
51000.0,7000.0,0.0,27.0,0.0
28800.0,6200.0,0.0,31.0,0.0
51000.0,1800.0,0.0,29.0,0.0
51000.0,12000.0,0.0,27.0,0.0
51000.0,18000.0,0.0,27.0,0.0
45000.0,8000.0,1.0,33.0,1.0
51000.0,6600.0,0.0,30.0,0.0
60000.0,6200.0,0.0,31.0,0.0
51000.0,10000.0,0.0,32.0,0.0
20400.0,6225.0,0.0,31.0,1.0
52000.0,6225.0,0.0,27.0,0.0
81000.0,6225.0,0.0,28.0,0.0
51000.0,25000.0,0.0,29.0,0.0
18000.0,6250.0,0.0,29.0,1.0
51000.0,15000.0,0.0,32.0,0.0
21000.0,6250.0,0.0,28.0,0.0
23004.0,6250.0,0.0,27.0,0.0
51000.0,15000.0,1.0,30.0,0.0
51000.0,7200.0,0.0,33.0,0.0
51000.0,3500.0,0.0,27.0,0.0
55400.0,7000.0,1.0,29.0,0.0
49900.0,7000.0,0.0,28.0,1.0
56000.0,7000.0,0.0,31.0,0.0
57000.0,7000.0,0.0,27.0,0.0
45000.0,10000.0,0.0,30.0,1.0
60000.0,7000.0,0.0,32.0,0.0
51150.0,7200.0,0.0,28.0,0.0
45200.0,6000.0,1.0,29.0,1.0
60000.0,7000.0,0.0,27.0,0.0
51267.0,4000.0,0.0,27.0,0.0
51320.0,5000.0,1.0,31.0,0.0
60000.0,7000.0,0.0,27.0,0.0
51456.0,8000.0,0.0,27.0,0.0
62000.0,7000.0,1.0,30.0,0.0
62000.0,7000.0,0.0,33.0,0.0
51540.0,4000.0,0.0,29.0,0.0
56400.0,7000.0,0.0,30.0,1.0
51600.0,6000.0,0.0,27.0,0.0
64000.0,7000.0,0.0,28.0,0.0
64000.0,7000.0,0.0,29.0,0.0
51600.0,12200.0,0.0,30.0,0.0
65000.0,7000.0,0.0,28.0,0.0
51600.0,10800.0,0.0,27.0,0.0
65000.0,7000.0,0.0,30.0,0.0
65000.0,7000.0,0.0,28.0,0.0
51621.0,3500.0,0.0,34.0,0.0
65000.0,7000.0,0.0,27.0,0.0
65000.0,7000.0,0.0,33.0,0.0
65000.0,7000.0,0.0,27.0,0.0
51750.0,12000.0,0.0,30.0,0.0
51888.0,7000.0,0.0,33.0,0.0
51996.0,3200.0,0.0,30.0,0.0
61350.0,7000.0,1.0,28.0,1.0
51996.0,9600.0,0.0,27.0,0.0
51996.0,2000.0,0.0,35.0,0.0
51996.0,14000.0,0.0,33.0,0.0
68508.0,7000.0,0.0,33.0,0.0
70000.0,7000.0,0.0,29.0,0.0
51996.0,5000.0,0.0,28.0,0.0
72000.0,7000.0,0.0,28.0,0.0
72500.0,7000.0,0.0,29.0,0.0
73000.0,7000.0,0.0,31.0,0.0
75000.0,7000.0,0.0,29.0,0.0
75000.0,7000.0,0.0,32.0,0.0
78000.0,7000.0,0.0,30.0,0.0
52000.0,14000.0,0.0,28.0,0.0
61200.0,7000.0,1.0,33.0,1.0
80000.0,7000.0,0.0,35.0,0.0
52000.0,5000.0,0.0,31.0,0.0
52000.0,8000.0,0.0,27.0,0.0
46000.0,14300.0,0.0,33.0,1.0
81000.0,7000.0,1.0,31.0,0.0
52000.0,7000.0,0.0,35.0,0.0
52000.0,1800.0,0.0,33.0,0.0
84175.0,7000.0,0.0,35.0,0.0
29640.0,6250.0,0.0,31.0,1.0
52000.0,5000.0,0.0,29.0,0.0
52000.0,8000.0,0.0,27.0,0.0
52000.0,16000.0,0.0,29.0,0.0
90000.0,7000.0,0.0,30.0,0.0
52000.0,1000.0,0.0,32.0,0.0
90000.0,7000.0,1.0,28.0,0.0
90000.0,7000.0,0.0,35.0,0.0
46000.0,8000.0,1.0,31.0,1.0
92000.0,7000.0,0.0,29.0,0.0
94000.0,7000.0,0.0,33.0,0.0
52000.0,6000.0,0.0,27.0,0.0
52000.0,10000.0,0.0,31.0,0.0
52000.0,2800.0,0.0,28.0,0.0
97000.0,7000.0,0.0,33.0,0.0
99000.0,7000.0,0.0,29.0,0.0
105000.0,7000.0,0.0,34.0,0.0
52000.0,12000.0,0.0,29.0,0.0
52000.0,10000.0,0.0,27.0,0.0
112200.0,7000.0,1.0,28.0,0.0
108000.0,7000.0,1.0,32.0,1.0
108000.0,7000.0,1.0,30.0,1.0
52000.0,14675.0,0.0,30.0,0.0
123000.0,7000.0,0.0,31.0,0.0
125000.0,7000.0,1.0,35.0,0.0
52000.0,7800.0,0.0,29.0,0.0
218000.0,7000.0,1.0,35.0,1.0
52000.0,10400.0,0.0,35.0,0.0
52000.0,1800.0,0.0,27.0,0.0
32200.0,6300.0,0.0,27.0,1.0
49000.0,6300.0,0.0,32.0,0.0
54000.0,6300.0,0.0,30.0,0.0
52000.0,15000.0,0.0,32.0,0.0
54380.0,6300.0,0.0,29.0,0.0
46000.0,4800.0,0.0,29.0,1.0
61000.0,6300.0,1.0,28.0,0.0
83000.0,6300.0,0.0,31.0,0.0
52000.0,1000.0,0.0,29.0,0.0
52000.0,6400.0,0.0,31.0,0.0
52000.0,11500.0,0.0,27.0,0.0
38000.0,6350.0,0.0,32.0,0.0
52000.0,13600.0,0.0,28.0,0.0
16800.0,6500.0,0.0,27.0,1.0
52000.0,10000.0,1.0,32.0,0.0
52000.0,12000.0,0.0,33.0,0.0
20000.0,6500.0,0.0,27.0,1.0
21000.0,6500.0,0.0,33.0,1.0
21840.0,6500.0,0.0,27.0,1.0
23000.0,6500.0,0.0,30.0,0.0
23000.0,6500.0,0.0,35.0,0.0
26004.0,6500.0,0.0,29.0,0.0
26400.0,6500.0,0.0,29.0,0.0
30000.0,6500.0,0.0,33.0,0.0
52000.0,5500.0,1.0,30.0,0.0
52000.0,8000.0,0.0,34.0,0.0
29000.0,6500.0,0.0,27.0,1.0
30000.0,6500.0,1.0,30.0,1.0
38000.0,6500.0,0.0,30.0,0.0
38400.0,6500.0,0.0,34.0,0.0
46000.0,4000.0,1.0,27.0,1.0
52000.0,7500.0,0.0,28.0,0.0
52000.0,15200.0,0.0,31.0,0.0
39520.0,6500.0,0.0,28.0,0.0
39996.0,6500.0,0.0,27.0,0.0
52000.0,5750.0,0.0,30.0,0.0
40000.0,6500.0,0.0,28.0,0.0
46000.0,8725.0,0.0,27.0,1.0
52000.0,7000.0,0.0,27.0,0.0
41000.0,6500.0,0.0,33.0,0.0
52000.0,25000.0,0.0,31.0,0.0
52000.0,9000.0,1.0,30.0,0.0
52000.0,18500.0,0.0,30.0,0.0
52000.0,5000.0,0.0,27.0,0.0
42500.0,6500.0,0.0,31.0,0.0
36500.0,6500.0,0.0,34.0,1.0
45000.0,6500.0,0.0,27.0,0.0
52260.0,9000.0,0.0,28.0,0.0
50000.0,6500.0,0.0,29.0,0.0
50000.0,6500.0,1.0,32.0,0.0
50000.0,6500.0,0.0,31.0,0.0
52500.0,7000.0,0.0,32.0,0.0
56000.0,6500.0,0.0,33.0,0.0
52500.0,9500.0,0.0,32.0,0.0
54000.0,6500.0,1.0,33.0,1.0
46500.0,11000.0,1.0,29.0,1.0
52524.0,9200.0,0.0,28.0,0.0
63360.0,6500.0,0.0,27.0,0.0
59000.0,6500.0,0.0,28.0,1.0
67000.0,6500.0,0.0,33.0,0.0
67275.0,6500.0,0.0,30.0,0.0
68000.0,6500.0,0.0,27.0,0.0
69476.0,6500.0,0.0,27.0,0.0
52680.0,8000.0,0.0,27.0,0.0
52692.0,4500.0,0.0,28.0,0.0
75000.0,6500.0,0.0,29.0,0.0
52800.0,25475.0,1.0,29.0,0.0
52800.0,24000.0,0.0,32.0,0.0
52800.0,4800.0,0.0,29.0,0.0
52800.0,15000.0,0.0,30.0,0.0
115000.0,6500.0,0.0,29.0,0.0
32000.0,6525.0,1.0,29.0,1.0
29500.0,6550.0,0.0,29.0,0.0
42000.0,6550.0,0.0,27.0,0.0
30000.0,6575.0,0.0,27.0,1.0
52828.0,14500.0,0.0,28.0,0.0
52833.0,12250.0,0.0,29.0,0.0
30000.0,6600.0,1.0,29.0,1.0
30000.0,6600.0,1.0,31.0,1.0
53000.0,17050.0,0.0,28.0,0.0
53000.0,10000.0,1.0,35.0,0.0
39000.0,6600.0,1.0,31.0,0.0
40200.0,6600.0,0.0,27.0,0.0
50100.0,6600.0,0.0,27.0,0.0
53000.0,7475.0,0.0,28.0,0.0
53000.0,3100.0,0.0,34.0,0.0
53000.0,12500.0,0.0,30.0,0.0
53000.0,15875.0,0.0,31.0,0.0
53000.0,3000.0,0.0,31.0,0.0
130000.0,6600.0,0.0,35.0,0.0
24947.0,6625.0,0.0,33.0,1.0
51000.0,6625.0,0.0,31.0,0.0
53000.0,7200.0,0.0,31.0,0.0
47000.0,6000.0,0.0,28.0,1.0
53000.0,6000.0,0.0,33.0,0.0
25700.0,6700.0,0.0,33.0,0.0
47000.0,23000.0,0.0,31.0,1.0
28600.0,6700.0,0.0,32.0,0.0
53000.0,6700.0,0.0,33.0,0.0
53000.0,10750.0,0.0,29.0,0.0
53000.0,6400.0,1.0,27.0,0.0
20000.0,6800.0,0.0,30.0,1.0
53000.0,9600.0,0.0,34.0,0.0
47000.0,25000.0,1.0,27.0,1.0
39270.0,6800.0,1.0,32.0,0.0
47818.0,6800.0,0.0,34.0,0.0
50000.0,6800.0,0.0,31.0,0.0
53000.0,6800.0,1.0,32.0,0.0
45000.0,6800.0,1.0,33.0,1.0
53000.0,6000.0,0.0,29.0,0.0
53000.0,4550.0,1.0,31.0,0.0
53004.0,10000.0,0.0,28.0,0.0
47004.0,10000.0,1.0,28.0,1.0
53004.0,5600.0,0.0,27.0,0.0
53004.0,15000.0,0.0,29.0,0.0
57000.0,6800.0,0.0,28.0,0.0
53100.0,7500.0,0.0,32.0,0.0
53200.0,1000.0,1.0,29.0,0.0
30000.0,6475.0,0.0,35.0,0.0
53329.0,8250.0,0.0,31.0,0.0
53360.0,10475.0,0.0,29.0,0.0
53400.0,4000.0,0.0,27.0,0.0
53408.0,1400.0,0.0,32.0,0.0
53500.0,10000.0,0.0,35.0,0.0
53500.0,5000.0,0.0,29.0,0.0
47500.0,13000.0,0.0,27.0,1.0
53500.0,20000.0,1.0,35.0,0.0
53549.0,14200.0,0.0,34.0,0.0
53590.0,11225.0,0.0,29.0,0.0
30000.0,6400.0,0.0,29.0,0.0
53796.0,7000.0,0.0,28.0,0.0
31800.0,6400.0,1.0,28.0,1.0
53979.0,25000.0,0.0,30.0,0.0
31836.0,6400.0,1.0,29.0,1.0
54000.0,12000.0,0.0,32.0,0.0
34000.0,6400.0,0.0,29.0,0.0
54000.0,6000.0,1.0,27.0,0.0
54000.0,2500.0,1.0,29.0,0.0
48000.0,7000.0,0.0,33.0,1.0
54000.0,9000.0,0.0,27.0,0.0
35000.0,6400.0,0.0,27.0,0.0
36000.0,6400.0,0.0,30.0,0.0
54000.0,14500.0,0.0,30.0,0.0
37000.0,6400.0,0.0,34.0,0.0
54000.0,10000.0,0.0,30.0,0.0
48000.0,5000.0,1.0,28.0,1.0
54000.0,27000.0,0.0,34.0,0.0
32000.0,6400.0,0.0,34.0,1.0
42000.0,6400.0,0.0,28.0,0.0
54000.0,3800.0,0.0,33.0,0.0
43000.0,6400.0,0.0,34.0,0.0
54000.0,11200.0,0.0,32.0,0.0
54000.0,4000.0,0.0,30.0,0.0
41000.0,6400.0,1.0,32.0,1.0
54000.0,10000.0,1.0,33.0,0.0
50000.0,6400.0,0.0,30.0,0.0
54000.0,4150.0,0.0,28.0,0.0
50000.0,6400.0,0.0,32.0,0.0
54000.0,2100.0,0.0,33.0,0.0
50000.0,6400.0,1.0,27.0,0.0
54000.0,12000.0,0.0,29.0,0.0
56000.0,6400.0,0.0,28.0,0.0
57192.0,6400.0,0.0,32.0,0.0
54000.0,3500.0,0.0,34.0,0.0
58000.0,6400.0,0.0,33.0,0.0
58500.0,6400.0,0.0,27.0,0.0
54000.0,10000.0,0.0,29.0,0.0
54000.0,10975.0,0.0,32.0,0.0
64775.0,6400.0,1.0,28.0,1.0
66000.0,6400.0,0.0,33.0,1.0
69000.0,6400.0,1.0,35.0,1.0
75000.0,6400.0,0.0,29.0,0.0
54000.0,12000.0,0.0,32.0,0.0
80000.0,6400.0,0.0,32.0,0.0
54000.0,10000.0,0.0,34.0,0.0
80000.0,6400.0,0.0,32.0,0.0
87000.0,6400.0,0.0,28.0,0.0
90000.0,6400.0,0.0,30.0,0.0
54000.0,10000.0,0.0,28.0,0.0
95000.0,6400.0,0.0,32.0,0.0
96000.0,6400.0,0.0,29.0,0.0
54000.0,5000.0,0.0,32.0,0.0
54000.0,11000.0,0.0,28.0,0.0
54000.0,6250.0,0.0,28.0,0.0
48000.0,5000.0,0.0,31.0,1.0
54000.0,6000.0,0.0,31.0,0.0
54000.0,15000.0,1.0,30.0,0.0
54000.0,11500.0,0.0,28.0,0.0
54000.0,3500.0,0.0,32.0,0.0
54000.0,1200.0,0.0,28.0,0.0
54000.0,4000.0,0.0,34.0,0.0
27000.0,6900.0,0.0,27.0,0.0
48000.0,8000.0,0.0,31.0,1.0
39500.0,6925.0,0.0,30.0,0.0
54000.0,5000.0,0.0,30.0,0.0
54000.0,9250.0,0.0,28.0,0.0
43000.0,6950.0,0.0,32.0,0.0
54000.0,5000.0,0.0,29.0,0.0
54000.0,5000.0,0.0,34.0,0.0
25200.0,7000.0,1.0,35.0,1.0
54000.0,7500.0,0.0,33.0,0.0
54000.0,9600.0,0.0,27.0,0.0
54000.0,10000.0,0.0,28.0,0.0
27000.0,7000.0,0.0,29.0,0.0
27600.0,7000.0,0.0,32.0,0.0
54000.0,10000.0,0.0,32.0,0.0
27720.0,7000.0,0.0,27.0,0.0
28000.0,7000.0,1.0,30.0,0.0
54000.0,5000.0,0.0,30.0,0.0
54000.0,12000.0,0.0,29.0,0.0
28704.0,7000.0,0.0,34.0,0.0
54000.0,13000.0,0.0,32.0,0.0
28800.0,7000.0,0.0,32.0,0.0
29004.0,7000.0,0.0,27.0,0.0
29736.0,7000.0,0.0,31.0,0.0
30000.0,7000.0,0.0,27.0,1.0
30000.0,7000.0,0.0,31.0,0.0
54072.0,3000.0,0.0,33.0,0.0
54072.0,7000.0,0.0,34.0,0.0
54080.0,13750.0,0.0,28.0,0.0
30000.0,7000.0,0.0,27.0,0.0
30000.0,7000.0,1.0,29.0,0.0
54099.0,21000.0,0.0,29.0,0.0
30000.0,7000.0,0.0,29.0,0.0
54120.0,6000.0,0.0,27.0,0.0
54216.0,9000.0,0.0,27.0,0.0
31200.0,7000.0,0.0,27.0,0.0
32000.0,7000.0,1.0,32.0,1.0
54548.0,6000.0,0.0,29.0,0.0
33000.0,7000.0,0.0,31.0,0.0
54600.0,2500.0,0.0,30.0,0.0
34000.0,7000.0,1.0,27.0,0.0
35000.0,7000.0,0.0,28.0,0.0
54912.0,5500.0,1.0,29.0,0.0
35000.0,7000.0,1.0,29.0,0.0
35000.0,7000.0,0.0,29.0,0.0
36000.0,7000.0,0.0,35.0,0.0
54996.0,7000.0,0.0,32.0,0.0
36000.0,7000.0,0.0,31.0,0.0
30416.0,7000.0,1.0,28.0,1.0
36500.0,7000.0,0.0,27.0,0.0
48996.0,1200.0,0.0,30.0,1.0
54996.0,16400.0,0.0,27.0,0.0
37000.0,7000.0,0.0,28.0,0.0
37120.0,7000.0,1.0,32.0,0.0
37440.0,7000.0,0.0,32.0,0.0
32000.0,7000.0,1.0,29.0,1.0
38000.0,7000.0,0.0,27.0,0.0
38400.0,7000.0,0.0,27.0,0.0
33000.0,7000.0,0.0,35.0,1.0
48996.0,8500.0,1.0,31.0,1.0
54996.0,8000.0,1.0,27.0,0.0
39996.0,7000.0,0.0,29.0,0.0
39996.0,7000.0,0.0,29.0,0.0
34000.0,7000.0,1.0,28.0,1.0
55000.0,3500.0,0.0,33.0,0.0
40000.0,7000.0,0.0,31.0,0.0
40000.0,7000.0,0.0,29.0,0.0
55000.0,5000.0,0.0,27.0,0.0
40000.0,7000.0,1.0,35.0,0.0
40000.0,7000.0,0.0,28.0,0.0
55000.0,4000.0,0.0,31.0,0.0
55000.0,20000.0,0.0,28.0,0.0
41000.0,7000.0,1.0,35.0,0.0
55000.0,11500.0,0.0,30.0,0.0
41000.0,7000.0,1.0,27.0,0.0
55000.0,18000.0,0.0,28.0,0.0
35520.0,7000.0,1.0,27.0,1.0
41779.0,7000.0,0.0,29.0,0.0
55000.0,10000.0,0.0,27.0,0.0
55000.0,9000.0,0.0,27.0,0.0
42000.0,7000.0,0.0,31.0,0.0
42000.0,7000.0,0.0,28.0,0.0
36000.0,7000.0,0.0,33.0,1.0
55000.0,6700.0,1.0,28.0,0.0
55000.0,2500.0,0.0,34.0,0.0
55000.0,7000.0,1.0,34.0,0.0
55000.0,4500.0,0.0,27.0,0.0
55000.0,12625.0,0.0,29.0,0.0
55000.0,8000.0,0.0,31.0,0.0
55000.0,12000.0,0.0,29.0,0.0
43000.0,7000.0,0.0,33.0,0.0
55000.0,6500.0,0.0,30.0,0.0
44000.0,7000.0,0.0,27.0,0.0
55000.0,20000.0,0.0,28.0,0.0
55000.0,12800.0,0.0,34.0,0.0
44400.0,7000.0,0.0,27.0,0.0
55000.0,6000.0,1.0,30.0,0.0
55000.0,1450.0,0.0,35.0,0.0
55000.0,1775.0,0.0,33.0,0.0
45000.0,7000.0,0.0,27.0,0.0
45000.0,7000.0,1.0,28.0,0.0
45000.0,7000.0,0.0,34.0,0.0
45000.0,7000.0,0.0,33.0,0.0
55000.0,12000.0,0.0,31.0,0.0
39000.0,7000.0,1.0,27.0,1.0
46000.0,7000.0,0.0,34.0,0.0
55000.0,4000.0,0.0,29.0,0.0
55000.0,11000.0,0.0,27.0,0.0
40000.0,7000.0,1.0,29.0,1.0
49000.0,11500.0,0.0,32.0,1.0
55000.0,15000.0,0.0,35.0,0.0
47000.0,7000.0,0.0,29.0,0.0
49000.0,16000.0,0.0,30.0,1.0
48000.0,7000.0,0.0,33.0,0.0
55000.0,8000.0,0.0,29.0,0.0
48000.0,7000.0,0.0,28.0,0.0
55000.0,3600.0,0.0,29.0,0.0
49000.0,7000.0,0.0,31.0,0.0
50000.0,7000.0,0.0,30.0,0.0
55000.0,5000.0,1.0,34.0,0.0
50000.0,7000.0,0.0,35.0,0.0
55000.0,3200.0,0.0,35.0,0.0
50000.0,7000.0,0.0,28.0,0.0
50000.0,7000.0,0.0,28.0,0.0
50400.0,7000.0,0.0,29.0,0.0
55000.0,8000.0,0.0,29.0,0.0
52000.0,7000.0,0.0,29.0,0.0
55000.0,15000.0,0.0,33.0,0.0
52000.0,7000.0,0.0,28.0,0.0
55000.0,9600.0,0.0,27.0,0.0
52249.0,7000.0,0.0,31.0,0.0
55000.0,6250.0,0.0,31.0,0.0
55000.0,12000.0,0.0,30.0,0.0
55000.0,4800.0,0.0,28.0,0.0
55000.0,11000.0,0.0,27.0,0.0
53000.0,7000.0,0.0,28.0,0.0
53250.0,7000.0,0.0,27.0,0.0
48000.0,7000.0,0.0,28.0,1.0
55000.0,12000.0,0.0,30.0,0.0
55000.0,7000.0,0.0,34.0,0.0
85000.0,7000.0,0.0,30.0,0.0
85000.0,7000.0,0.0,30.0,0.0
85000.0,7000.0,1.0,27.0,0.0
85000.0,7000.0,0.0,29.0,0.0
55000.0,8000.0,0.0,31.0,0.0
55000.0,6400.0,0.0,29.0,0.0
90000.0,7000.0,0.0,35.0,0.0
55000.0,6500.0,0.0,32.0,0.0
49000.0,19750.0,1.0,28.0,1.0
40100.0,7175.0,1.0,32.0,0.0
55000.0,4500.0,0.0,31.0,0.0
17280.0,7200.0,1.0,35.0,1.0
18200.0,7200.0,0.0,27.0,1.0
55000.0,9000.0,0.0,32.0,0.0
55000.0,10000.0,0.0,29.0,0.0
55000.0,8000.0,0.0,31.0,0.0
55000.0,15000.0,0.0,31.0,0.0
55000.0,12000.0,0.0,33.0,0.0
26400.0,7200.0,0.0,29.0,0.0
55000.0,21250.0,1.0,30.0,0.0
55000.0,7000.0,1.0,32.0,0.0
28800.0,7200.0,0.0,34.0,1.0
29120.0,7200.0,0.0,27.0,0.0
55000.0,6500.0,0.0,30.0,0.0
30000.0,7200.0,1.0,31.0,0.0
30000.0,7200.0,0.0,33.0,1.0
30000.0,7200.0,0.0,27.0,0.0
30000.0,7200.0,0.0,30.0,0.0
31000.0,7200.0,0.0,29.0,1.0
31500.0,7200.0,0.0,33.0,0.0
55000.0,8500.0,0.0,35.0,0.0
32000.0,7200.0,0.0,35.0,0.0
33000.0,7200.0,0.0,29.0,1.0
34200.0,7200.0,0.0,35.0,0.0
35000.0,7200.0,0.0,34.0,0.0
35000.0,7200.0,0.0,28.0,0.0
55000.0,15250.0,1.0,32.0,0.0
38000.0,7200.0,0.0,32.0,0.0
40000.0,7200.0,0.0,27.0,0.0
40000.0,7200.0,0.0,31.0,0.0
40351.0,7200.0,0.0,31.0,0.0
55000.0,8000.0,0.0,33.0,0.0
41000.0,7200.0,0.0,30.0,0.0
55000.0,10650.0,0.0,28.0,0.0
41196.0,7200.0,0.0,31.0,0.0
35316.0,7200.0,0.0,34.0,1.0
42000.0,7200.0,0.0,30.0,0.0
42504.0,7200.0,0.0,27.0,0.0
43108.0,7200.0,0.0,29.0,0.0
39000.0,7200.0,0.0,27.0,1.0
55000.0,18000.0,0.0,28.0,0.0
39000.0,7200.0,0.0,34.0,1.0
48000.0,7200.0,0.0,30.0,0.0
49000.0,7200.0,0.0,33.0,0.0
50000.0,7200.0,0.0,35.0,0.0
55000.0,7500.0,1.0,27.0,0.0
55000.0,12000.0,0.0,30.0,0.0
49000.0,15000.0,0.0,27.0,1.0
56052.0,7200.0,1.0,28.0,0.0
55140.0,10000.0,1.0,27.0,0.0
60000.0,7200.0,0.0,27.0,0.0
60000.0,7200.0,0.0,28.0,0.0
60000.0,7200.0,0.0,27.0,0.0
49200.0,7500.0,0.0,27.0,1.0
62000.0,7200.0,1.0,28.0,0.0
55200.0,3000.0,0.0,28.0,0.0
65000.0,7200.0,1.0,28.0,0.0
65000.0,7200.0,0.0,29.0,0.0
49500.0,4750.0,0.0,27.0,1.0
75000.0,7200.0,0.0,29.0,0.0
75000.0,7200.0,0.0,28.0,0.0
55530.0,18825.0,0.0,29.0,0.0
55596.0,2000.0,0.0,27.0,0.0
55600.0,8800.0,0.0,32.0,0.0
55600.0,4200.0,0.0,27.0,0.0
82500.0,7200.0,1.0,27.0,0.0
83000.0,7200.0,0.0,33.0,0.0
55680.0,4000.0,0.0,31.0,0.0
55684.0,5200.0,0.0,30.0,0.0
85000.0,7200.0,0.0,32.0,0.0
55704.0,8400.0,0.0,28.0,0.0
55728.0,13000.0,0.0,31.0,0.0
49777.0,6000.0,0.0,30.0,1.0
85000.0,7200.0,0.0,27.0,0.0
90000.0,7200.0,0.0,30.0,0.0
55920.0,22000.0,0.0,33.0,0.0
90000.0,7200.0,0.0,28.0,0.0
98500.0,7200.0,1.0,27.0,0.0
112123.0,7200.0,0.0,28.0,0.0
56000.0,1000.0,0.0,27.0,0.0
120000.0,7200.0,0.0,27.0,0.0
125004.0,7200.0,0.0,29.0,0.0
56000.0,12000.0,0.0,33.0,0.0
28800.0,7225.0,0.0,29.0,0.0
20800.0,7250.0,0.0,30.0,1.0
56000.0,9200.0,0.0,29.0,0.0
39750.0,7250.0,0.0,28.0,0.0
35000.0,7300.0,0.0,29.0,0.0
56000.0,6000.0,0.0,29.0,0.0
56000.0,15000.0,0.0,28.0,0.0
50000.0,7300.0,0.0,27.0,0.0
50000.0,10000.0,0.0,33.0,1.0
115000.0,7300.0,0.0,30.0,0.0
44995.0,7350.0,0.0,28.0,0.0
56000.0,10050.0,0.0,27.0,0.0
31000.0,7400.0,1.0,32.0,1.0
69000.0,7400.0,0.0,33.0,0.0
56000.0,12000.0,0.0,31.0,0.0
56000.0,3000.0,0.0,32.0,0.0
140000.0,7400.0,0.0,28.0,0.0
56000.0,12000.0,1.0,28.0,0.0
55000.0,7450.0,0.0,29.0,0.0
62900.0,7450.0,0.0,27.0,1.0
56000.0,6000.0,1.0,29.0,0.0
56000.0,5600.0,0.0,34.0,0.0
20000.0,7500.0,0.0,28.0,1.0
56000.0,11500.0,0.0,33.0,0.0
56000.0,10000.0,0.0,32.0,0.0
56000.0,13000.0,0.0,29.0,0.0
21996.0,7500.0,0.0,30.0,1.0
56000.0,8000.0,0.0,31.0,0.0
56000.0,14000.0,0.0,30.0,0.0
25400.0,7500.0,1.0,29.0,1.0
56000.0,18000.0,1.0,29.0,0.0
56000.0,4800.0,1.0,28.0,0.0
27000.0,7500.0,0.0,27.0,0.0
27600.0,7500.0,0.0,29.0,0.0
30000.0,7500.0,0.0,27.0,0.0
30000.0,7500.0,0.0,33.0,1.0
56000.0,15000.0,0.0,35.0,0.0
31000.0,7500.0,0.0,31.0,0.0
32004.0,7500.0,1.0,30.0,0.0
56004.0,9600.0,0.0,30.0,0.0
33000.0,7500.0,1.0,27.0,1.0
33000.0,7500.0,0.0,33.0,0.0
34000.0,7500.0,0.0,31.0,0.0
34200.0,7500.0,0.0,28.0,0.0
56004.0,5000.0,0.0,27.0,0.0
56004.0,3100.0,0.0,27.0,0.0
56030.0,13000.0,0.0,30.0,0.0
56033.0,16000.0,0.0,29.0,0.0
56100.0,16000.0,0.0,33.0,0.0
35004.0,7500.0,0.0,30.0,0.0
35300.0,7500.0,1.0,35.0,0.0
56148.0,2400.0,0.0,28.0,0.0
56244.0,12000.0,0.0,27.0,0.0
56256.0,6500.0,0.0,32.0,0.0
56331.0,10000.0,0.0,27.0,0.0
56400.0,7000.0,0.0,34.0,0.0
37000.0,7500.0,0.0,31.0,0.0
56400.0,12100.0,0.0,34.0,0.0
31000.0,7500.0,1.0,28.0,1.0
38168.0,7500.0,0.0,30.0,0.0
40000.0,7500.0,0.0,30.0,0.0
56604.0,3000.0,0.0,30.0,0.0
56628.0,12000.0,0.0,30.0,0.0
34000.0,7500.0,0.0,31.0,1.0
56700.0,15000.0,0.0,28.0,0.0
56700.0,11000.0,0.0,29.0,0.0
40000.0,7500.0,0.0,28.0,0.0
56784.0,12000.0,1.0,32.0,0.0
50820.0,10000.0,0.0,28.0,1.0
56864.0,12300.0,0.0,28.0,0.0
40000.0,7500.0,1.0,29.0,0.0
34000.0,7500.0,0.0,32.0,1.0
40000.0,7500.0,0.0,32.0,0.0
57000.0,9500.0,0.0,28.0,0.0
42000.0,7500.0,1.0,29.0,0.0
36000.0,7500.0,0.0,28.0,1.0
36000.0,7500.0,1.0,27.0,1.0
57000.0,9600.0,1.0,28.0,0.0
57000.0,15000.0,0.0,27.0,0.0
44875.0,7500.0,0.0,29.0,0.0
45000.0,7500.0,0.0,27.0,0.0
57000.0,3000.0,0.0,27.0,0.0
57000.0,5500.0,0.0,35.0,0.0
45000.0,7500.0,1.0,27.0,0.0
51000.0,4775.0,0.0,28.0,1.0
39000.0,7500.0,0.0,34.0,1.0
45756.0,7500.0,0.0,29.0,0.0
51000.0,10000.0,0.0,27.0,1.0
46000.0,7500.0,0.0,27.0,0.0
57000.0,4500.0,0.0,30.0,0.0
46800.0,7500.0,0.0,30.0,0.0
48000.0,7500.0,0.0,30.0,0.0
48500.0,7500.0,0.0,28.0,0.0
42996.0,7500.0,0.0,27.0,1.0
57000.0,9000.0,1.0,32.0,0.0
57000.0,13000.0,0.0,33.0,0.0
57000.0,2500.0,0.0,29.0,0.0
57000.0,6000.0,0.0,30.0,0.0
57000.0,5000.0,0.0,29.0,0.0
44000.0,7500.0,1.0,33.0,1.0
57000.0,8000.0,0.0,31.0,0.0
50400.0,7500.0,0.0,30.0,0.0
57000.0,6000.0,0.0,28.0,0.0
50750.0,7500.0,1.0,33.0,0.0
51000.0,7500.0,1.0,28.0,0.0
51000.0,20400.0,1.0,28.0,1.0
45063.0,7500.0,0.0,30.0,1.0
57000.0,3500.0,0.0,28.0,0.0
54200.0,7500.0,0.0,31.0,0.0
57000.0,13000.0,0.0,28.0,0.0
51000.0,1200.0,0.0,33.0,1.0
57000.0,6000.0,0.0,29.0,0.0
57000.0,4000.0,0.0,30.0,0.0
57000.0,15000.0,0.0,33.0,0.0
55000.0,7500.0,1.0,28.0,0.0
56400.0,7500.0,0.0,31.0,0.0
57000.0,7500.0,0.0,30.0,0.0
57000.0,7500.0,0.0,31.0,0.0
57000.0,7500.0,0.0,34.0,0.0
51043.0,2100.0,0.0,28.0,1.0
57996.0,7500.0,0.0,27.0,0.0
57200.0,7500.0,1.0,31.0,0.0
57240.0,15000.0,0.0,27.0,0.0
57240.0,10000.0,0.0,31.0,0.0
57248.0,9000.0,0.0,28.0,0.0
57300.0,12000.0,0.0,29.0,0.0
57335.0,16500.0,0.0,31.0,0.0
57400.0,7600.0,0.0,31.0,0.0
60000.0,7500.0,0.0,31.0,0.0
57408.0,18000.0,0.0,30.0,0.0
57500.0,15000.0,0.0,33.0,0.0
62000.0,7500.0,1.0,27.0,0.0
57500.0,19600.0,0.0,29.0,0.0
65000.0,7500.0,0.0,29.0,0.0
59000.0,7500.0,0.0,29.0,1.0
65000.0,7500.0,0.0,31.0,0.0
57600.0,6000.0,0.0,30.0,0.0
51600.0,13650.0,0.0,27.0,1.0
57600.0,10625.0,0.0,28.0,0.0
57600.0,17000.0,0.0,33.0,0.0
70000.0,7500.0,0.0,27.0,0.0
57600.0,3000.0,0.0,27.0,0.0
51600.0,12000.0,0.0,34.0,1.0
66000.0,7500.0,1.0,28.0,1.0
57600.0,8500.0,0.0,27.0,0.0
57600.0,12000.0,1.0,28.0,0.0
57600.0,15000.0,0.0,31.0,0.0
80000.0,7500.0,0.0,33.0,0.0
80000.0,7500.0,0.0,27.0,0.0
81000.0,7500.0,0.0,27.0,0.0
85000.0,7500.0,0.0,31.0,0.0
57770.0,9975.0,0.0,27.0,0.0
87360.0,7500.0,1.0,27.0,0.0
57800.0,7000.0,0.0,33.0,0.0
57886.0,4000.0,0.0,27.0,0.0
57912.0,5600.0,0.0,34.0,0.0
96000.0,7500.0,0.0,27.0,0.0
99504.0,7500.0,0.0,31.0,0.0
101000.0,7500.0,1.0,31.0,0.0
105000.0,7500.0,1.0,29.0,0.0
103000.0,7500.0,1.0,29.0,1.0
115000.0,7500.0,0.0,29.0,0.0
115000.0,7500.0,1.0,33.0,0.0
57996.0,4800.0,0.0,27.0,0.0
120000.0,7500.0,0.0,34.0,0.0
57996.0,20475.0,0.0,29.0,0.0
155000.0,7500.0,1.0,32.0,0.0
160000.0,7500.0,0.0,31.0,0.0
160000.0,7500.0,0.0,35.0,0.0
165000.0,7500.0,0.0,29.0,0.0
58000.0,15000.0,0.0,33.0,0.0
58000.0,6200.0,0.0,31.0,0.0
40000.0,7550.0,0.0,35.0,0.0
52000.0,3000.0,1.0,27.0,1.0
58000.0,6000.0,1.0,35.0,0.0
18000.0,7600.0,0.0,28.0,1.0
28000.0,7600.0,0.0,27.0,0.0
58000.0,5350.0,0.0,30.0,0.0
58000.0,4000.0,0.0,34.0,0.0
58000.0,6700.0,0.0,28.0,0.0
33000.0,7600.0,0.0,35.0,0.0
33000.0,7600.0,0.0,27.0,0.0
58000.0,2800.0,0.0,27.0,0.0
44208.0,7600.0,0.0,30.0,0.0
58000.0,3000.0,0.0,30.0,0.0
45000.0,7600.0,1.0,27.0,1.0
51996.0,7600.0,0.0,27.0,0.0
58000.0,9600.0,0.0,28.0,0.0
33000.0,7650.0,1.0,29.0,1.0
58000.0,6000.0,0.0,30.0,0.0
58000.0,14500.0,0.0,31.0,0.0
58000.0,12500.0,0.0,28.0,0.0
58000.0,3625.0,0.0,31.0,0.0
30000.0,7700.0,0.0,28.0,0.0
58000.0,3250.0,0.0,27.0,0.0
58000.0,3000.0,0.0,34.0,0.0
58000.0,9000.0,0.0,30.0,0.0
58000.0,12000.0,0.0,27.0,0.0
48000.0,7725.0,0.0,30.0,0.0
56200.0,7725.0,0.0,29.0,1.0
58000.0,4000.0,0.0,30.0,0.0
58000.0,6500.0,1.0,27.0,0.0
58000.0,4000.0,0.0,28.0,0.0
58000.0,1800.0,0.0,29.0,0.0
26400.0,7750.0,0.0,29.0,1.0
26400.0,7750.0,1.0,34.0,0.0
29000.0,7750.0,0.0,27.0,0.0
58000.0,8000.0,0.0,32.0,0.0
30000.0,7750.0,1.0,30.0,1.0
32000.0,7750.0,1.0,28.0,0.0
58000.0,14000.0,0.0,29.0,0.0
41558.0,7750.0,0.0,31.0,0.0
58000.0,4000.0,0.0,27.0,0.0
28000.0,7800.0,0.0,29.0,0.0
30100.0,7800.0,0.0,28.0,0.0
58000.0,14000.0,0.0,31.0,0.0
58000.0,14000.0,0.0,29.0,0.0
58000.0,10000.0,0.0,28.0,0.0
58000.0,6000.0,0.0,31.0,0.0
40320.0,7800.0,0.0,29.0,0.0
41004.0,7800.0,0.0,27.0,0.0
52044.0,8875.0,0.0,29.0,1.0
58075.0,4000.0,0.0,27.0,0.0
58200.0,4500.0,0.0,28.0,0.0
54000.0,7800.0,0.0,34.0,1.0
58239.0,10500.0,0.0,30.0,0.0
70000.0,7800.0,0.0,28.0,0.0
93158.0,7800.0,0.0,32.0,0.0
52500.0,10000.0,0.0,30.0,1.0
58570.0,11000.0,0.0,35.0,0.0
52600.0,21600.0,0.0,27.0,1.0
58600.0,4550.0,0.0,28.0,0.0
37000.0,7900.0,0.0,27.0,0.0
58656.0,8000.0,0.0,29.0,0.0
35000.0,7950.0,0.0,28.0,1.0
58788.0,2200.0,0.0,35.0,0.0
13000.0,8000.0,0.0,31.0,1.0
13500.0,8000.0,0.0,27.0,1.0
58800.0,7000.0,0.0,32.0,0.0
18000.0,8000.0,0.0,27.0,1.0
58800.0,16000.0,0.0,29.0,0.0
58800.0,5500.0,0.0,28.0,0.0
58800.0,9800.0,1.0,27.0,0.0
18000.0,8000.0,0.0,27.0,1.0
58868.0,8400.0,1.0,28.0,0.0
19200.0,8000.0,0.0,33.0,1.0
20000.0,8000.0,0.0,28.0,1.0
59000.0,5500.0,0.0,34.0,0.0
59000.0,5500.0,0.0,33.0,0.0
20000.0,8000.0,0.0,27.0,1.0
20400.0,8000.0,0.0,32.0,1.0
21000.0,8000.0,0.0,29.0,1.0
21340.0,8000.0,0.0,35.0,1.0
21600.0,8000.0,0.0,27.0,1.0
59000.0,10000.0,0.0,28.0,0.0
59000.0,10000.0,0.0,29.0,0.0
59000.0,4000.0,0.0,27.0,0.0
59000.0,14000.0,0.0,28.0,0.0
59000.0,10000.0,0.0,29.0,0.0
59000.0,10000.0,0.0,30.0,0.0
59000.0,16000.0,0.0,27.0,0.0
24000.0,8000.0,0.0,27.0,1.0
53000.0,5000.0,0.0,28.0,1.0
24000.0,8000.0,0.0,33.0,1.0
24996.0,8000.0,0.0,35.0,1.0
59000.0,6000.0,0.0,27.0,0.0
59000.0,13000.0,0.0,31.0,0.0
25000.0,8000.0,0.0,28.0,1.0
25000.0,8000.0,1.0,27.0,1.0
59004.0,24250.0,0.0,27.0,0.0
26000.0,8000.0,0.0,35.0,1.0
59068.0,13500.0,1.0,27.0,0.0
26000.0,8000.0,0.0,28.0,1.0
59147.0,7000.0,0.0,27.0,0.0
59196.0,5000.0,0.0,35.0,0.0
26400.0,8000.0,0.0,27.0,1.0
26400.0,8000.0,0.0,32.0,0.0
27996.0,8000.0,0.0,30.0,0.0
59450.0,3000.0,0.0,33.0,0.0
59500.0,15000.0,0.0,30.0,0.0
59506.0,8000.0,0.0,32.0,0.0
59520.0,5000.0,0.0,28.0,0.0
59700.0,6000.0,0.0,28.0,0.0
59904.0,3000.0,1.0,28.0,0.0
28800.0,8000.0,0.0,30.0,0.0
28800.0,8000.0,0.0,30.0,0.0
29962.0,8000.0,0.0,32.0,0.0
60000.0,14400.0,0.0,28.0,0.0
60000.0,7200.0,0.0,31.0,0.0
60000.0,16000.0,1.0,35.0,0.0
60000.0,6000.0,1.0,29.0,0.0
60000.0,15000.0,1.0,28.0,0.0
30000.0,8000.0,0.0,35.0,1.0
30000.0,8000.0,0.0,32.0,0.0
30000.0,8000.0,1.0,30.0,0.0
60000.0,12000.0,0.0,33.0,0.0
60000.0,5000.0,1.0,28.0,0.0
30996.0,8000.0,0.0,28.0,0.0
32000.0,8000.0,0.0,27.0,0.0
54000.0,10000.0,0.0,27.0,1.0
60000.0,3500.0,0.0,33.0,0.0
32000.0,8000.0,1.0,34.0,0.0
60000.0,19600.0,0.0,35.0,0.0
60000.0,21000.0,0.0,30.0,0.0
33000.0,8000.0,1.0,28.0,1.0
60000.0,2500.0,0.0,30.0,0.0
34000.0,8000.0,0.0,34.0,0.0
34000.0,8000.0,0.0,33.0,0.0
60000.0,8650.0,0.0,28.0,0.0
29000.0,8000.0,0.0,32.0,1.0
60000.0,1500.0,0.0,29.0,0.0
35000.0,8000.0,1.0,27.0,0.0
60000.0,17000.0,0.0,31.0,0.0
35000.0,8000.0,0.0,34.0,0.0
60000.0,6000.0,0.0,32.0,0.0
60000.0,9000.0,0.0,31.0,0.0
29000.0,8000.0,1.0,28.0,1.0
35000.0,8000.0,0.0,27.0,0.0
60000.0,20000.0,0.0,28.0,0.0
60000.0,16000.0,0.0,30.0,0.0
60000.0,5000.0,0.0,29.0,0.0
60000.0,13000.0,0.0,28.0,0.0
30000.0,8000.0,0.0,29.0,1.0
36000.0,8000.0,0.0,31.0,0.0
60000.0,8000.0,0.0,30.0,0.0
60000.0,4000.0,0.0,28.0,0.0
60000.0,10000.0,0.0,30.0,0.0
60000.0,4000.0,0.0,35.0,0.0
36000.0,8000.0,0.0,31.0,0.0
60000.0,5600.0,0.0,29.0,0.0
36000.0,8000.0,0.0,30.0,0.0
36000.0,8000.0,1.0,27.0,0.0
60000.0,9000.0,0.0,35.0,0.0
36000.0,8000.0,0.0,28.0,0.0
36996.0,8000.0,0.0,31.0,0.0
37000.0,8000.0,1.0,27.0,0.0
31000.0,8000.0,0.0,27.0,1.0
60000.0,20000.0,0.0,28.0,0.0
37050.0,8000.0,0.0,32.0,0.0
54000.0,32000.0,0.0,33.0,1.0
37440.0,8000.0,0.0,35.0,0.0
60000.0,7000.0,0.0,30.0,0.0
37681.0,8000.0,0.0,31.0,0.0
60000.0,20000.0,0.0,29.0,0.0
60000.0,10000.0,0.0,29.0,0.0
60000.0,7000.0,0.0,28.0,0.0
32000.0,8000.0,0.0,35.0,1.0
60000.0,1500.0,0.0,31.0,0.0
60000.0,7800.0,0.0,31.0,0.0
32918.0,8000.0,1.0,30.0,1.0
33000.0,8000.0,0.0,29.0,1.0
60000.0,3250.0,1.0,32.0,0.0
60000.0,35000.0,0.0,28.0,0.0
60000.0,10500.0,0.0,27.0,0.0
39000.0,8000.0,0.0,27.0,0.0
60000.0,5075.0,0.0,27.0,0.0
39600.0,8000.0,0.0,32.0,0.0
60000.0,2000.0,0.0,33.0,0.0
33666.0,8000.0,1.0,34.0,1.0
39996.0,8000.0,0.0,35.0,0.0
54000.0,7500.0,0.0,29.0,1.0
34000.0,8000.0,1.0,29.0,1.0
34000.0,8000.0,0.0,30.0,1.0
40000.0,8000.0,0.0,31.0,0.0
40000.0,8000.0,0.0,27.0,0.0
60000.0,5100.0,0.0,27.0,0.0
40000.0,8000.0,0.0,32.0,0.0
40000.0,8000.0,0.0,27.0,0.0
54000.0,20000.0,1.0,29.0,1.0
54000.0,6000.0,0.0,28.0,1.0
40000.0,8000.0,0.0,31.0,0.0
40000.0,8000.0,0.0,28.0,0.0
60000.0,3000.0,0.0,28.0,0.0
41200.0,8000.0,0.0,29.0,0.0
35600.0,8000.0,0.0,30.0,1.0
42000.0,8000.0,0.0,31.0,0.0
42000.0,8000.0,0.0,33.0,0.0
36000.0,8000.0,0.0,30.0,1.0
60000.0,8000.0,0.0,29.0,0.0
42000.0,8000.0,0.0,30.0,0.0
60000.0,5000.0,0.0,31.0,0.0
60000.0,4000.0,0.0,30.0,0.0
42000.0,8000.0,0.0,27.0,0.0
60000.0,7125.0,0.0,32.0,0.0
36000.0,8000.0,1.0,27.0,1.0
36672.0,8000.0,0.0,27.0,1.0
42682.0,8000.0,0.0,28.0,0.0
60000.0,6000.0,0.0,28.0,0.0
43000.0,8000.0,0.0,30.0,0.0
60000.0,5000.0,0.0,33.0,0.0
60000.0,15000.0,0.0,28.0,0.0
43000.0,8000.0,0.0,27.0,0.0
43000.0,8000.0,0.0,33.0,0.0
60000.0,10000.0,0.0,27.0,0.0
60000.0,7000.0,0.0,33.0,0.0
60000.0,6500.0,0.0,31.0,0.0
54000.0,12000.0,0.0,27.0,1.0
44000.0,8000.0,0.0,33.0,0.0
60000.0,3600.0,0.0,27.0,0.0
38760.0,8000.0,1.0,35.0,1.0
60000.0,4125.0,0.0,30.0,0.0
60000.0,4125.0,0.0,28.0,0.0
54000.0,15000.0,0.0,31.0,1.0
45000.0,8000.0,0.0,31.0,0.0
45000.0,8000.0,0.0,32.0,0.0
39000.0,8000.0,1.0,28.0,1.0
60000.0,7000.0,0.0,28.0,0.0
45000.0,8000.0,0.0,27.0,0.0
60000.0,5000.0,0.0,29.0,0.0
60000.0,15000.0,0.0,31.0,0.0
45000.0,8000.0,0.0,29.0,0.0
45000.0,8000.0,0.0,33.0,0.0
60000.0,5000.0,0.0,29.0,0.0
60000.0,15000.0,0.0,30.0,0.0
60000.0,8500.0,0.0,29.0,0.0
46000.0,8000.0,0.0,30.0,0.0
46000.0,8000.0,0.0,27.0,0.0
40000.0,8000.0,1.0,27.0,1.0
60000.0,2000.0,0.0,27.0,0.0
47000.0,8000.0,0.0,32.0,0.0
41000.0,8000.0,1.0,27.0,1.0
60000.0,7000.0,0.0,28.0,0.0
60000.0,5000.0,0.0,27.0,0.0
60000.0,10000.0,0.0,29.0,0.0
60000.0,12000.0,0.0,29.0,0.0
48000.0,8000.0,1.0,30.0,0.0
60000.0,8000.0,0.0,30.0,0.0
60000.0,9000.0,0.0,29.0,0.0
50000.0,8000.0,0.0,28.0,0.0
60000.0,16800.0,1.0,28.0,0.0
50000.0,8000.0,0.0,27.0,0.0
60000.0,4000.0,0.0,33.0,0.0
50000.0,8000.0,0.0,29.0,0.0
60000.0,16000.0,0.0,28.0,0.0
60000.0,6000.0,0.0,27.0,0.0
60000.0,2000.0,0.0,35.0,0.0
60000.0,12000.0,0.0,28.0,0.0
50000.0,8000.0,0.0,28.0,0.0
60000.0,6300.0,0.0,33.0,0.0
54000.0,5000.0,1.0,30.0,1.0
60000.0,22000.0,1.0,28.0,0.0
60000.0,20000.0,0.0,30.0,0.0
50000.0,8000.0,0.0,27.0,0.0
50000.0,8000.0,0.0,28.0,0.0
50000.0,8000.0,0.0,27.0,0.0
50000.0,8000.0,0.0,32.0,0.0
50000.0,8000.0,0.0,27.0,0.0
60000.0,15000.0,0.0,32.0,0.0
50004.0,8000.0,1.0,28.0,0.0
60000.0,1750.0,0.0,30.0,0.0
51000.0,8000.0,1.0,35.0,0.0
51000.0,8000.0,0.0,28.0,0.0
60000.0,7500.0,0.0,28.0,0.0
51400.0,8000.0,0.0,32.0,0.0
60000.0,9600.0,0.0,30.0,0.0
52000.0,8000.0,0.0,30.0,0.0
52000.0,8000.0,0.0,31.0,0.0
52500.0,8000.0,0.0,28.0,0.0
60000.0,2400.0,0.0,29.0,0.0
60000.0,4000.0,1.0,27.0,0.0
60000.0,5100.0,0.0,31.0,0.0
60000.0,7200.0,0.0,29.0,0.0
53040.0,8000.0,0.0,33.0,0.0
60000.0,10000.0,0.0,27.0,0.0
54000.0,8000.0,0.0,28.0,0.0
54000.0,8000.0,1.0,27.0,0.0
48000.0,8000.0,1.0,32.0,1.0
54590.0,8000.0,0.0,27.0,0.0
54000.0,12000.0,0.0,30.0,1.0
54996.0,8000.0,0.0,30.0,0.0
60000.0,8800.0,0.0,31.0,0.0
60000.0,9600.0,0.0,28.0,0.0
60000.0,9600.0,1.0,29.0,0.0
55000.0,8000.0,0.0,32.0,0.0
55000.0,8000.0,0.0,27.0,0.0
60000.0,13500.0,0.0,29.0,0.0
60000.0,8000.0,0.0,27.0,0.0
60000.0,15000.0,0.0,27.0,0.0
60000.0,12000.0,0.0,28.0,0.0
60000.0,15000.0,0.0,32.0,0.0
55000.0,8000.0,0.0,27.0,0.0
60000.0,6000.0,1.0,30.0,0.0
54000.0,6500.0,1.0,28.0,1.0
60000.0,2500.0,0.0,34.0,0.0
55000.0,8000.0,0.0,31.0,0.0
50000.0,8000.0,1.0,31.0,1.0
56004.0,8000.0,0.0,32.0,0.0
56400.0,8000.0,1.0,27.0,0.0
56888.0,8000.0,0.0,27.0,0.0
60000.0,8000.0,0.0,28.0,0.0
60000.0,12250.0,0.0,30.0,0.0
60000.0,12000.0,0.0,35.0,0.0
57996.0,8000.0,0.0,34.0,0.0
60000.0,5000.0,0.0,27.0,0.0
58000.0,8000.0,0.0,27.0,0.0
60000.0,5000.0,0.0,27.0,0.0
54000.0,16000.0,1.0,33.0,1.0
60000.0,8000.0,0.0,29.0,0.0
60000.0,5000.0,1.0,27.0,0.0
60000.0,7400.0,1.0,30.0,0.0
60000.0,8000.0,0.0,30.0,0.0
60000.0,8000.0,0.0,35.0,0.0
60000.0,25000.0,0.0,35.0,0.0
60000.0,7000.0,0.0,33.0,0.0
60000.0,8000.0,0.0,29.0,0.0
60000.0,5000.0,0.0,35.0,0.0
60000.0,8000.0,0.0,33.0,0.0
60000.0,6000.0,0.0,28.0,0.0
60000.0,6000.0,0.0,32.0,0.0
45000.0,5200.0,1.0,35.0,0.0
50500.0,5200.0,1.0,28.0,0.0
60000.0,10000.0,0.0,34.0,0.0
54000.0,25000.0,1.0,29.0,1.0
60000.0,17000.0,1.0,33.0,0.0
60000.0,10000.0,0.0,34.0,0.0
75000.0,5200.0,0.0,29.0,0.0
25000.0,5175.0,1.0,28.0,1.0
60000.0,1000.0,0.0,29.0,0.0
60000.0,12000.0,0.0,35.0,0.0
40000.0,5100.0,1.0,35.0,0.0
60000.0,10000.0,0.0,27.0,0.0
60000.0,6000.0,0.0,27.0,0.0
47133.0,5100.0,0.0,29.0,0.0
52000.0,5100.0,0.0,27.0,0.0
61150.0,5100.0,0.0,31.0,0.0
20000.0,5075.0,1.0,31.0,0.0
60000.0,13250.0,0.0,32.0,0.0
60000.0,6000.0,0.0,30.0,0.0
60000.0,24250.0,0.0,31.0,0.0
60000.0,16000.0,1.0,29.0,0.0
60000.0,15000.0,0.0,29.0,0.0
50000.0,5050.0,0.0,29.0,0.0
60000.0,20000.0,0.0,29.0,0.0
12000.0,5000.0,0.0,27.0,1.0
14000.0,5000.0,0.0,34.0,1.0
14573.0,5000.0,0.0,29.0,1.0
60000.0,24000.0,0.0,35.0,0.0
54000.0,14800.0,1.0,29.0,1.0
15000.0,5000.0,0.0,28.0,1.0
60000.0,15000.0,0.0,28.0,0.0
15600.0,5000.0,0.0,32.0,1.0
15600.0,5000.0,0.0,28.0,1.0
60000.0,16000.0,0.0,28.0,0.0
16000.0,5000.0,1.0,28.0,1.0
60000.0,16000.0,1.0,29.0,0.0
60000.0,25000.0,0.0,35.0,0.0
16800.0,5000.0,0.0,29.0,1.0
16800.0,5000.0,0.0,32.0,1.0
60000.0,15000.0,1.0,30.0,0.0
16800.0,5000.0,1.0,32.0,1.0
60000.0,6000.0,0.0,27.0,0.0
17676.0,5000.0,1.0,29.0,1.0
54000.0,14800.0,1.0,29.0,1.0
60000.0,7000.0,1.0,34.0,0.0
19200.0,5000.0,0.0,34.0,1.0
19200.0,5000.0,0.0,32.0,1.0
19200.0,5000.0,0.0,27.0,1.0
60000.0,4800.0,0.0,27.0,0.0
20000.0,5000.0,0.0,28.0,0.0
20000.0,5000.0,0.0,34.0,0.0
60000.0,15000.0,0.0,31.0,0.0
20000.0,5000.0,0.0,31.0,0.0
20000.0,5000.0,0.0,34.0,1.0
60000.0,3600.0,0.0,31.0,0.0
20000.0,5000.0,0.0,30.0,0.0
60000.0,10500.0,0.0,34.0,0.0
60000.0,6400.0,0.0,29.0,0.0
54000.0,15250.0,1.0,30.0,1.0
20520.0,5000.0,0.0,30.0,0.0
20743.0,5000.0,0.0,31.0,0.0
21000.0,5000.0,1.0,30.0,0.0
54000.0,19400.0,0.0,31.0,1.0
21600.0,5000.0,0.0,30.0,0.0
60000.0,7500.0,1.0,27.0,0.0
60000.0,10000.0,0.0,31.0,0.0
60000.0,14000.0,0.0,34.0,0.0
22000.0,5000.0,0.0,33.0,0.0
60000.0,16000.0,0.0,28.0,0.0
60000.0,10000.0,1.0,29.0,0.0
60000.0,4500.0,0.0,30.0,0.0
54000.0,24000.0,0.0,30.0,1.0
60000.0,8000.0,0.0,29.0,0.0
23400.0,5000.0,0.0,33.0,0.0
60000.0,2500.0,0.0,33.0,0.0
24000.0,5000.0,0.0,33.0,0.0
24000.0,5000.0,0.0,31.0,1.0
60000.0,7500.0,1.0,32.0,0.0
60000.0,9600.0,0.0,31.0,0.0
24000.0,5000.0,0.0,30.0,0.0
24000.0,5000.0,0.0,29.0,0.0
24000.0,5000.0,0.0,30.0,1.0
60000.0,8350.0,1.0,33.0,0.0
60000.0,10000.0,0.0,27.0,0.0
24000.0,5000.0,0.0,29.0,0.0
60000.0,18000.0,1.0,27.0,0.0
60000.0,10425.0,0.0,27.0,0.0
60000.0,7000.0,0.0,27.0,0.0
24000.0,5000.0,0.0,28.0,0.0
24000.0,5000.0,0.0,27.0,0.0
24000.0,5000.0,0.0,31.0,0.0
60096.0,3000.0,0.0,29.0,0.0
60100.0,1500.0,0.0,34.0,0.0
24414.0,5000.0,0.0,30.0,0.0
24720.0,5000.0,0.0,33.0,0.0
24996.0,5000.0,0.0,31.0,1.0
24996.0,5000.0,0.0,35.0,0.0
60380.0,6000.0,0.0,31.0,0.0
25000.0,5000.0,0.0,30.0,1.0
25000.0,5000.0,0.0,28.0,0.0
25000.0,5000.0,0.0,27.0,0.0
60589.0,2650.0,0.0,28.0,0.0
54600.0,20000.0,0.0,28.0,1.0
60600.0,3000.0,0.0,30.0,0.0
25000.0,5000.0,0.0,29.0,0.0
25200.0,5000.0,0.0,32.0,0.0
25480.0,5000.0,0.0,34.0,1.0
25591.0,5000.0,0.0,32.0,0.0
26000.0,5000.0,0.0,28.0,0.0
26000.0,5000.0,0.0,28.0,0.0
60996.0,24250.0,0.0,28.0,0.0
54996.0,16750.0,0.0,28.0,1.0
26100.0,5000.0,0.0,33.0,0.0
26400.0,5000.0,1.0,28.0,1.0
26496.0,5000.0,1.0,28.0,1.0
61000.0,12000.0,0.0,28.0,0.0
61000.0,4000.0,0.0,30.0,0.0
61000.0,2000.0,0.0,32.0,0.0
27000.0,5000.0,0.0,27.0,0.0
27000.0,5000.0,0.0,29.0,0.0
61000.0,5000.0,0.0,34.0,0.0
55000.0,16000.0,0.0,32.0,1.0
61000.0,12000.0,0.0,28.0,0.0
61000.0,1050.0,0.0,27.0,0.0
61000.0,1200.0,0.0,27.0,0.0
27911.0,5000.0,0.0,29.0,1.0
62000.0,8000.0,0.0,32.0,0.0
61000.0,4500.0,0.0,30.0,0.0
61000.0,6000.0,0.0,35.0,0.0
61000.0,9000.0,0.0,29.0,0.0
55000.0,5000.0,1.0,29.0,1.0
62000.0,8000.0,0.0,33.0,0.0
62400.0,8000.0,0.0,29.0,0.0
63000.0,8000.0,0.0,28.0,0.0
63000.0,8000.0,0.0,27.0,0.0
61104.0,4400.0,0.0,28.0,0.0
64000.0,8000.0,1.0,31.0,0.0
61104.0,15000.0,0.0,31.0,0.0
64800.0,8000.0,0.0,27.0,0.0
65000.0,8000.0,0.0,30.0,0.0
65000.0,8000.0,0.0,31.0,0.0
61200.0,4500.0,0.0,27.0,0.0
65000.0,8000.0,0.0,27.0,0.0
59000.0,8000.0,1.0,32.0,1.0
59004.0,8000.0,1.0,32.0,1.0
61400.0,15000.0,0.0,31.0,0.0
61425.0,9000.0,0.0,28.0,0.0
61440.0,3500.0,0.0,35.0,0.0
55476.0,10000.0,1.0,29.0,1.0
61476.0,9200.0,0.0,34.0,0.0
66000.0,8000.0,1.0,27.0,0.0
66000.0,8000.0,0.0,32.0,0.0
67200.0,8000.0,0.0,27.0,0.0
61500.0,6000.0,0.0,27.0,0.0
68120.0,8000.0,0.0,27.0,0.0
68500.0,8000.0,0.0,27.0,0.0
61572.0,15000.0,0.0,32.0,0.0
68500.0,8000.0,0.0,33.0,0.0
63000.0,8000.0,0.0,32.0,1.0
61800.0,20000.0,0.0,30.0,0.0
61838.0,10675.0,0.0,28.0,0.0
61848.0,5000.0,0.0,29.0,0.0
70000.0,8000.0,0.0,31.0,0.0
70000.0,8000.0,0.0,29.0,0.0
54400.0,8000.0,0.0,28.0,1.0
70000.0,8000.0,1.0,30.0,0.0
70000.0,8000.0,0.0,29.0,0.0
70000.0,8000.0,1.0,27.0,0.0
70004.0,8000.0,0.0,29.0,0.0
71000.0,8000.0,0.0,35.0,0.0
62000.0,9475.0,0.0,35.0,0.0
71000.0,8000.0,0.0,30.0,0.0
72000.0,8000.0,0.0,31.0,0.0
62000.0,15000.0,0.0,30.0,0.0
62000.0,9000.0,0.0,29.0,0.0
62000.0,15000.0,0.0,29.0,0.0
62000.0,12000.0,0.0,29.0,0.0
62000.0,2500.0,1.0,31.0,0.0
62000.0,28000.0,0.0,34.0,0.0
62000.0,10000.0,0.0,29.0,0.0
72000.0,8000.0,1.0,29.0,0.0
62000.0,5000.0,0.0,27.0,0.0
72100.0,8000.0,1.0,31.0,0.0
73000.0,8000.0,0.0,29.0,0.0
73008.0,8000.0,0.0,30.0,0.0
75000.0,8000.0,0.0,28.0,0.0
62000.0,4150.0,0.0,27.0,0.0
75000.0,8000.0,1.0,27.0,0.0
62000.0,9600.0,0.0,29.0,0.0
56000.0,8000.0,0.0,29.0,1.0
62000.0,7500.0,0.0,31.0,0.0
62000.0,9600.0,0.0,30.0,0.0
76000.0,8000.0,0.0,29.0,0.0
76860.0,8000.0,0.0,27.0,0.0
78000.0,8000.0,0.0,31.0,0.0
61200.0,8000.0,0.0,28.0,1.0
78500.0,8000.0,0.0,27.0,0.0
62000.0,6550.0,0.0,31.0,0.0
80000.0,8000.0,1.0,31.0,0.0
56000.0,10000.0,0.0,27.0,1.0
80500.0,8000.0,0.0,27.0,0.0
62000.0,3600.0,0.0,29.0,0.0
82000.0,8000.0,0.0,28.0,0.0
62000.0,10000.0,0.0,33.0,0.0
82710.0,8000.0,1.0,29.0,0.0
62000.0,3000.0,0.0,29.0,0.0
83500.0,8000.0,0.0,29.0,0.0
62000.0,6000.0,0.0,32.0,0.0
62000.0,3700.0,0.0,33.0,0.0
85000.0,8000.0,0.0,28.0,0.0
62000.0,5000.0,1.0,30.0,0.0
62000.0,20000.0,0.0,32.0,0.0
85000.0,8000.0,0.0,29.0,0.0
62000.0,5000.0,0.0,28.0,0.0
62000.0,3600.0,0.0,27.0,0.0
86000.0,8000.0,0.0,28.0,0.0
86400.0,8000.0,1.0,34.0,0.0
62000.0,15000.0,0.0,32.0,0.0
90000.0,8000.0,0.0,27.0,0.0
62000.0,9800.0,1.0,33.0,0.0
90000.0,8000.0,0.0,32.0,0.0
62000.0,10000.0,1.0,29.0,0.0
56000.0,5050.0,1.0,28.0,1.0
56000.0,25000.0,0.0,27.0,1.0
95000.0,8000.0,0.0,28.0,0.0
62000.0,3275.0,0.0,27.0,0.0
62004.0,12000.0,0.0,29.0,0.0
99000.0,8000.0,1.0,29.0,0.0
104000.0,8000.0,0.0,33.0,0.0
105000.0,8000.0,0.0,34.0,0.0
105500.0,8000.0,0.0,29.0,0.0
103000.0,8000.0,0.0,28.0,1.0
62217.0,6000.0,1.0,32.0,0.0
62256.0,9000.0,1.0,30.0,0.0
108000.0,8000.0,1.0,30.0,1.0
62352.0,3800.0,0.0,28.0,0.0
62400.0,6000.0,0.0,30.0,0.0
56400.0,8500.0,0.0,33.0,1.0
130000.0,8000.0,0.0,34.0,0.0
62400.0,1000.0,0.0,27.0,0.0
132640.0,8000.0,0.0,30.0,0.0
62400.0,12000.0,0.0,27.0,0.0
150000.0,8000.0,0.0,28.0,0.0
62400.0,8500.0,0.0,31.0,0.0
155000.0,8000.0,0.0,33.0,0.0
160000.0,8000.0,0.0,28.0,0.0
160000.0,8000.0,0.0,27.0,0.0
215000.0,8000.0,0.0,29.0,0.0
552000.0,8000.0,0.0,31.0,0.0
62400.0,20000.0,0.0,32.0,0.0
67000.0,8050.0,0.0,27.0,0.0
35004.0,8150.0,1.0,32.0,0.0
62500.0,1600.0,0.0,35.0,0.0
62500.0,12000.0,0.0,27.0,0.0
62500.0,15000.0,0.0,30.0,0.0
42996.0,8200.0,0.0,33.0,0.0
62500.0,5000.0,0.0,29.0,0.0
62500.0,3000.0,1.0,31.0,0.0
32500.0,8250.0,0.0,28.0,0.0
48000.0,8250.0,0.0,35.0,0.0
62570.0,25000.0,0.0,27.0,0.0
56664.0,16300.0,1.0,28.0,1.0
62910.0,7075.0,0.0,33.0,0.0
19000.0,8325.0,0.0,32.0,1.0
26900.0,8325.0,0.0,31.0,1.0
81120.0,8350.0,0.0,28.0,0.0
63000.0,15500.0,0.0,27.0,0.0
63000.0,18250.0,0.0,33.0,0.0
30000.0,8400.0,0.0,28.0,0.0
32000.0,8400.0,0.0,30.0,1.0
63000.0,3500.0,0.0,30.0,0.0
63000.0,1700.0,0.0,27.0,0.0
32758.0,8400.0,0.0,34.0,1.0
63000.0,4400.0,0.0,27.0,0.0
63000.0,8575.0,0.0,28.0,0.0
33144.0,8400.0,0.0,35.0,0.0
63000.0,18000.0,0.0,34.0,0.0
57000.0,2600.0,0.0,34.0,1.0
33276.0,8400.0,1.0,31.0,1.0
63000.0,7400.0,0.0,29.0,0.0
63000.0,6400.0,0.0,28.0,0.0
63000.0,4000.0,0.0,27.0,0.0
63000.0,18000.0,0.0,27.0,0.0
37000.0,8400.0,0.0,27.0,0.0
33500.0,8400.0,0.0,34.0,1.0
41000.0,8400.0,0.0,33.0,0.0
63000.0,8000.0,0.0,32.0,0.0
63000.0,11500.0,0.0,28.0,0.0
63000.0,4500.0,0.0,27.0,0.0
42000.0,8400.0,0.0,32.0,0.0
63000.0,13500.0,0.0,28.0,0.0
49872.0,8400.0,0.0,35.0,0.0
57000.0,9000.0,1.0,30.0,1.0
63000.0,8000.0,0.0,30.0,0.0
63000.0,15000.0,0.0,34.0,0.0
63000.0,12800.0,0.0,33.0,0.0
50400.0,8400.0,0.0,32.0,0.0
51000.0,8400.0,0.0,27.0,0.0
63000.0,8000.0,0.0,28.0,0.0
63000.0,5000.0,0.0,29.0,0.0
63000.0,7000.0,0.0,31.0,0.0
52000.0,8400.0,0.0,29.0,0.0
63000.0,25000.0,0.0,29.0,0.0
63000.0,7000.0,1.0,32.0,0.0
52800.0,8400.0,0.0,27.0,0.0
63000.0,4500.0,0.0,27.0,0.0
63000.0,2500.0,0.0,27.0,0.0
57996.0,8400.0,1.0,30.0,0.0
57000.0,10000.0,1.0,33.0,1.0
52576.0,8400.0,0.0,30.0,1.0
63000.0,5000.0,1.0,28.0,0.0
63000.0,9500.0,0.0,27.0,0.0
65000.0,8400.0,0.0,27.0,0.0
65280.0,8400.0,0.0,32.0,0.0
63324.0,24000.0,0.0,31.0,0.0
63344.0,8000.0,0.0,27.0,0.0
71000.0,8400.0,1.0,27.0,0.0
66000.0,8400.0,0.0,28.0,1.0
63440.0,20000.0,0.0,29.0,0.0
63500.0,5125.0,0.0,34.0,0.0
75000.0,8400.0,0.0,28.0,1.0
63500.0,12000.0,1.0,30.0,0.0
102000.0,8400.0,1.0,34.0,0.0
57504.0,17000.0,0.0,27.0,1.0
57600.0,2000.0,0.0,35.0,1.0
20000.0,8500.0,0.0,28.0,1.0
98000.0,8525.0,0.0,30.0,1.0
63830.0,15000.0,0.0,30.0,0.0
63844.0,20000.0,0.0,27.0,0.0
27840.0,8575.0,0.0,29.0,1.0
63996.0,3200.0,0.0,33.0,0.0
63996.0,12000.0,0.0,29.0,0.0
35000.0,8575.0,0.0,27.0,0.0
63996.0,6400.0,0.0,34.0,0.0
30000.0,8600.0,0.0,27.0,0.0
32000.0,8600.0,1.0,27.0,1.0
35000.0,8600.0,0.0,35.0,0.0
64000.0,10200.0,0.0,30.0,0.0
43200.0,8600.0,0.0,30.0,0.0
30000.0,8650.0,0.0,27.0,0.0
60682.0,8650.0,0.0,31.0,0.0
64000.0,7000.0,0.0,28.0,0.0
64000.0,12000.0,0.0,28.0,0.0
28320.0,8700.0,0.0,28.0,1.0
32004.0,8700.0,0.0,30.0,1.0
40320.0,8700.0,1.0,32.0,0.0
45000.0,8700.0,0.0,29.0,0.0
64000.0,3500.0,0.0,27.0,0.0
64000.0,8800.0,0.0,33.0,0.0
64000.0,8825.0,0.0,28.0,0.0
68000.0,8700.0,0.0,27.0,0.0
64000.0,9000.0,0.0,34.0,0.0
59000.0,8750.0,0.0,31.0,0.0
64000.0,14500.0,0.0,35.0,0.0
64000.0,7200.0,0.0,34.0,0.0
65000.0,8750.0,0.0,27.0,0.0
64000.0,7200.0,0.0,28.0,0.0
64000.0,5000.0,0.0,27.0,0.0
42240.0,8775.0,1.0,34.0,0.0
64000.0,8000.0,0.0,27.0,0.0
64000.0,8000.0,0.0,34.0,0.0
145000.0,8800.0,0.0,32.0,0.0
64000.0,5000.0,1.0,28.0,0.0
64000.0,8000.0,0.0,32.0,0.0
24000.0,9000.0,0.0,32.0,1.0
58000.0,15000.0,0.0,33.0,1.0
24000.0,9000.0,0.0,34.0,1.0
64000.0,13000.0,0.0,32.0,0.0
64000.0,24000.0,0.0,31.0,0.0
58000.0,15000.0,1.0,35.0,1.0
64049.0,20000.0,0.0,28.0,0.0
64197.0,7600.0,0.0,33.0,0.0
64300.0,14000.0,1.0,30.0,0.0
64320.0,8000.0,0.0,29.0,0.0
30000.0,9000.0,1.0,35.0,0.0
32000.0,9000.0,0.0,29.0,0.0
32000.0,9000.0,0.0,27.0,1.0
64500.0,7000.0,0.0,31.0,0.0
64500.0,24000.0,0.0,27.0,0.0
32400.0,9000.0,0.0,30.0,0.0
64500.0,4500.0,0.0,35.0,0.0
34000.0,9000.0,1.0,33.0,1.0
34000.0,9000.0,0.0,31.0,0.0
29000.0,9000.0,0.0,29.0,1.0
35000.0,9000.0,0.0,32.0,0.0
58800.0,5000.0,0.0,29.0,1.0
64800.0,5600.0,0.0,30.0,0.0
29000.0,9000.0,0.0,31.0,1.0
58800.0,12000.0,0.0,35.0,1.0
58800.0,17000.0,0.0,34.0,1.0
30000.0,9000.0,0.0,29.0,1.0
64992.0,2500.0,0.0,29.0,0.0
65000.0,23200.0,0.0,31.0,0.0
65000.0,4500.0,1.0,28.0,0.0
65000.0,3000.0,0.0,27.0,0.0
36400.0,9000.0,0.0,27.0,0.0
59000.0,3000.0,0.0,27.0,1.0
37000.0,9000.0,0.0,32.0,0.0
37000.0,9000.0,0.0,27.0,0.0
37200.0,9000.0,0.0,31.0,0.0
65000.0,13225.0,0.0,27.0,0.0
38000.0,9000.0,1.0,35.0,0.0
65000.0,20000.0,1.0,30.0,0.0
65000.0,5000.0,0.0,31.0,0.0
38000.0,9000.0,0.0,28.0,0.0
65000.0,20000.0,0.0,31.0,0.0
32200.0,9000.0,1.0,28.0,1.0
32400.0,9000.0,1.0,28.0,1.0
39000.0,9000.0,0.0,31.0,0.0
39000.0,9000.0,0.0,27.0,0.0
40000.0,9000.0,1.0,29.0,0.0
65000.0,10000.0,0.0,27.0,0.0
40000.0,9000.0,1.0,30.0,0.0
40000.0,9000.0,0.0,28.0,0.0
40020.0,9000.0,0.0,32.0,0.0
65000.0,3000.0,1.0,31.0,0.0
41000.0,9000.0,0.0,28.0,0.0
65000.0,3000.0,0.0,27.0,0.0
36000.0,9000.0,1.0,35.0,1.0
42000.0,9000.0,0.0,29.0,0.0
65000.0,30000.0,0.0,31.0,0.0
59000.0,8000.0,1.0,29.0,1.0
42597.0,9000.0,0.0,33.0,0.0
65000.0,15000.0,0.0,33.0,0.0
65000.0,1800.0,0.0,30.0,0.0
38482.0,9000.0,1.0,32.0,1.0
45000.0,9000.0,0.0,28.0,0.0
65000.0,15000.0,0.0,28.0,0.0
45000.0,9000.0,0.0,29.0,0.0
45000.0,9000.0,0.0,31.0,0.0
65000.0,15000.0,0.0,33.0,0.0
65000.0,12000.0,0.0,31.0,0.0
65000.0,8000.0,0.0,31.0,0.0
46000.0,9000.0,0.0,32.0,0.0
46000.0,9000.0,0.0,30.0,0.0
47000.0,9000.0,0.0,27.0,0.0
47700.0,9000.0,0.0,34.0,0.0
65000.0,10000.0,0.0,29.0,0.0
48000.0,9000.0,0.0,32.0,0.0
48000.0,9000.0,0.0,27.0,0.0
65000.0,8000.0,0.0,27.0,0.0
48000.0,9000.0,0.0,28.0,0.0
65000.0,24000.0,0.0,28.0,0.0
65000.0,19200.0,0.0,27.0,0.0
44000.0,9000.0,1.0,33.0,1.0
50000.0,9000.0,0.0,33.0,0.0
65000.0,10000.0,0.0,28.0,0.0
65000.0,5000.0,0.0,34.0,0.0
65000.0,10000.0,0.0,29.0,0.0
65000.0,6000.0,0.0,29.0,0.0
51000.0,9000.0,1.0,32.0,0.0
51000.0,9000.0,0.0,31.0,0.0
51600.0,9000.0,0.0,30.0,0.0
65000.0,21200.0,0.0,34.0,0.0
65000.0,2000.0,0.0,28.0,0.0
46000.0,9000.0,1.0,28.0,1.0
65000.0,2500.0,0.0,28.0,0.0
65000.0,3600.0,0.0,33.0,0.0
65000.0,4500.0,0.0,27.0,0.0
53000.0,9000.0,0.0,32.0,0.0
65000.0,15000.0,0.0,27.0,0.0
65000.0,10000.0,0.0,32.0,0.0
65000.0,9000.0,0.0,27.0,0.0
55000.0,9000.0,0.0,35.0,0.0
30000.0,9050.0,0.0,34.0,0.0
65000.0,7000.0,0.0,29.0,0.0
62130.0,9050.0,0.0,33.0,0.0
65000.0,5000.0,0.0,28.0,0.0
65000.0,12000.0,0.0,30.0,0.0
62000.0,9100.0,0.0,34.0,0.0
65000.0,8000.0,0.0,28.0,0.0
125000.0,9100.0,0.0,33.0,0.0
43000.0,9150.0,1.0,33.0,0.0
120000.0,9150.0,0.0,33.0,0.0
28500.0,9175.0,0.0,34.0,1.0
65000.0,7500.0,0.0,28.0,0.0
65000.0,3600.0,0.0,30.0,0.0
65000.0,9600.0,0.0,29.0,0.0
60000.0,9200.0,0.0,27.0,0.0
65000.0,12000.0,1.0,32.0,0.0
62000.0,9200.0,0.0,28.0,0.0
73000.0,9200.0,0.0,29.0,0.0
65000.0,22000.0,1.0,27.0,0.0
59000.0,3500.0,0.0,32.0,1.0
19000.0,9250.0,0.0,28.0,1.0
19200.0,9250.0,0.0,28.0,1.0
65000.0,7500.0,0.0,30.0,0.0
65000.0,6000.0,0.0,29.0,0.0
21996.0,9250.0,0.0,33.0,1.0
65000.0,7750.0,0.0,31.0,0.0
65000.0,5000.0,0.0,27.0,0.0
28000.0,9250.0,0.0,30.0,1.0
65000.0,15000.0,0.0,27.0,0.0
65000.0,10000.0,0.0,31.0,0.0
32000.0,9250.0,0.0,29.0,1.0
65000.0,4000.0,0.0,30.0,0.0
40000.0,9250.0,0.0,29.0,0.0
34000.0,9250.0,0.0,35.0,1.0
65000.0,11200.0,0.0,34.0,0.0
54996.0,9300.0,0.0,29.0,0.0
62000.0,9300.0,1.0,28.0,0.0
65000.0,12000.0,0.0,32.0,0.0
12000.0,9325.0,0.0,32.0,1.0
30000.0,9325.0,0.0,32.0,1.0
65000.0,6000.0,0.0,34.0,0.0
65000.0,18000.0,0.0,27.0,0.0
65000.0,12000.0,0.0,27.0,0.0
65000.0,20000.0,0.0,35.0,0.0
65000.0,5500.0,0.0,32.0,0.0
65000.0,10000.0,0.0,34.0,0.0
65000.0,10000.0,1.0,29.0,0.0
31200.0,9400.0,0.0,27.0,0.0
65000.0,2000.0,0.0,33.0,0.0
72800.0,9425.0,0.0,28.0,0.0
28800.0,9450.0,1.0,32.0,1.0
65000.0,11500.0,0.0,29.0,0.0
29000.0,9450.0,0.0,32.0,1.0
65000.0,22000.0,0.0,28.0,0.0
65000.0,10250.0,0.0,27.0,0.0
65000.0,4500.0,0.0,27.0,0.0
70000.0,9450.0,0.0,32.0,0.0
95000.0,9450.0,0.0,31.0,0.0
65000.0,24000.0,1.0,27.0,0.0
65000.0,10000.0,0.0,27.0,0.0
65000.0,10000.0,0.0,29.0,0.0
65000.0,25000.0,1.0,30.0,0.0
36000.0,9500.0,0.0,34.0,0.0
65000.0,2500.0,1.0,28.0,0.0
59000.0,18000.0,1.0,29.0,1.0
65000.0,16000.0,1.0,29.0,0.0
59000.0,12000.0,0.0,28.0,1.0
65000.0,5600.0,0.0,34.0,0.0
65000.0,5600.0,0.0,32.0,0.0
72000.0,9500.0,0.0,29.0,0.0
65000.0,7500.0,0.0,28.0,0.0
77040.0,9500.0,1.0,29.0,0.0
59000.0,10000.0,0.0,30.0,1.0
19498.0,9575.0,0.0,27.0,1.0
65000.0,16800.0,0.0,33.0,0.0
59000.0,15000.0,0.0,29.0,1.0
24696.0,9600.0,0.0,32.0,1.0
65000.0,1450.0,0.0,28.0,0.0
65000.0,25000.0,0.0,35.0,0.0
25000.0,9600.0,1.0,28.0,1.0
65004.0,15000.0,0.0,30.0,0.0
28080.0,9600.0,1.0,35.0,1.0
65004.0,1500.0,0.0,30.0,0.0
33504.0,9600.0,0.0,33.0,0.0
65004.0,9000.0,0.0,28.0,0.0
33600.0,9600.0,1.0,29.0,1.0
65004.0,5000.0,0.0,29.0,0.0
34000.0,9600.0,0.0,28.0,0.0
65004.0,8000.0,0.0,33.0,0.0
37595.0,9600.0,0.0,27.0,0.0
65004.0,7100.0,0.0,30.0,0.0
59004.0,8000.0,0.0,28.0,1.0
65004.0,5250.0,0.0,30.0,0.0
39000.0,9600.0,0.0,28.0,0.0
65004.0,12000.0,0.0,27.0,0.0
65061.0,12000.0,0.0,29.0,0.0
65136.0,6250.0,1.0,30.0,0.0
65200.0,8000.0,0.0,34.0,0.0
65200.0,7000.0,0.0,31.0,0.0
40000.0,9600.0,1.0,32.0,0.0
65304.0,5300.0,0.0,27.0,0.0
42000.0,9600.0,0.0,28.0,0.0
36000.0,9600.0,1.0,28.0,1.0
65500.0,11000.0,0.0,28.0,0.0
44000.0,9600.0,1.0,33.0,0.0
45000.0,9600.0,0.0,33.0,0.0
65600.0,4000.0,1.0,30.0,0.0
59619.0,7750.0,1.0,27.0,1.0
48000.0,9600.0,1.0,33.0,0.0
51996.0,9600.0,0.0,28.0,0.0
46000.0,9600.0,1.0,31.0,1.0
66000.0,7000.0,0.0,29.0,0.0
60000.0,6000.0,1.0,29.0,1.0
66000.0,3000.0,0.0,35.0,0.0
53000.0,9600.0,0.0,29.0,0.0
66000.0,9100.0,0.0,35.0,0.0
58327.0,9600.0,0.0,29.0,0.0
59000.0,9600.0,0.0,33.0,0.0
60000.0,9600.0,0.0,27.0,0.0
60000.0,9600.0,1.0,28.0,0.0
66000.0,4200.0,0.0,31.0,0.0
60000.0,3000.0,0.0,34.0,1.0
66000.0,3000.0,0.0,29.0,0.0
66000.0,8400.0,1.0,27.0,0.0
60000.0,9600.0,1.0,29.0,0.0
54000.0,9600.0,1.0,27.0,1.0
66000.0,5600.0,0.0,33.0,0.0
65000.0,9600.0,0.0,30.0,0.0
62000.0,9600.0,0.0,27.0,1.0
60000.0,6500.0,0.0,28.0,1.0
60000.0,25000.0,0.0,29.0,1.0
70000.0,9600.0,0.0,35.0,0.0
71400.0,9600.0,0.0,30.0,0.0
60000.0,2000.0,1.0,27.0,1.0
78000.0,9600.0,1.0,27.0,0.0
78000.0,9600.0,1.0,27.0,0.0
80000.0,9600.0,0.0,31.0,0.0
66000.0,9250.0,0.0,27.0,0.0
80000.0,9600.0,0.0,32.0,0.0
66000.0,15000.0,0.0,30.0,0.0
66000.0,6000.0,0.0,30.0,0.0
66000.0,11200.0,0.0,30.0,0.0
66000.0,22000.0,1.0,31.0,0.0
66000.0,20000.0,1.0,33.0,0.0
66100.0,5000.0,0.0,32.0,0.0
66120.0,2800.0,0.0,30.0,0.0
66300.0,6075.0,0.0,32.0,0.0
66352.0,7000.0,0.0,29.0,0.0
66360.0,7000.0,0.0,31.0,0.0
66500.0,12000.0,0.0,29.0,0.0
120000.0,9600.0,0.0,28.0,0.0
66500.0,4200.0,0.0,31.0,0.0
113000.0,9600.0,1.0,31.0,1.0
66500.0,8000.0,0.0,30.0,0.0
66500.0,16000.0,0.0,27.0,0.0
56400.0,9700.0,0.0,27.0,0.0
71000.0,9700.0,0.0,29.0,0.0
66560.0,4200.0,0.0,35.0,0.0
66560.0,2500.0,0.0,30.0,0.0
60675.0,14000.0,1.0,28.0,1.0
27000.0,9750.0,0.0,27.0,1.0
29000.0,9750.0,0.0,27.0,1.0
66800.0,9600.0,0.0,27.0,0.0
33000.0,9750.0,1.0,31.0,1.0
66887.0,25000.0,0.0,28.0,0.0
66888.0,15000.0,0.0,30.0,0.0
30784.0,9950.0,0.0,33.0,1.0
86000.0,9950.0,0.0,34.0,0.0
66996.0,9000.0,0.0,29.0,0.0
67000.0,7000.0,0.0,34.0,0.0
67000.0,3000.0,0.0,31.0,0.0
21600.0,10000.0,0.0,33.0,1.0
61000.0,6800.0,0.0,27.0,1.0
22000.0,10000.0,1.0,32.0,1.0
67000.0,10000.0,0.0,30.0,0.0
24000.0,10000.0,0.0,33.0,1.0
67000.0,6400.0,0.0,34.0,0.0
67000.0,7000.0,0.0,35.0,0.0
67000.0,3300.0,0.0,35.0,0.0
67000.0,14400.0,0.0,28.0,0.0
61000.0,15000.0,0.0,29.0,1.0
24000.0,10000.0,1.0,28.0,1.0
67000.0,3600.0,0.0,29.0,0.0
24000.0,10000.0,0.0,27.0,1.0
67000.0,10000.0,0.0,29.0,0.0
67000.0,10000.0,0.0,32.0,0.0
67000.0,25000.0,0.0,33.0,0.0
67000.0,24250.0,0.0,27.0,0.0
24500.0,10000.0,0.0,27.0,1.0
67000.0,20000.0,0.0,32.0,0.0
25000.0,10000.0,0.0,32.0,1.0
25000.0,10000.0,0.0,34.0,1.0
67014.0,16000.0,0.0,34.0,0.0
67200.0,10000.0,0.0,31.0,0.0
25368.0,10000.0,0.0,29.0,1.0
67200.0,10750.0,0.0,27.0,0.0
26000.0,10000.0,0.0,34.0,1.0
52020.0,15000.0,0.0,32.0,1.0
67222.0,10000.0,0.0,29.0,0.0
67386.0,1500.0,0.0,28.0,0.0
67422.0,12800.0,0.0,29.0,0.0
26400.0,10000.0,0.0,27.0,1.0
67500.0,1000.0,0.0,27.0,0.0
27000.0,10000.0,0.0,27.0,1.0
27600.0,10000.0,0.0,34.0,1.0
67641.0,10000.0,0.0,35.0,0.0
67642.0,17000.0,0.0,30.0,0.0
67656.0,11000.0,0.0,34.0,0.0
28000.0,10000.0,0.0,29.0,1.0
67992.0,2000.0,0.0,29.0,0.0
30000.0,10000.0,0.0,28.0,1.0
30000.0,10000.0,0.0,28.0,1.0
68000.0,8000.0,0.0,31.0,0.0
68000.0,3000.0,1.0,27.0,0.0
30000.0,10000.0,0.0,27.0,1.0
68000.0,32000.0,1.0,35.0,0.0
68000.0,20000.0,0.0,27.0,0.0
68000.0,20000.0,0.0,29.0,0.0
68000.0,18000.0,0.0,33.0,0.0
68000.0,12000.0,0.0,31.0,0.0
68000.0,10000.0,0.0,34.0,0.0
68000.0,2500.0,0.0,28.0,0.0
30000.0,10000.0,0.0,28.0,1.0
30000.0,10000.0,0.0,27.0,1.0
68000.0,30000.0,0.0,27.0,0.0
68000.0,6000.0,0.0,30.0,0.0
30000.0,10000.0,0.0,28.0,1.0
68000.0,4000.0,0.0,29.0,0.0
30000.0,10000.0,0.0,29.0,1.0
68000.0,3000.0,0.0,28.0,0.0
68000.0,5000.0,0.0,29.0,0.0
68000.0,3500.0,0.0,33.0,0.0
30000.0,10000.0,0.0,31.0,1.0
68000.0,2000.0,0.0,27.0,0.0
68000.0,18000.0,0.0,31.0,0.0
30000.0,10000.0,0.0,27.0,1.0
62000.0,13000.0,0.0,35.0,1.0
30000.0,10000.0,0.0,31.0,1.0
68000.0,6000.0,0.0,30.0,0.0
30000.0,10000.0,0.0,28.0,1.0
68000.0,13600.0,0.0,31.0,0.0
30000.0,10000.0,0.0,31.0,1.0
30000.0,10000.0,0.0,33.0,1.0
68000.0,3250.0,0.0,28.0,0.0
68000.0,6100.0,0.0,32.0,0.0
30636.0,10000.0,0.0,34.0,1.0
68000.0,3000.0,0.0,29.0,0.0
62000.0,10000.0,0.0,35.0,1.0
68000.0,15000.0,1.0,29.0,0.0
68000.0,10800.0,0.0,27.0,0.0
68000.0,5000.0,0.0,33.0,0.0
68000.0,10000.0,0.0,29.0,0.0
68000.0,2100.0,0.0,33.0,0.0
31200.0,10000.0,0.0,27.0,1.0
68000.0,16000.0,0.0,29.0,0.0
68000.0,15000.0,0.0,34.0,0.0
68000.0,12000.0,1.0,28.0,0.0
31200.0,10000.0,0.0,27.0,1.0
31500.0,10000.0,0.0,29.0,1.0
32000.0,10000.0,0.0,27.0,1.0
68004.0,6000.0,0.0,27.0,0.0
68004.0,10000.0,0.0,29.0,0.0
68004.0,6000.0,0.0,31.0,0.0
68004.0,3500.0,0.0,29.0,0.0
68340.0,25000.0,0.0,34.0,0.0
68400.0,15000.0,0.0,31.0,0.0
68400.0,5000.0,0.0,27.0,0.0
32890.0,10000.0,0.0,27.0,0.0
32997.0,10000.0,0.0,29.0,0.0
33078.0,10000.0,0.0,32.0,0.0
33200.0,10000.0,0.0,27.0,0.0
62500.0,3800.0,0.0,32.0,1.0
33600.0,10000.0,0.0,27.0,0.0
68553.0,15000.0,1.0,28.0,0.0
33900.0,10000.0,0.0,28.0,0.0
68700.0,10000.0,0.0,27.0,0.0
34000.0,10000.0,1.0,30.0,1.0
34000.0,10000.0,0.0,33.0,0.0
68804.0,22000.0,0.0,28.0,0.0
34000.0,10000.0,0.0,28.0,0.0
29000.0,10000.0,0.0,27.0,1.0
35000.0,10000.0,1.0,28.0,0.0
35000.0,10000.0,0.0,28.0,0.0
35000.0,10000.0,0.0,27.0,0.0
69000.0,4000.0,0.0,28.0,0.0
29000.0,10000.0,1.0,33.0,1.0
35000.0,10000.0,0.0,30.0,0.0
69000.0,4000.0,0.0,33.0,0.0
35000.0,10000.0,0.0,27.0,0.0
69000.0,10000.0,0.0,30.0,0.0
35000.0,10000.0,1.0,33.0,0.0
35000.0,10000.0,0.0,27.0,0.0
69000.0,7200.0,0.0,33.0,0.0
35000.0,10000.0,0.0,28.0,0.0
63000.0,9000.0,1.0,28.0,1.0
69000.0,20000.0,0.0,33.0,0.0
69000.0,6000.0,0.0,29.0,0.0
35000.0,10000.0,0.0,30.0,0.0
69000.0,14000.0,0.0,29.0,0.0
69000.0,6000.0,0.0,28.0,0.0
29000.0,10000.0,0.0,31.0,1.0
29004.0,10000.0,0.0,34.0,1.0
29238.0,10000.0,0.0,27.0,1.0
69000.0,15000.0,0.0,29.0,0.0
29400.0,10000.0,0.0,31.0,1.0
69000.0,10000.0,0.0,28.0,0.0
63000.0,20500.0,1.0,34.0,1.0
35665.0,10000.0,0.0,34.0,0.0
69000.0,10000.0,0.0,28.0,0.0
63000.0,11200.0,1.0,28.0,1.0
36000.0,10000.0,0.0,31.0,0.0
69000.0,18000.0,0.0,29.0,0.0
36000.0,10000.0,0.0,28.0,0.0
30000.0,10000.0,0.0,27.0,1.0
69500.0,14750.0,0.0,27.0,0.0
36000.0,10000.0,1.0,27.0,0.0
69592.0,6500.0,0.0,27.0,0.0
63600.0,4800.0,0.0,35.0,1.0
69600.0,16000.0,0.0,33.0,0.0
36000.0,10000.0,0.0,28.0,0.0
69638.0,16725.0,0.0,27.0,0.0
69830.0,15000.0,1.0,27.0,0.0
69900.0,18000.0,0.0,32.0,0.0
30000.0,10000.0,0.0,31.0,1.0
69900.0,12000.0,0.0,28.0,0.0
69930.0,6300.0,0.0,33.0,0.0
69936.0,8000.0,0.0,27.0,0.0
69996.0,3200.0,0.0,33.0,0.0
36996.0,10000.0,0.0,30.0,0.0
37000.0,10000.0,0.0,30.0,0.0
37000.0,10000.0,0.0,29.0,0.0
69996.0,3400.0,0.0,29.0,0.0
69996.0,6000.0,0.0,27.0,0.0
37965.0,10000.0,0.0,32.0,0.0
69996.0,6000.0,0.0,30.0,0.0
69996.0,7200.0,0.0,28.0,0.0
38000.0,10000.0,0.0,28.0,0.0
69996.0,11250.0,0.0,30.0,0.0
38000.0,10000.0,0.0,27.0,0.0
38004.0,10000.0,0.0,35.0,0.0
38004.0,10000.0,0.0,28.0,0.0
70000.0,18000.0,0.0,31.0,0.0
38400.0,10000.0,1.0,27.0,0.0
38400.0,10000.0,0.0,34.0,0.0
70000.0,16000.0,0.0,27.0,0.0
70000.0,3000.0,0.0,31.0,0.0
38400.0,10000.0,0.0,32.0,0.0
70000.0,10200.0,0.0,30.0,0.0
70000.0,7000.0,0.0,30.0,0.0
70000.0,14000.0,1.0,28.0,0.0
70000.0,15000.0,0.0,28.0,0.0
39000.0,10000.0,0.0,35.0,0.0
70000.0,8000.0,0.0,28.0,0.0
70000.0,22000.0,1.0,34.0,0.0
39312.0,10000.0,0.0,34.0,0.0
70000.0,1800.0,1.0,32.0,0.0
70000.0,5200.0,0.0,27.0,0.0
70000.0,31825.0,0.0,30.0,0.0
39996.0,10000.0,1.0,27.0,0.0
70000.0,6000.0,1.0,29.0,0.0
70000.0,12000.0,0.0,35.0,0.0
70000.0,12000.0,0.0,27.0,0.0
70000.0,5500.0,1.0,27.0,0.0
70000.0,4500.0,0.0,31.0,0.0
70000.0,5000.0,0.0,28.0,0.0
40000.0,10000.0,0.0,28.0,0.0
70000.0,8000.0,0.0,30.0,0.0
40000.0,10000.0,0.0,30.0,0.0
70000.0,5600.0,0.0,28.0,0.0
34000.0,10000.0,0.0,27.0,1.0
70000.0,4600.0,0.0,34.0,0.0
70000.0,25000.0,1.0,29.0,0.0
34000.0,10000.0,0.0,27.0,1.0
70000.0,3700.0,0.0,33.0,0.0
70000.0,5600.0,0.0,27.0,0.0
70000.0,24000.0,0.0,33.0,0.0
70000.0,4200.0,0.0,29.0,0.0
70000.0,20000.0,0.0,35.0,0.0
70000.0,10000.0,1.0,30.0,0.0
70000.0,3000.0,0.0,27.0,0.0
70000.0,3000.0,0.0,32.0,0.0
34000.0,10000.0,1.0,33.0,1.0
70000.0,10000.0,0.0,34.0,0.0
40000.0,10000.0,0.0,27.0,0.0
70000.0,10000.0,0.0,29.0,0.0
34000.0,10000.0,0.0,29.0,1.0
70000.0,6000.0,0.0,32.0,0.0
34000.0,10000.0,1.0,27.0,1.0
70000.0,8000.0,0.0,28.0,0.0
54400.0,18000.0,1.0,28.0,1.0
70000.0,6000.0,0.0,31.0,0.0
70000.0,15000.0,0.0,27.0,0.0
70000.0,8500.0,0.0,29.0,0.0
40000.0,10000.0,0.0,31.0,0.0
40992.0,10000.0,1.0,27.0,0.0
70000.0,14000.0,0.0,32.0,0.0
70000.0,5000.0,0.0,28.0,0.0
41300.0,10000.0,1.0,34.0,0.0
41500.0,10000.0,1.0,27.0,0.0
70000.0,7000.0,0.0,29.0,0.0
70000.0,3000.0,0.0,29.0,0.0
42000.0,10000.0,0.0,30.0,0.0
70000.0,4000.0,0.0,32.0,0.0
70000.0,25000.0,0.0,27.0,0.0
54400.0,27050.0,0.0,31.0,1.0
42000.0,10000.0,0.0,28.0,0.0
42500.0,10000.0,0.0,28.0,0.0
43000.0,10000.0,0.0,27.0,0.0
70000.0,14000.0,0.0,34.0,0.0
70000.0,25000.0,0.0,28.0,0.0
70000.0,12000.0,0.0,31.0,0.0
70000.0,8400.0,0.0,31.0,0.0
70000.0,2250.0,0.0,27.0,0.0
70000.0,1300.0,0.0,27.0,0.0
70000.0,1000.0,0.0,27.0,0.0
43080.0,10000.0,0.0,27.0,0.0
70000.0,20000.0,0.0,34.0,0.0
43200.0,10000.0,0.0,27.0,0.0
70000.0,8000.0,0.0,27.0,0.0
43288.0,10000.0,0.0,31.0,0.0
70000.0,4000.0,0.0,31.0,0.0
43337.0,10000.0,0.0,33.0,0.0
70000.0,13000.0,0.0,29.0,0.0
70000.0,10200.0,0.0,30.0,0.0
44000.0,10000.0,0.0,27.0,0.0
54400.0,23500.0,0.0,30.0,1.0
70000.0,14000.0,1.0,33.0,0.0
44000.0,10000.0,0.0,35.0,0.0
38469.0,10000.0,1.0,35.0,1.0
45000.0,10000.0,0.0,29.0,0.0
70000.0,9000.0,0.0,32.0,0.0
70000.0,12250.0,0.0,30.0,0.0
45000.0,10000.0,0.0,30.0,0.0
45000.0,10000.0,0.0,31.0,0.0
64000.0,6000.0,1.0,28.0,1.0
70000.0,4000.0,0.0,28.0,0.0
45000.0,10000.0,0.0,28.0,0.0
70000.0,14400.0,0.0,32.0,0.0
70000.0,10000.0,0.0,30.0,0.0
70000.0,4000.0,0.0,29.0,0.0
70000.0,8000.0,0.0,28.0,0.0
70000.0,8000.0,0.0,31.0,0.0
54400.0,5000.0,0.0,33.0,1.0
45000.0,10000.0,0.0,35.0,0.0
70000.0,20000.0,0.0,29.0,0.0
70000.0,3000.0,0.0,28.0,0.0
70000.0,15000.0,1.0,30.0,0.0
39000.0,10000.0,0.0,28.0,1.0
64000.0,25000.0,0.0,31.0,1.0
45000.0,10000.0,0.0,27.0,0.0
39000.0,10000.0,0.0,35.0,1.0
54400.0,5000.0,0.0,28.0,1.0
39000.0,10000.0,1.0,29.0,1.0
70000.0,4625.0,0.0,31.0,0.0
70000.0,14000.0,0.0,31.0,0.0
70000.0,10000.0,0.0,32.0,0.0
70000.0,17000.0,0.0,35.0,0.0
45000.0,10000.0,0.0,30.0,0.0
54400.0,11000.0,1.0,27.0,1.0
70000.0,6500.0,0.0,29.0,0.0
70000.0,10000.0,0.0,29.0,0.0
45000.0,10000.0,0.0,27.0,0.0
52800.0,4325.0,0.0,34.0,0.0
70000.0,3000.0,1.0,33.0,0.0
64000.0,5100.0,0.0,31.0,1.0
35000.0,4250.0,0.0,28.0,0.0
70000.0,4000.0,0.0,34.0,0.0
10800.0,4200.0,0.0,28.0,1.0
14400.0,4200.0,1.0,31.0,1.0
70000.0,8000.0,0.0,27.0,0.0
70000.0,5600.0,1.0,33.0,0.0
70000.0,20000.0,0.0,28.0,0.0
39600.0,10000.0,1.0,30.0,1.0
70000.0,2000.0,0.0,31.0,0.0
70000.0,5000.0,0.0,29.0,0.0
70000.0,15000.0,0.0,28.0,0.0
46000.0,10000.0,0.0,32.0,0.0
46000.0,10000.0,0.0,35.0,0.0
46000.0,10000.0,0.0,31.0,0.0
40000.0,10000.0,0.0,29.0,1.0
46000.0,10000.0,0.0,27.0,0.0
70000.0,15000.0,0.0,27.0,0.0
30000.0,4200.0,1.0,28.0,0.0
30000.0,4200.0,0.0,34.0,0.0
70000.0,20000.0,1.0,33.0,0.0
30000.0,4200.0,0.0,27.0,0.0
30996.0,4200.0,1.0,35.0,0.0
64000.0,15000.0,0.0,28.0,1.0
31500.0,4200.0,0.0,31.0,0.0
32000.0,4200.0,0.0,27.0,0.0
33600.0,4200.0,0.0,28.0,0.0
36000.0,4200.0,1.0,30.0,0.0
64000.0,24000.0,0.0,34.0,1.0
70000.0,5000.0,0.0,28.0,0.0
70008.0,5000.0,0.0,29.0,0.0
40000.0,4200.0,0.0,30.0,0.0
40000.0,4200.0,0.0,28.0,0.0
70197.0,4100.0,0.0,32.0,0.0
70200.0,6000.0,0.0,27.0,0.0
70254.0,3500.0,0.0,28.0,0.0
70356.0,6000.0,0.0,28.0,0.0
70400.0,13000.0,0.0,32.0,0.0
43200.0,4200.0,0.0,27.0,0.0
64500.0,19400.0,1.0,32.0,1.0
64500.0,4000.0,1.0,28.0,1.0
48000.0,4200.0,0.0,27.0,0.0
70596.0,10000.0,0.0,34.0,0.0
48500.0,4200.0,0.0,30.0,0.0
52000.0,4200.0,0.0,32.0,0.0
52000.0,4200.0,1.0,32.0,0.0
70834.0,20000.0,0.0,28.0,0.0
53000.0,4200.0,0.0,35.0,0.0
70900.0,25000.0,1.0,28.0,0.0
70920.0,7600.0,0.0,28.0,0.0
53500.0,4200.0,1.0,32.0,0.0
54996.0,4200.0,1.0,29.0,0.0
71000.0,12000.0,0.0,28.0,0.0
50650.0,4200.0,0.0,30.0,1.0
71000.0,5300.0,0.0,33.0,0.0
71000.0,14000.0,0.0,32.0,0.0
60000.0,4200.0,0.0,31.0,0.0
60000.0,4200.0,0.0,29.0,0.0
71000.0,10000.0,0.0,33.0,0.0
71000.0,8000.0,1.0,33.0,0.0
71000.0,11000.0,1.0,29.0,0.0
55512.0,4200.0,1.0,27.0,1.0
61600.0,4200.0,0.0,35.0,0.0
65000.0,4200.0,0.0,32.0,0.0
71000.0,14000.0,0.0,29.0,0.0
71000.0,6000.0,1.0,33.0,0.0
71000.0,4000.0,0.0,29.0,0.0
53550.0,4200.0,0.0,27.0,1.0
70000.0,4200.0,0.0,34.0,1.0
85000.0,4200.0,0.0,30.0,0.0
71000.0,9800.0,0.0,28.0,0.0
93000.0,4200.0,0.0,27.0,0.0
25000.0,4125.0,0.0,29.0,0.0
71007.0,25000.0,0.0,28.0,0.0
59000.0,4100.0,0.0,34.0,1.0
19200.0,4075.0,0.0,31.0,1.0
71352.0,9000.0,0.0,27.0,0.0
71500.0,6000.0,0.0,29.0,0.0
71500.0,15000.0,0.0,28.0,0.0
71500.0,19200.0,0.0,35.0,0.0
71700.0,9000.0,0.0,27.0,0.0
71738.0,11500.0,0.0,27.0,0.0
47000.0,10000.0,0.0,31.0,0.0
47200.0,10000.0,0.0,28.0,0.0
47500.0,10000.0,0.0,31.0,0.0
72000.0,22000.0,1.0,27.0,0.0
66000.0,2400.0,0.0,31.0,1.0
72000.0,13150.0,0.0,34.0,0.0
47800.0,10000.0,0.0,29.0,0.0
72000.0,10000.0,1.0,34.0,0.0
42000.0,10000.0,0.0,31.0,1.0
72000.0,10000.0,0.0,27.0,0.0
72000.0,4500.0,0.0,28.0,0.0
72000.0,21100.0,0.0,27.0,0.0
66000.0,12000.0,0.0,30.0,1.0
48000.0,10000.0,0.0,29.0,0.0
72000.0,14000.0,0.0,29.0,0.0
72000.0,17000.0,0.0,27.0,0.0
42000.0,10000.0,1.0,29.0,1.0
72000.0,1900.0,0.0,31.0,0.0
72000.0,28000.0,0.0,28.0,0.0
48000.0,10000.0,0.0,29.0,0.0
72000.0,6500.0,0.0,27.0,0.0
72000.0,10000.0,0.0,27.0,0.0
72000.0,14000.0,0.0,27.0,0.0
72000.0,9800.0,0.0,31.0,0.0
72000.0,12800.0,0.0,35.0,0.0
48000.0,10000.0,0.0,29.0,0.0
48000.0,10000.0,0.0,27.0,0.0
48000.0,10000.0,1.0,28.0,0.0
72000.0,15000.0,0.0,27.0,0.0
48000.0,10000.0,1.0,34.0,0.0
48000.0,10000.0,1.0,30.0,0.0
48000.0,10000.0,0.0,30.0,0.0
72000.0,4800.0,1.0,30.0,0.0
72000.0,10800.0,0.0,29.0,0.0
72000.0,14000.0,0.0,30.0,0.0
72000.0,9500.0,0.0,27.0,0.0
72000.0,12000.0,0.0,27.0,0.0
72000.0,3000.0,0.0,30.0,0.0
72000.0,4250.0,0.0,33.0,0.0
48000.0,10000.0,0.0,28.0,0.0
72000.0,12000.0,0.0,29.0,0.0
72000.0,16800.0,0.0,29.0,0.0
56100.0,10000.0,0.0,28.0,1.0
72000.0,10000.0,0.0,27.0,0.0
72000.0,7000.0,0.0,27.0,0.0
72000.0,7000.0,0.0,31.0,0.0
66000.0,11200.0,0.0,30.0,1.0
72000.0,9000.0,1.0,30.0,0.0
49800.0,10000.0,0.0,27.0,0.0
72000.0,15000.0,0.0,35.0,0.0
72000.0,6000.0,0.0,30.0,0.0
72000.0,24000.0,0.0,32.0,0.0
72000.0,10000.0,0.0,30.0,0.0
72000.0,22100.0,0.0,29.0,0.0
50000.0,10000.0,0.0,35.0,0.0
72000.0,5000.0,0.0,31.0,0.0
66000.0,2000.0,0.0,32.0,1.0
72000.0,6000.0,0.0,27.0,0.0
72000.0,9600.0,0.0,30.0,0.0
72000.0,7400.0,0.0,29.0,0.0
72000.0,12000.0,0.0,28.0,0.0
44000.0,10000.0,1.0,27.0,1.0
72000.0,25000.0,0.0,28.0,0.0
50000.0,10000.0,0.0,31.0,0.0
72000.0,11500.0,0.0,27.0,0.0
72000.0,2600.0,0.0,27.0,0.0
72000.0,10000.0,0.0,29.0,0.0
50000.0,10000.0,0.0,28.0,0.0
50000.0,10000.0,0.0,30.0,0.0
50000.0,10000.0,0.0,32.0,0.0
72000.0,16000.0,0.0,28.0,0.0
50000.0,10000.0,0.0,28.0,0.0
44000.0,10000.0,0.0,28.0,1.0
50000.0,10000.0,0.0,30.0,0.0
72000.0,20000.0,0.0,30.0,0.0
72000.0,24000.0,0.0,29.0,0.0
72000.0,4000.0,0.0,34.0,0.0
72000.0,12000.0,0.0,30.0,0.0
50000.0,10000.0,0.0,29.0,0.0
44000.0,10000.0,0.0,31.0,1.0
72000.0,9000.0,1.0,30.0,0.0
44004.0,10000.0,1.0,29.0,1.0
72000.0,10750.0,0.0,35.0,0.0
72000.0,4000.0,0.0,28.0,0.0
72000.0,24000.0,0.0,29.0,0.0
50800.0,10000.0,1.0,33.0,0.0
50911.0,10000.0,0.0,32.0,0.0
51000.0,10000.0,0.0,28.0,0.0
72000.0,16000.0,0.0,28.0,0.0
51000.0,10000.0,0.0,27.0,0.0
72000.0,10000.0,0.0,27.0,0.0
72000.0,15000.0,0.0,28.0,0.0
66000.0,8200.0,1.0,29.0,1.0
72000.0,12300.0,1.0,31.0,0.0
72000.0,6000.0,1.0,28.0,0.0
51996.0,10000.0,0.0,32.0,0.0
51996.0,10000.0,0.0,33.0,0.0
72000.0,12000.0,0.0,30.0,0.0
72000.0,10000.0,0.0,28.0,0.0
72000.0,12500.0,0.0,27.0,0.0
52000.0,10000.0,0.0,28.0,0.0
72000.0,15250.0,1.0,27.0,0.0
72000.0,18000.0,0.0,28.0,0.0
52000.0,10000.0,0.0,28.0,0.0
52000.0,10000.0,1.0,29.0,0.0
72000.0,1000.0,0.0,29.0,0.0
72000.0,7500.0,0.0,28.0,0.0
52000.0,10000.0,0.0,31.0,0.0
52000.0,10000.0,0.0,29.0,0.0
72000.0,8000.0,1.0,27.0,0.0
53000.0,10000.0,0.0,33.0,0.0
72072.0,12000.0,0.0,29.0,0.0
53000.0,10000.0,0.0,27.0,0.0
53000.0,10000.0,0.0,33.0,0.0
53000.0,10000.0,0.0,28.0,0.0
53376.0,10000.0,0.0,28.0,0.0
72396.0,9000.0,0.0,29.0,0.0
54000.0,10000.0,0.0,33.0,0.0
72500.0,30000.0,0.0,29.0,0.0
72500.0,8875.0,0.0,31.0,0.0
72500.0,4000.0,0.0,32.0,0.0
56525.0,12000.0,1.0,27.0,1.0
72500.0,4000.0,0.0,35.0,0.0
54000.0,10000.0,0.0,30.0,0.0
72500.0,7000.0,1.0,29.0,0.0
54000.0,10000.0,0.0,33.0,0.0
54996.0,10000.0,0.0,29.0,0.0
48996.0,10000.0,0.0,28.0,1.0
54996.0,10000.0,0.0,31.0,0.0
72890.0,16400.0,1.0,33.0,0.0
72900.0,10000.0,1.0,27.0,0.0
72960.0,11000.0,0.0,34.0,0.0
72996.0,9200.0,0.0,27.0,0.0
48996.0,10000.0,0.0,30.0,1.0
73000.0,15600.0,0.0,28.0,0.0
55000.0,10000.0,0.0,27.0,0.0
73000.0,13000.0,0.0,27.0,0.0
55000.0,10000.0,0.0,31.0,0.0
73000.0,9600.0,0.0,32.0,0.0
55000.0,10000.0,0.0,31.0,0.0
55000.0,10000.0,0.0,32.0,0.0
73000.0,6000.0,0.0,32.0,0.0
73000.0,8500.0,0.0,32.0,0.0
73000.0,10000.0,0.0,27.0,0.0
55000.0,10000.0,0.0,27.0,0.0
73000.0,12000.0,0.0,29.0,0.0
55000.0,10000.0,0.0,29.0,0.0
55000.0,10000.0,1.0,32.0,0.0
55000.0,10000.0,0.0,28.0,0.0
73000.0,17000.0,0.0,27.0,0.0
73000.0,12000.0,0.0,28.0,0.0
55000.0,10000.0,0.0,34.0,0.0
73000.0,15000.0,0.0,28.0,0.0
55812.0,10000.0,0.0,27.0,0.0
56000.0,10000.0,0.0,35.0,0.0
73000.0,6800.0,0.0,31.0,0.0
56000.0,10000.0,0.0,33.0,0.0
56000.0,10000.0,0.0,33.0,0.0
56253.0,10000.0,0.0,27.0,0.0
73008.0,14000.0,1.0,28.0,0.0
73073.0,4200.0,0.0,28.0,0.0
57000.0,10000.0,1.0,29.0,0.0
73200.0,18000.0,0.0,27.0,0.0
73200.0,15000.0,0.0,27.0,0.0
73200.0,7200.0,0.0,32.0,0.0
67392.0,15000.0,1.0,34.0,1.0
73400.0,2100.0,0.0,27.0,0.0
57000.0,10000.0,0.0,34.0,0.0
73500.0,10000.0,0.0,28.0,0.0
73524.0,10000.0,0.0,30.0,0.0
73527.0,12000.0,0.0,32.0,0.0
58000.0,10000.0,0.0,34.0,0.0
73580.0,19950.0,0.0,27.0,0.0
73600.0,15000.0,0.0,34.0,0.0
58000.0,10000.0,0.0,29.0,0.0
58000.0,10000.0,0.0,32.0,0.0
58100.0,10000.0,0.0,28.0,0.0
57800.0,16000.0,0.0,27.0,1.0
74000.0,5000.0,0.0,35.0,0.0
74000.0,17000.0,1.0,34.0,0.0
59004.0,10000.0,1.0,27.0,0.0
74000.0,12100.0,1.0,27.0,0.0
74000.0,1200.0,0.0,32.0,0.0
74000.0,7800.0,0.0,28.0,0.0
54000.0,10000.0,1.0,29.0,1.0
74000.0,15000.0,0.0,32.0,0.0
74000.0,10500.0,0.0,30.0,0.0
60000.0,10000.0,0.0,28.0,0.0
74000.0,20500.0,0.0,33.0,0.0
74000.0,25000.0,0.0,29.0,0.0
74000.0,9000.0,0.0,29.0,0.0
68000.0,1000.0,1.0,32.0,1.0
74000.0,18000.0,0.0,28.0,0.0
54000.0,10000.0,0.0,29.0,1.0
74000.0,5000.0,0.0,32.0,0.0
74000.0,14000.0,1.0,30.0,0.0
60000.0,10000.0,0.0,32.0,0.0
74000.0,1800.0,0.0,32.0,0.0
60000.0,10000.0,0.0,30.0,0.0
54000.0,10000.0,1.0,28.0,1.0
74000.0,8200.0,0.0,35.0,0.0
74000.0,5450.0,1.0,28.0,0.0
74004.0,7200.0,0.0,34.0,0.0
60000.0,10000.0,0.0,35.0,0.0
74004.0,10000.0,0.0,29.0,0.0
74004.0,13000.0,0.0,29.0,0.0
54000.0,10000.0,1.0,28.0,1.0
60000.0,10000.0,0.0,33.0,0.0
60000.0,10000.0,0.0,34.0,0.0
60000.0,10000.0,0.0,28.0,0.0
74256.0,11000.0,0.0,34.0,0.0
74346.0,7000.0,0.0,32.0,0.0
74360.0,8725.0,0.0,29.0,0.0
60000.0,10000.0,0.0,29.0,0.0
54000.0,10000.0,0.0,27.0,1.0
74400.0,13000.0,0.0,31.0,0.0
68400.0,8000.0,0.0,27.0,1.0
60000.0,10000.0,0.0,32.0,0.0
54000.0,10000.0,0.0,29.0,1.0
74600.0,9500.0,0.0,28.0,0.0
74628.0,15000.0,0.0,31.0,0.0
74700.0,14000.0,0.0,34.0,0.0
60000.0,10000.0,0.0,29.0,0.0
74778.0,6000.0,0.0,28.0,0.0
60000.0,10000.0,0.0,34.0,0.0
74800.0,21000.0,0.0,27.0,0.0
60000.0,10000.0,0.0,27.0,0.0
68900.0,18000.0,0.0,28.0,1.0
75000.0,12000.0,0.0,28.0,0.0
60000.0,10000.0,0.0,29.0,0.0
60132.0,10000.0,0.0,27.0,0.0
75000.0,18000.0,0.0,29.0,0.0
60626.0,10000.0,0.0,33.0,0.0
75000.0,10000.0,1.0,30.0,0.0
61000.0,10000.0,0.0,29.0,0.0
75000.0,15000.0,0.0,28.0,0.0
43200.0,4000.0,0.0,27.0,0.0
44000.0,4000.0,0.0,34.0,0.0
75000.0,12000.0,0.0,32.0,0.0
75000.0,7500.0,0.0,27.0,0.0
75000.0,6000.0,0.0,29.0,0.0
75000.0,16800.0,0.0,28.0,0.0
75000.0,4000.0,1.0,35.0,0.0
75000.0,3500.0,0.0,27.0,0.0
39000.0,4000.0,1.0,29.0,1.0
75000.0,15000.0,1.0,28.0,0.0
75000.0,5600.0,1.0,32.0,0.0
45000.0,4000.0,0.0,31.0,0.0
75000.0,18750.0,0.0,30.0,0.0
75000.0,16500.0,1.0,31.0,0.0
45200.0,4000.0,0.0,30.0,0.0
45204.0,4000.0,0.0,29.0,0.0
75000.0,20000.0,1.0,35.0,0.0
75000.0,14000.0,0.0,32.0,0.0
45468.0,4000.0,1.0,27.0,0.0
75000.0,6000.0,0.0,33.0,0.0
75000.0,12000.0,0.0,32.0,0.0
62004.0,10000.0,0.0,31.0,0.0
75000.0,3000.0,0.0,34.0,0.0
69000.0,4050.0,0.0,31.0,1.0
69000.0,25500.0,0.0,35.0,1.0
63000.0,10000.0,0.0,29.0,0.0
63000.0,10000.0,0.0,29.0,0.0
75000.0,25000.0,0.0,33.0,0.0
64000.0,10000.0,1.0,27.0,0.0
64000.0,10000.0,0.0,32.0,0.0
75000.0,8000.0,0.0,29.0,0.0
75000.0,4200.0,0.0,29.0,0.0
64000.0,10000.0,0.0,30.0,0.0
64000.0,10000.0,1.0,28.0,0.0
64125.0,10000.0,0.0,28.0,0.0
75000.0,8000.0,0.0,29.0,0.0
75000.0,3000.0,0.0,31.0,0.0
64500.0,10000.0,0.0,29.0,0.0
75000.0,5000.0,0.0,32.0,0.0
64600.0,10000.0,1.0,28.0,0.0
75000.0,10000.0,0.0,33.0,0.0
75000.0,16000.0,0.0,32.0,0.0
64900.0,10000.0,0.0,31.0,0.0
59000.0,10000.0,1.0,35.0,1.0
65000.0,10000.0,1.0,30.0,0.0
65000.0,10000.0,0.0,33.0,0.0
75000.0,16000.0,1.0,27.0,0.0
75000.0,8000.0,0.0,29.0,0.0
75000.0,2500.0,1.0,31.0,0.0
65000.0,10000.0,1.0,30.0,0.0
58650.0,4000.0,0.0,27.0,1.0
65000.0,10000.0,1.0,28.0,0.0
65004.0,10000.0,0.0,28.0,0.0
66000.0,10000.0,0.0,27.0,0.0
75000.0,10000.0,0.0,35.0,0.0
66000.0,10000.0,0.0,29.0,0.0
66000.0,10000.0,0.0,28.0,0.0
66000.0,10000.0,0.0,32.0,0.0
66500.0,10000.0,0.0,33.0,0.0
75000.0,9000.0,0.0,35.0,0.0
75000.0,12000.0,0.0,31.0,0.0
75000.0,16950.0,0.0,29.0,0.0
67500.0,10000.0,0.0,35.0,0.0
58650.0,20000.0,1.0,28.0,1.0
68000.0,10000.0,0.0,29.0,0.0
62000.0,10000.0,1.0,32.0,1.0
68000.0,10000.0,0.0,29.0,0.0
75000.0,20000.0,0.0,34.0,0.0
75000.0,8000.0,0.0,34.0,0.0
68000.0,10000.0,0.0,30.0,0.0
75000.0,10000.0,0.0,34.0,0.0
68500.0,10000.0,0.0,29.0,0.0
68580.0,10000.0,0.0,30.0,0.0
75000.0,10000.0,0.0,29.0,0.0
69204.0,10000.0,0.0,34.0,0.0
75000.0,15000.0,0.0,30.0,0.0
75000.0,12000.0,0.0,33.0,0.0
70000.0,10000.0,0.0,27.0,0.0
69000.0,15000.0,0.0,28.0,1.0
75000.0,17000.0,0.0,33.0,0.0
70000.0,10000.0,0.0,35.0,0.0
75000.0,10000.0,0.0,27.0,0.0
75000.0,5000.0,1.0,32.0,0.0
70000.0,10000.0,1.0,35.0,0.0
70000.0,10000.0,1.0,28.0,0.0
75000.0,16000.0,0.0,28.0,0.0
70000.0,10000.0,0.0,27.0,0.0
70360.0,10000.0,0.0,35.0,0.0
75000.0,10000.0,0.0,30.0,0.0
75000.0,8000.0,0.0,30.0,0.0
75000.0,10000.0,0.0,32.0,0.0
75000.0,4000.0,0.0,29.0,0.0
71020.0,10000.0,0.0,27.0,0.0
75000.0,10000.0,0.0,33.0,0.0
75000.0,15000.0,0.0,30.0,0.0
58650.0,3000.0,0.0,29.0,1.0
71500.0,10000.0,0.0,29.0,0.0
75000.0,12000.0,0.0,29.0,0.0
75000.0,12000.0,0.0,31.0,0.0
75000.0,21000.0,1.0,30.0,0.0
66000.0,10000.0,1.0,30.0,1.0
72000.0,10000.0,0.0,30.0,0.0
72000.0,10000.0,0.0,34.0,0.0
75000.0,4000.0,0.0,27.0,0.0
75000.0,6000.0,0.0,34.0,0.0
66000.0,10000.0,0.0,28.0,1.0
75000.0,25000.0,0.0,27.0,0.0
75000.0,4200.0,0.0,29.0,0.0
69000.0,25000.0,1.0,28.0,1.0
73000.0,10000.0,0.0,34.0,0.0
73000.0,10000.0,0.0,32.0,0.0
75000.0,20000.0,1.0,32.0,0.0
75000.0,9600.0,0.0,28.0,0.0
74000.0,10000.0,0.0,28.0,0.0
74520.0,10000.0,0.0,33.0,0.0
75000.0,20150.0,0.0,27.0,0.0
75000.0,10000.0,0.0,28.0,0.0
75000.0,25000.0,0.0,35.0,0.0
75000.0,8500.0,0.0,27.0,0.0
75000.0,14400.0,0.0,29.0,0.0
75000.0,22000.0,0.0,32.0,0.0
75000.0,10000.0,0.0,32.0,0.0
75000.0,2000.0,1.0,32.0,0.0
75000.0,10000.0,0.0,30.0,0.0
75000.0,10000.0,0.0,27.0,0.0
75000.0,10000.0,0.0,34.0,0.0
58650.0,12000.0,1.0,34.0,1.0
75000.0,15000.0,0.0,32.0,0.0
75000.0,15600.0,0.0,31.0,0.0
75000.0,15000.0,0.0,30.0,0.0
75000.0,20000.0,0.0,28.0,0.0
75000.0,6000.0,0.0,28.0,0.0
75000.0,18000.0,1.0,27.0,0.0
75000.0,10000.0,1.0,31.0,0.0
75000.0,10000.0,0.0,29.0,0.0
77250.0,10000.0,0.0,28.0,0.0
60775.0,10000.0,1.0,31.0,1.0
75000.0,8000.0,1.0,31.0,0.0
75000.0,12000.0,0.0,29.0,0.0
75000.0,10000.0,0.0,32.0,0.0
78504.0,10000.0,1.0,31.0,0.0
79000.0,10000.0,0.0,35.0,0.0
75000.0,4000.0,0.0,33.0,0.0
75000.0,10000.0,0.0,28.0,0.0
79200.0,10000.0,0.0,28.0,0.0
80000.0,10000.0,0.0,29.0,0.0
80000.0,10000.0,0.0,34.0,0.0
75000.0,7200.0,1.0,28.0,0.0
75000.0,20000.0,0.0,31.0,0.0
75000.0,6000.0,0.0,27.0,0.0
75000.0,4200.0,0.0,27.0,0.0
75000.0,8000.0,0.0,27.0,0.0
75000.0,15000.0,0.0,33.0,0.0
75000.0,6500.0,0.0,34.0,0.0
80000.0,10000.0,0.0,31.0,0.0
75000.0,3900.0,0.0,27.0,0.0
58650.0,7500.0,1.0,27.0,1.0
75000.0,15250.0,0.0,28.0,0.0
75000.0,6000.0,0.0,33.0,0.0
75000.0,3000.0,0.0,29.0,0.0
69000.0,14000.0,0.0,30.0,1.0
80000.0,10000.0,0.0,31.0,0.0
75000.0,21000.0,0.0,27.0,0.0
75000.0,7500.0,0.0,27.0,0.0
69000.0,25000.0,1.0,29.0,1.0
80004.0,10000.0,0.0,27.0,0.0
75000.0,5000.0,0.0,35.0,0.0
80004.0,10000.0,0.0,35.0,0.0
81004.0,10000.0,0.0,30.0,0.0
75288.0,18050.0,0.0,27.0,0.0
75333.0,15000.0,0.0,32.0,0.0
75400.0,6000.0,0.0,27.0,0.0
75500.0,9000.0,0.0,27.0,0.0
75500.0,3500.0,0.0,28.0,0.0
75573.0,22000.0,0.0,35.0,0.0
83000.0,10000.0,0.0,29.0,0.0
75600.0,25000.0,0.0,27.0,0.0
83004.0,10000.0,0.0,28.0,0.0
65984.0,10000.0,0.0,28.0,1.0
75670.0,10000.0,0.0,27.0,0.0
75689.0,10000.0,0.0,30.0,0.0
75693.0,22000.0,0.0,33.0,0.0
77976.0,10000.0,1.0,27.0,1.0
59354.0,9600.0,1.0,29.0,1.0
75852.0,4000.0,0.0,27.0,0.0
78000.0,10000.0,1.0,33.0,1.0
59497.0,17000.0,0.0,30.0,1.0
75996.0,8000.0,0.0,29.0,0.0
84456.0,10000.0,0.0,32.0,0.0
84996.0,10000.0,0.0,33.0,0.0
84996.0,10000.0,0.0,27.0,0.0
76000.0,28000.0,0.0,29.0,0.0
85000.0,10000.0,0.0,30.0,0.0
76000.0,6400.0,0.0,27.0,0.0
70000.0,9000.0,0.0,28.0,1.0
85000.0,10000.0,0.0,34.0,0.0
85000.0,10000.0,1.0,30.0,0.0
76000.0,10000.0,0.0,35.0,0.0
76000.0,6250.0,0.0,30.0,0.0
85248.0,10000.0,0.0,27.0,0.0
76000.0,10000.0,0.0,27.0,0.0
88000.0,10000.0,0.0,29.0,0.0
88000.0,10000.0,0.0,27.0,0.0
89000.0,10000.0,0.0,31.0,0.0
89904.0,10000.0,0.0,27.0,0.0
70000.0,17000.0,0.0,34.0,1.0
78000.0,10000.0,0.0,31.0,1.0
90000.0,10000.0,1.0,27.0,0.0
76080.0,12000.0,0.0,30.0,0.0
76176.0,4800.0,0.0,29.0,0.0
76200.0,3200.0,0.0,30.0,0.0
76200.0,20000.0,0.0,29.0,0.0
76248.0,10400.0,0.0,33.0,0.0
90000.0,10000.0,0.0,27.0,0.0
90000.0,10000.0,1.0,30.0,0.0
76404.0,12000.0,0.0,30.0,0.0
90000.0,10000.0,0.0,27.0,0.0
76500.0,10000.0,0.0,28.0,0.0
76500.0,13475.0,0.0,29.0,0.0
90000.0,10000.0,0.0,32.0,0.0
76596.0,17600.0,0.0,29.0,0.0
90000.0,10000.0,1.0,30.0,0.0
76788.0,17000.0,0.0,27.0,0.0
60174.0,3025.0,0.0,27.0,1.0
76800.0,5000.0,0.0,27.0,0.0
70800.0,20000.0,1.0,27.0,1.0
76992.0,1800.0,0.0,28.0,0.0
77000.0,10000.0,0.0,31.0,0.0
77000.0,10000.0,1.0,32.0,0.0
80004.0,10000.0,0.0,30.0,1.0
77000.0,6000.0,0.0,31.0,0.0
77000.0,4900.0,0.0,27.0,0.0
77000.0,2600.0,0.0,28.0,0.0
93000.0,10000.0,0.0,29.0,0.0
77000.0,12000.0,0.0,33.0,0.0
77000.0,18500.0,0.0,27.0,0.0
95000.0,10000.0,0.0,34.0,0.0
77000.0,8000.0,0.0,30.0,0.0
60350.0,25000.0,0.0,35.0,1.0
95000.0,10000.0,0.0,29.0,0.0
77000.0,5000.0,0.0,29.0,0.0
77000.0,1500.0,0.0,30.0,0.0
77000.0,25000.0,0.0,30.0,0.0
71000.0,5000.0,0.0,27.0,1.0
77000.0,15000.0,0.0,28.0,0.0
146000.0,10175.0,0.0,27.0,1.0
77040.0,5900.0,0.0,35.0,0.0
44000.0,10200.0,0.0,29.0,0.0
77065.0,23700.0,0.0,27.0,0.0
48000.0,10200.0,0.0,27.0,0.0
54400.0,10200.0,0.0,28.0,1.0
77248.0,21600.0,1.0,29.0,0.0
90000.0,10200.0,0.0,28.0,0.0
77268.0,7500.0,0.0,35.0,0.0
77270.0,3000.0,0.0,30.0,0.0
77367.0,1000.0,0.0,29.0,0.0
21000.0,11000.0,0.0,31.0,1.0
71400.0,10000.0,0.0,29.0,1.0
77500.0,8000.0,0.0,28.0,0.0
77500.0,9000.0,0.0,30.0,0.0
30000.0,11000.0,0.0,27.0,1.0
77544.0,15000.0,1.0,28.0,0.0
71652.0,25000.0,0.0,28.0,1.0
32400.0,11000.0,0.0,33.0,1.0
77940.0,16250.0,0.0,31.0,0.0
78000.0,18000.0,0.0,29.0,0.0
78000.0,3200.0,0.0,33.0,0.0
35000.0,11000.0,0.0,29.0,1.0
78000.0,20000.0,0.0,33.0,0.0
78000.0,19700.0,0.0,28.0,0.0
78000.0,10000.0,0.0,28.0,0.0
120000.0,11050.0,0.0,27.0,0.0
72000.0,9000.0,1.0,31.0,1.0
78000.0,26000.0,1.0,30.0,0.0
78000.0,12000.0,0.0,28.0,0.0
61200.0,13000.0,0.0,27.0,1.0
78000.0,5000.0,1.0,28.0,0.0
78000.0,8000.0,0.0,32.0,0.0
72000.0,12000.0,1.0,29.0,1.0
78000.0,9450.0,0.0,35.0,0.0
50000.0,11100.0,0.0,32.0,0.0
75000.0,11100.0,0.0,31.0,0.0
78000.0,15275.0,0.0,27.0,0.0
34000.0,11175.0,0.0,33.0,1.0
30809.0,11200.0,0.0,30.0,1.0
33500.0,11200.0,0.0,34.0,1.0
78000.0,12000.0,0.0,28.0,0.0
34800.0,11200.0,1.0,31.0,1.0
34900.0,11200.0,0.0,29.0,1.0
35000.0,11200.0,0.0,33.0,1.0
35000.0,11200.0,0.0,31.0,1.0
78000.0,5000.0,0.0,27.0,0.0
78000.0,20000.0,0.0,30.0,0.0
78000.0,5000.0,0.0,31.0,0.0
78000.0,8000.0,0.0,31.0,0.0
78000.0,10000.0,0.0,35.0,0.0
78000.0,7000.0,0.0,27.0,0.0
78000.0,5250.0,0.0,28.0,0.0
78000.0,10800.0,0.0,30.0,0.0
45600.0,11200.0,0.0,33.0,0.0
46000.0,11200.0,1.0,31.0,0.0
46739.0,11200.0,0.0,28.0,0.0
72000.0,5000.0,0.0,27.0,1.0
78000.0,12000.0,0.0,27.0,0.0
48000.0,11200.0,0.0,28.0,0.0
78000.0,5400.0,0.0,32.0,0.0
46800.0,11200.0,1.0,30.0,1.0
55259.0,11200.0,0.0,33.0,0.0
40000.0,11325.0,1.0,35.0,0.0
78000.0,10000.0,0.0,29.0,0.0
60000.0,11200.0,1.0,29.0,0.0
78000.0,6000.0,0.0,27.0,0.0
78000.0,5125.0,0.0,27.0,0.0
78000.0,20000.0,0.0,33.0,0.0
78000.0,15000.0,0.0,27.0,0.0
63000.0,11200.0,1.0,28.0,0.0
72000.0,20000.0,1.0,35.0,1.0
63800.0,11200.0,0.0,32.0,0.0
60500.0,11200.0,1.0,34.0,1.0
61200.0,15000.0,0.0,29.0,1.0
70000.0,11200.0,0.0,33.0,0.0
72000.0,7500.0,0.0,30.0,1.0
69000.0,11200.0,0.0,30.0,1.0
75000.0,11200.0,1.0,30.0,0.0
78096.0,10000.0,0.0,32.0,0.0
74000.0,11200.0,0.0,34.0,1.0
78252.0,30000.0,0.0,35.0,0.0
83000.0,11200.0,0.0,35.0,0.0
85000.0,11200.0,0.0,28.0,0.0
78300.0,10000.0,1.0,29.0,0.0
78301.0,17000.0,0.0,34.0,0.0
78400.0,1200.0,0.0,32.0,0.0
78408.0,15000.0,0.0,31.0,0.0
78411.0,15850.0,0.0,30.0,0.0
78465.0,14000.0,0.0,28.0,0.0
101000.0,11200.0,0.0,27.0,0.0
79050.0,11200.0,0.0,31.0,1.0
78750.0,10750.0,0.0,35.0,0.0
78862.0,25000.0,1.0,35.0,0.0
42000.0,11300.0,0.0,29.0,0.0
56472.0,11300.0,0.0,35.0,0.0
78996.0,12000.0,1.0,28.0,0.0
43200.0,11350.0,0.0,33.0,0.0
35000.0,11400.0,0.0,31.0,1.0
79000.0,20000.0,0.0,31.0,0.0
79000.0,20000.0,0.0,30.0,0.0
52500.0,11425.0,0.0,27.0,0.0
79000.0,9000.0,0.0,27.0,0.0
79000.0,7500.0,0.0,30.0,0.0
79000.0,2875.0,1.0,27.0,0.0
30000.0,11450.0,0.0,32.0,1.0
73000.0,10500.0,0.0,27.0,1.0
79000.0,2000.0,1.0,28.0,0.0
79000.0,4800.0,0.0,34.0,0.0
79000.0,6000.0,0.0,30.0,0.0
79000.0,5000.0,0.0,31.0,0.0
40000.0,11450.0,0.0,29.0,0.0
65000.0,11475.0,0.0,30.0,0.0
22188.0,11500.0,0.0,28.0,1.0
79100.0,19150.0,0.0,31.0,0.0
79112.0,4000.0,0.0,33.0,0.0
25200.0,11500.0,1.0,28.0,1.0
79200.0,15000.0,0.0,27.0,0.0
30000.0,11500.0,0.0,27.0,1.0
79416.0,6000.0,1.0,30.0,0.0
30000.0,11500.0,0.0,27.0,1.0
79440.0,5525.0,1.0,33.0,0.0
32000.0,11500.0,0.0,30.0,1.0
32000.0,11500.0,0.0,29.0,1.0
79500.0,9600.0,1.0,35.0,0.0
79536.0,16425.0,0.0,28.0,0.0
34928.0,11500.0,0.0,27.0,1.0
36000.0,11500.0,1.0,30.0,1.0
40000.0,7000.0,1.0,32.0,0.0
30000.0,11500.0,1.0,28.0,1.0
79750.0,35000.0,0.0,35.0,0.0
38500.0,11500.0,0.0,27.0,0.0
79800.0,5000.0,0.0,31.0,0.0
79800.0,6000.0,0.0,29.0,0.0
79872.0,12000.0,0.0,32.0,0.0
79894.0,20000.0,1.0,29.0,0.0
79985.0,8000.0,0.0,33.0,0.0
40000.0,5000.0,0.0,28.0,0.0
48000.0,11500.0,0.0,35.0,0.0
50000.0,11500.0,0.0,35.0,0.0
40000.0,5000.0,0.0,35.0,0.0
80000.0,9000.0,0.0,28.0,0.0
74000.0,11500.0,0.0,29.0,0.0
74500.0,11500.0,0.0,32.0,0.0
92259.0,11500.0,0.0,33.0,0.0
110000.0,11500.0,0.0,35.0,0.0
65000.0,11600.0,1.0,32.0,0.0
74000.0,10000.0,1.0,34.0,1.0
80000.0,8500.0,0.0,27.0,0.0
25000.0,11700.0,1.0,32.0,1.0
35000.0,11700.0,0.0,31.0,1.0
44004.0,11750.0,1.0,27.0,1.0
80000.0,10000.0,0.0,29.0,0.0
80000.0,12000.0,0.0,28.0,0.0
98000.0,11750.0,1.0,27.0,0.0
80000.0,8400.0,0.0,28.0,0.0
80000.0,3000.0,0.0,30.0,0.0
80000.0,7500.0,0.0,27.0,0.0
80000.0,6000.0,0.0,27.0,0.0
30000.0,11975.0,0.0,33.0,1.0
42000.0,11975.0,0.0,27.0,0.0
80000.0,20000.0,0.0,31.0,0.0
58344.0,11975.0,1.0,33.0,0.0
80000.0,7400.0,0.0,27.0,0.0
80000.0,12000.0,0.0,32.0,0.0
22452.0,12000.0,0.0,30.0,1.0
80000.0,25000.0,0.0,29.0,0.0
80000.0,11000.0,0.0,34.0,0.0
80000.0,12000.0,0.0,27.0,0.0
25000.0,12000.0,0.0,28.0,1.0
25200.0,12000.0,0.0,34.0,1.0
80000.0,22000.0,0.0,29.0,0.0
80000.0,3600.0,0.0,34.0,0.0
80000.0,15350.0,0.0,32.0,0.0
26237.0,12000.0,0.0,27.0,1.0
26400.0,12000.0,0.0,32.0,1.0
27000.0,12000.0,1.0,29.0,1.0
28000.0,12000.0,0.0,27.0,1.0
28000.0,12000.0,0.0,30.0,1.0
28080.0,12000.0,0.0,28.0,1.0
80000.0,25000.0,0.0,31.0,0.0
80000.0,23750.0,0.0,27.0,0.0
30000.0,12000.0,0.0,28.0,1.0
30000.0,12000.0,0.0,34.0,1.0
30000.0,12000.0,0.0,29.0,1.0
80000.0,16800.0,0.0,30.0,0.0
30000.0,12000.0,1.0,30.0,1.0
30000.0,12000.0,0.0,27.0,1.0
80000.0,16000.0,0.0,28.0,0.0
80000.0,4975.0,0.0,30.0,0.0
30000.0,12000.0,0.0,31.0,1.0
80000.0,12000.0,0.0,34.0,0.0
30412.0,12000.0,0.0,34.0,1.0
31200.0,12000.0,1.0,30.0,1.0
80000.0,15000.0,1.0,35.0,0.0
80000.0,6000.0,1.0,30.0,0.0
74000.0,1500.0,0.0,31.0,1.0
80000.0,16000.0,0.0,31.0,0.0
80000.0,12750.0,0.0,31.0,0.0
80000.0,8000.0,0.0,27.0,0.0
32000.0,12000.0,0.0,28.0,1.0
32400.0,12000.0,0.0,28.0,1.0
32800.0,12000.0,0.0,29.0,1.0
33000.0,12000.0,0.0,32.0,1.0
80000.0,15000.0,0.0,28.0,0.0
80000.0,6500.0,0.0,28.0,0.0
80000.0,3000.0,0.0,27.0,0.0
33000.0,12000.0,0.0,27.0,1.0
33280.0,12000.0,0.0,28.0,1.0
80000.0,10000.0,0.0,27.0,0.0
80000.0,6000.0,0.0,33.0,0.0
80000.0,16000.0,0.0,27.0,0.0
80000.0,24000.0,0.0,33.0,0.0
80000.0,12400.0,0.0,31.0,0.0
80000.0,10750.0,0.0,30.0,0.0
80000.0,3000.0,0.0,28.0,0.0
34000.0,12000.0,1.0,31.0,1.0
80000.0,15000.0,0.0,27.0,0.0
80000.0,12000.0,0.0,31.0,0.0
40000.0,6400.0,0.0,27.0,0.0
34999.0,12000.0,0.0,29.0,1.0
80000.0,5000.0,0.0,29.0,0.0
35000.0,12000.0,0.0,27.0,1.0
80000.0,4500.0,0.0,29.0,0.0
35000.0,12000.0,0.0,27.0,1.0
80000.0,9600.0,0.0,28.0,0.0
74000.0,3000.0,0.0,29.0,1.0
36000.0,12000.0,0.0,35.0,1.0
36000.0,12000.0,0.0,29.0,1.0
36000.0,12000.0,0.0,29.0,1.0
80000.0,14500.0,0.0,27.0,0.0
36000.0,12000.0,0.0,28.0,1.0
80000.0,24000.0,0.0,27.0,0.0
36000.0,12000.0,0.0,33.0,1.0
80000.0,13000.0,0.0,32.0,0.0
36000.0,12000.0,0.0,29.0,1.0
36400.0,12000.0,0.0,30.0,1.0
80000.0,21000.0,0.0,28.0,0.0
37076.0,12000.0,0.0,32.0,1.0
80000.0,20000.0,0.0,27.0,0.0
80000.0,6000.0,0.0,33.0,0.0
37920.0,12000.0,1.0,29.0,1.0
80000.0,19000.0,0.0,34.0,0.0
38000.0,12000.0,0.0,27.0,1.0
80000.0,10000.0,0.0,32.0,0.0
38000.0,12000.0,0.0,32.0,1.0
80000.0,5000.0,0.0,27.0,0.0
80000.0,6000.0,0.0,31.0,0.0
80000.0,12000.0,0.0,33.0,0.0
80000.0,24000.0,0.0,29.0,0.0
80000.0,5000.0,0.0,29.0,0.0
80000.0,3100.0,0.0,28.0,0.0
39996.0,8000.0,0.0,27.0,0.0
62900.0,18000.0,0.0,34.0,1.0
38500.0,12000.0,0.0,28.0,1.0
80000.0,12000.0,0.0,28.0,0.0
38643.0,12000.0,0.0,28.0,1.0
80000.0,7500.0,0.0,31.0,0.0
80000.0,8000.0,0.0,30.0,0.0
80000.0,16000.0,1.0,29.0,0.0
80000.0,9000.0,0.0,27.0,0.0
39000.0,12000.0,1.0,28.0,1.0
80000.0,15000.0,0.0,31.0,0.0
80000.0,13000.0,0.0,28.0,0.0
80000.0,8000.0,0.0,30.0,0.0
62900.0,8000.0,0.0,27.0,1.0
74000.0,7000.0,0.0,28.0,1.0
80000.0,16000.0,1.0,28.0,0.0
80000.0,9000.0,0.0,33.0,0.0
80000.0,5000.0,0.0,27.0,0.0
80000.0,20000.0,0.0,28.0,0.0
40000.0,12000.0,0.0,27.0,0.0
40000.0,12000.0,0.0,31.0,0.0
80004.0,3200.0,0.0,35.0,0.0
40000.0,12000.0,0.0,28.0,0.0
80004.0,3500.0,0.0,31.0,0.0
40000.0,12000.0,0.0,27.0,0.0
80004.0,12000.0,0.0,28.0,0.0
80004.0,5500.0,0.0,31.0,0.0
80004.0,22750.0,0.0,28.0,0.0
34000.0,12000.0,1.0,28.0,1.0
34000.0,12000.0,0.0,30.0,1.0
80004.0,14400.0,0.0,35.0,0.0
40000.0,12000.0,0.0,32.0,0.0
40000.0,12000.0,0.0,30.0,0.0
34046.0,12000.0,1.0,30.0,1.0
34310.0,12000.0,1.0,32.0,1.0
80256.0,24000.0,0.0,30.0,0.0
80300.0,15000.0,1.0,34.0,0.0
80308.0,12000.0,0.0,35.0,0.0
41004.0,12000.0,0.0,29.0,0.0
80400.0,8000.0,0.0,29.0,0.0
42000.0,12000.0,0.0,32.0,0.0
42000.0,12000.0,0.0,27.0,0.0
80496.0,10000.0,0.0,29.0,0.0
80500.0,6000.0,0.0,28.0,0.0
80569.0,4000.0,0.0,28.0,0.0
42000.0,12000.0,0.0,28.0,0.0
80600.0,15000.0,0.0,34.0,0.0
36000.0,12000.0,1.0,27.0,1.0
36000.0,12000.0,0.0,31.0,1.0
80748.0,5000.0,0.0,28.0,0.0
42000.0,12000.0,0.0,30.0,0.0
42000.0,12000.0,0.0,31.0,0.0
42000.0,12000.0,0.0,33.0,0.0
81000.0,2500.0,0.0,28.0,0.0
42600.0,12000.0,0.0,30.0,0.0
42886.0,12000.0,0.0,30.0,0.0
81000.0,14000.0,0.0,29.0,0.0
81000.0,9000.0,1.0,27.0,0.0
81000.0,10000.0,0.0,32.0,0.0
81000.0,12000.0,0.0,33.0,0.0
81000.0,6000.0,0.0,28.0,0.0
39000.0,12000.0,0.0,34.0,0.0
37000.0,12000.0,0.0,29.0,1.0
43200.0,12000.0,0.0,27.0,0.0
81000.0,7200.0,0.0,31.0,0.0
81000.0,7750.0,0.0,29.0,0.0
81000.0,5500.0,0.0,27.0,0.0
75000.0,12000.0,1.0,29.0,1.0
81000.0,5000.0,0.0,28.0,0.0
75000.0,7500.0,0.0,33.0,1.0
39000.0,9600.0,0.0,27.0,0.0
81120.0,5200.0,0.0,28.0,0.0
81120.0,18000.0,0.0,30.0,0.0
81204.0,3600.0,0.0,32.0,0.0
45000.0,12000.0,0.0,34.0,0.0
45000.0,12000.0,1.0,29.0,0.0
45000.0,12000.0,0.0,28.0,0.0
81600.0,4000.0,0.0,31.0,0.0
81804.0,9000.0,0.0,33.0,0.0
75840.0,25000.0,0.0,29.0,1.0
81900.0,8000.0,0.0,29.0,0.0
45000.0,12000.0,0.0,32.0,0.0
45000.0,12000.0,0.0,33.0,0.0
81996.0,3000.0,0.0,28.0,0.0
39000.0,9000.0,1.0,29.0,0.0
45000.0,12000.0,0.0,35.0,0.0
82000.0,18800.0,0.0,35.0,0.0
76000.0,4400.0,1.0,29.0,1.0
82000.0,25000.0,0.0,28.0,0.0
82000.0,4000.0,0.0,27.0,0.0
82000.0,6000.0,0.0,33.0,0.0
82000.0,21000.0,1.0,29.0,0.0
82000.0,10000.0,0.0,27.0,0.0
82000.0,20000.0,0.0,29.0,0.0
82000.0,8000.0,0.0,31.0,0.0
46000.0,12000.0,0.0,29.0,0.0
82000.0,8000.0,0.0,32.0,0.0
40000.0,12000.0,0.0,28.0,1.0
82000.0,20000.0,0.0,33.0,0.0
82000.0,10000.0,0.0,27.0,0.0
82000.0,14000.0,0.0,27.0,0.0
82000.0,18000.0,0.0,28.0,0.0
82000.0,10000.0,0.0,31.0,0.0
82000.0,10000.0,0.0,32.0,0.0
82000.0,10000.0,1.0,35.0,0.0
82000.0,15000.0,1.0,28.0,0.0
82000.0,9000.0,0.0,31.0,0.0
47256.0,12000.0,0.0,29.0,0.0
47500.0,12000.0,0.0,29.0,0.0
82000.0,5000.0,0.0,30.0,0.0
47700.0,12000.0,0.0,31.0,0.0
64600.0,25000.0,0.0,32.0,1.0
48000.0,12000.0,0.0,27.0,0.0
42000.0,12000.0,1.0,27.0,1.0
76000.0,20000.0,0.0,34.0,1.0
76000.0,20000.0,1.0,29.0,1.0
48400.0,12000.0,0.0,32.0,0.0
82008.0,7200.0,0.0,35.0,0.0
60000.0,12000.0,0.0,28.0,0.0
82116.0,2800.0,1.0,31.0,0.0
60000.0,12000.0,0.0,30.0,0.0
54000.0,12000.0,0.0,30.0,1.0
82404.0,14400.0,1.0,33.0,0.0
60000.0,12000.0,0.0,29.0,0.0
82500.0,11000.0,0.0,28.0,0.0
60000.0,12000.0,1.0,27.0,0.0
60000.0,12000.0,0.0,31.0,0.0
82500.0,10000.0,1.0,30.0,0.0
82500.0,11100.0,0.0,27.0,0.0
60000.0,12000.0,0.0,30.0,0.0
82524.0,12000.0,0.0,31.0,0.0
60000.0,12000.0,1.0,30.0,0.0
60000.0,12000.0,0.0,31.0,0.0
60000.0,12000.0,0.0,34.0,0.0
82600.0,19450.0,0.0,29.0,0.0
65144.0,5000.0,1.0,30.0,1.0
82656.0,6000.0,1.0,31.0,0.0
60000.0,12000.0,0.0,28.0,0.0
60000.0,12000.0,0.0,31.0,0.0
83000.0,3500.0,0.0,27.0,0.0
60000.0,12000.0,0.0,30.0,0.0
60000.0,12000.0,1.0,29.0,0.0
83000.0,7500.0,0.0,29.0,0.0
54000.0,12000.0,0.0,28.0,1.0
60000.0,12000.0,0.0,28.0,0.0
83000.0,18000.0,0.0,33.0,0.0
60000.0,12000.0,1.0,27.0,0.0
83000.0,2500.0,1.0,27.0,0.0
83000.0,7500.0,0.0,31.0,0.0
83000.0,12000.0,0.0,28.0,0.0
83000.0,20000.0,0.0,30.0,0.0
60000.0,12000.0,1.0,34.0,0.0
83000.0,10000.0,0.0,32.0,0.0
61000.0,12000.0,0.0,30.0,0.0
61000.0,12000.0,0.0,27.0,0.0
83004.0,4500.0,0.0,29.0,0.0
24000.0,3000.0,0.0,31.0,0.0
24000.0,3000.0,0.0,33.0,0.0
83135.0,8000.0,1.0,28.0,0.0
83137.0,3600.0,0.0,28.0,0.0
24000.0,3000.0,0.0,29.0,0.0
24000.0,3000.0,0.0,28.0,0.0
83200.0,13000.0,0.0,33.0,0.0
83200.0,5000.0,1.0,34.0,0.0
25000.0,3000.0,0.0,28.0,0.0
25000.0,3000.0,0.0,27.0,1.0
25000.0,3000.0,1.0,32.0,0.0
83500.0,8000.0,0.0,28.0,0.0
25000.0,3000.0,0.0,35.0,1.0
25000.0,3000.0,0.0,34.0,0.0
25000.0,3000.0,1.0,28.0,0.0
83820.0,12800.0,0.0,32.0,0.0
83886.0,15000.0,0.0,27.0,0.0
84000.0,25000.0,0.0,28.0,0.0
25716.0,3000.0,0.0,30.0,0.0
26208.0,3000.0,0.0,27.0,0.0
84000.0,7000.0,0.0,27.0,0.0
84000.0,7000.0,0.0,31.0,0.0
26880.0,3000.0,0.0,27.0,0.0
84000.0,30000.0,0.0,34.0,0.0
84000.0,20000.0,0.0,33.0,0.0
27500.0,3000.0,0.0,27.0,0.0
84000.0,2400.0,0.0,34.0,0.0
84000.0,15000.0,0.0,29.0,0.0
27600.0,3000.0,0.0,32.0,1.0
27600.0,3000.0,0.0,28.0,0.0
28000.0,3000.0,0.0,28.0,0.0
84000.0,10000.0,0.0,31.0,0.0
84000.0,25000.0,1.0,28.0,0.0
84000.0,1000.0,0.0,28.0,0.0
78000.0,6775.0,0.0,27.0,1.0
28800.0,3000.0,0.0,27.0,1.0
84000.0,5900.0,0.0,29.0,0.0
84000.0,7000.0,0.0,27.0,0.0
84000.0,12000.0,0.0,30.0,0.0
28880.0,3000.0,0.0,34.0,0.0
84000.0,20500.0,0.0,28.0,0.0
84000.0,6000.0,0.0,29.0,0.0
29102.0,3000.0,0.0,30.0,0.0
84000.0,15000.0,0.0,32.0,0.0
30000.0,3000.0,0.0,35.0,0.0
30000.0,3000.0,0.0,32.0,0.0
84000.0,9000.0,0.0,35.0,0.0
62000.0,12000.0,0.0,28.0,0.0
62000.0,12000.0,0.0,30.0,0.0
84000.0,7600.0,0.0,31.0,0.0
84000.0,10400.0,0.0,31.0,0.0
66300.0,22000.0,0.0,33.0,1.0
84000.0,9250.0,0.0,34.0,0.0
84000.0,8400.0,0.0,28.0,0.0
62000.0,12000.0,0.0,34.0,0.0
84000.0,14000.0,1.0,27.0,0.0
62200.0,12000.0,0.0,29.0,0.0
62400.0,12000.0,0.0,27.0,0.0
84000.0,15000.0,0.0,29.0,0.0
84000.0,20000.0,0.0,29.0,0.0
84000.0,20000.0,1.0,33.0,0.0
62496.0,12000.0,0.0,28.0,0.0
62496.0,12000.0,1.0,35.0,0.0
63000.0,12000.0,0.0,32.0,0.0
63000.0,12000.0,0.0,28.0,0.0
78132.0,25000.0,1.0,29.0,1.0
63600.0,12000.0,0.0,35.0,0.0
84500.0,35000.0,0.0,29.0,0.0
64000.0,12000.0,1.0,27.0,0.0
84500.0,9600.0,0.0,28.0,0.0
38000.0,6600.0,0.0,31.0,0.0
38000.0,4000.0,0.0,27.0,0.0
84780.0,18000.0,0.0,27.0,0.0
38000.0,6000.0,0.0,30.0,0.0
64450.0,12000.0,0.0,31.0,0.0
84906.0,4500.0,0.0,27.0,0.0
84996.0,8000.0,0.0,30.0,0.0
84996.0,2500.0,0.0,31.0,0.0
84996.0,6000.0,1.0,32.0,0.0
84996.0,20000.0,0.0,32.0,0.0
59000.0,12000.0,1.0,29.0,1.0
65000.0,12000.0,0.0,30.0,0.0
65000.0,12000.0,0.0,34.0,0.0
78996.0,15600.0,0.0,31.0,1.0
84996.0,9000.0,0.0,32.0,0.0
84996.0,6000.0,0.0,29.0,0.0
85000.0,7800.0,0.0,30.0,0.0
73000.0,5000.0,0.0,33.0,1.0
67000.0,12000.0,1.0,27.0,0.0
68000.0,12000.0,0.0,31.0,0.0
85000.0,24000.0,0.0,27.0,0.0
85000.0,14000.0,0.0,35.0,0.0
63600.0,12000.0,0.0,29.0,1.0
69805.0,12000.0,0.0,27.0,0.0
85000.0,15000.0,0.0,30.0,0.0
70000.0,12000.0,1.0,28.0,0.0
70000.0,12000.0,0.0,27.0,0.0
85000.0,3800.0,0.0,27.0,0.0
85000.0,24000.0,0.0,28.0,0.0
85000.0,12000.0,0.0,27.0,0.0
85000.0,15000.0,0.0,29.0,0.0
73000.0,18000.0,0.0,27.0,1.0
70000.0,12000.0,1.0,33.0,0.0
70000.0,12000.0,0.0,27.0,0.0
37440.0,5000.0,0.0,32.0,0.0
85000.0,16800.0,0.0,28.0,0.0
71000.0,12000.0,0.0,30.0,0.0
85000.0,7500.0,0.0,29.0,0.0
71000.0,12000.0,1.0,29.0,0.0
72000.0,12000.0,1.0,28.0,0.0
72000.0,12000.0,1.0,28.0,0.0
72000.0,12000.0,0.0,27.0,0.0
85000.0,15000.0,1.0,34.0,0.0
85000.0,35000.0,0.0,28.0,0.0
85000.0,24000.0,0.0,34.0,0.0
85000.0,15000.0,0.0,28.0,0.0
85000.0,21000.0,0.0,35.0,0.0
85000.0,12500.0,0.0,28.0,0.0
72000.0,12000.0,0.0,33.0,0.0
72000.0,12000.0,0.0,32.0,0.0
85000.0,9075.0,0.0,28.0,0.0
62050.0,3600.0,0.0,29.0,1.0
66000.0,12000.0,0.0,34.0,1.0
85000.0,8400.0,0.0,35.0,0.0
85000.0,8000.0,1.0,32.0,0.0
85000.0,6000.0,0.0,30.0,0.0
72500.0,12000.0,0.0,28.0,0.0
85000.0,10000.0,0.0,27.0,0.0
73000.0,7500.0,1.0,34.0,1.0
73200.0,12000.0,0.0,28.0,0.0
73660.0,12000.0,0.0,27.0,0.0
74000.0,12000.0,0.0,27.0,0.0
40000.0,3000.0,0.0,27.0,0.0
85000.0,5000.0,0.0,28.0,0.0
85000.0,18000.0,0.0,30.0,0.0
41000.0,3000.0,0.0,28.0,0.0
35000.0,3000.0,1.0,31.0,1.0
85000.0,12000.0,0.0,35.0,0.0
85000.0,20000.0,0.0,28.0,0.0
42000.0,3000.0,0.0,29.0,0.0
85000.0,4500.0,0.0,31.0,0.0
42000.0,3000.0,0.0,32.0,0.0
85000.0,25000.0,0.0,29.0,0.0
36000.0,3000.0,0.0,27.0,1.0
85000.0,20000.0,0.0,29.0,0.0
85000.0,20000.0,0.0,27.0,0.0
85000.0,5000.0,1.0,33.0,0.0
85000.0,10000.0,0.0,27.0,0.0
37000.0,16750.0,1.0,27.0,0.0
42000.0,3000.0,0.0,28.0,0.0
42000.0,3000.0,0.0,27.0,0.0
42000.0,3000.0,0.0,27.0,0.0
85000.0,7500.0,0.0,27.0,0.0
85000.0,8000.0,0.0,33.0,0.0
85000.0,5500.0,0.0,27.0,0.0
73000.0,16000.0,1.0,31.0,1.0
73000.0,4750.0,1.0,32.0,1.0
85000.0,10000.0,0.0,29.0,0.0
42996.0,3000.0,0.0,28.0,0.0
85000.0,10000.0,0.0,32.0,0.0
85000.0,18000.0,0.0,28.0,0.0
75000.0,12000.0,0.0,28.0,0.0
36928.0,7800.0,1.0,28.0,0.0
73000.0,18000.0,1.0,31.0,1.0
75000.0,12000.0,0.0,27.0,0.0
85000.0,19000.0,0.0,27.0,0.0
75000.0,12000.0,0.0,34.0,0.0
85000.0,7000.0,0.0,28.0,0.0
69000.0,12000.0,0.0,28.0,1.0
85000.0,10400.0,1.0,27.0,0.0
75000.0,12000.0,0.0,33.0,0.0
75000.0,12000.0,0.0,27.0,0.0
85000.0,25000.0,1.0,30.0,0.0
69000.0,12000.0,0.0,35.0,1.0
75000.0,12000.0,0.0,28.0,0.0
85000.0,10400.0,0.0,31.0,0.0
85000.0,20000.0,0.0,35.0,0.0
85000.0,16000.0,0.0,31.0,0.0
85000.0,10000.0,0.0,29.0,0.0
85000.0,8500.0,1.0,34.0,0.0
76000.0,12000.0,0.0,30.0,0.0
78000.0,12000.0,0.0,28.0,0.0
73000.0,21000.0,1.0,29.0,1.0
36400.0,7000.0,0.0,28.0,0.0
80000.0,12000.0,0.0,30.0,0.0
85000.0,7500.0,0.0,32.0,0.0
85100.0,8000.0,0.0,28.0,0.0
80000.0,12000.0,0.0,27.0,0.0
85224.0,6000.0,0.0,31.0,0.0
80000.0,12000.0,0.0,32.0,0.0
80000.0,12000.0,0.0,31.0,0.0
85634.0,14000.0,0.0,30.0,0.0
73680.0,10000.0,1.0,27.0,1.0
85800.0,5000.0,0.0,34.0,0.0
62900.0,12000.0,0.0,27.0,1.0
74000.0,13650.0,0.0,32.0,1.0
86000.0,14000.0,0.0,29.0,0.0
36000.0,10000.0,0.0,30.0,0.0
86000.0,10800.0,0.0,32.0,0.0
86000.0,8400.0,0.0,32.0,0.0
80400.0,12000.0,0.0,31.0,0.0
86000.0,15600.0,0.0,28.0,0.0
86000.0,15000.0,1.0,33.0,0.0
86000.0,4500.0,0.0,27.0,0.0
81193.0,12000.0,0.0,27.0,0.0
86000.0,20000.0,0.0,35.0,0.0
86000.0,2650.0,1.0,28.0,0.0
86000.0,15000.0,0.0,28.0,0.0
83000.0,12000.0,0.0,31.0,0.0
74000.0,25000.0,0.0,27.0,1.0
84000.0,12000.0,0.0,28.0,0.0
86004.0,2000.0,0.0,31.0,0.0
86004.0,3000.0,0.0,28.0,0.0
86004.0,8000.0,0.0,32.0,0.0
86004.0,16000.0,0.0,27.0,0.0
86028.0,25000.0,0.0,29.0,0.0
86100.0,18000.0,0.0,34.0,0.0
86304.0,6000.0,0.0,28.0,0.0
86400.0,8000.0,0.0,32.0,0.0
84000.0,12000.0,1.0,27.0,0.0
84300.0,12000.0,0.0,30.0,0.0
86400.0,8000.0,0.0,29.0,0.0
85000.0,12000.0,0.0,27.0,0.0
86400.0,16000.0,1.0,28.0,0.0
86400.0,5000.0,0.0,28.0,0.0
74400.0,10000.0,1.0,27.0,1.0
85000.0,12000.0,0.0,31.0,0.0
86500.0,25000.0,0.0,31.0,0.0
74700.0,5000.0,0.0,27.0,1.0
86706.0,8500.0,0.0,30.0,0.0
86800.0,2800.0,0.0,32.0,0.0
86875.0,8000.0,0.0,27.0,0.0
75000.0,12000.0,0.0,27.0,1.0
75000.0,3000.0,0.0,28.0,1.0
73000.0,12000.0,1.0,30.0,1.0
87000.0,15000.0,0.0,29.0,0.0
86000.0,12000.0,0.0,27.0,0.0
86496.0,12000.0,0.0,32.0,0.0
87000.0,9000.0,1.0,33.0,0.0
36000.0,2350.0,1.0,28.0,0.0
36000.0,4000.0,0.0,30.0,0.0
87000.0,5000.0,1.0,33.0,0.0
88000.0,12000.0,0.0,29.0,0.0
36000.0,5000.0,0.0,31.0,0.0
88365.0,12000.0,0.0,28.0,0.0
87000.0,15000.0,1.0,31.0,0.0
87000.0,21125.0,0.0,27.0,0.0
87000.0,24800.0,0.0,32.0,0.0
87000.0,4800.0,0.0,29.0,0.0
36000.0,5000.0,0.0,32.0,0.0
87000.0,7200.0,0.0,27.0,0.0
89000.0,12000.0,0.0,29.0,0.0
89000.0,12000.0,0.0,32.0,0.0
90000.0,12000.0,0.0,28.0,0.0
75000.0,14000.0,0.0,30.0,1.0
90000.0,12000.0,0.0,33.0,0.0
87120.0,2850.0,0.0,33.0,0.0
87204.0,10000.0,0.0,29.0,0.0
87360.0,12000.0,0.0,34.0,0.0
90000.0,12000.0,0.0,29.0,0.0
87504.0,12650.0,0.0,31.0,0.0
87504.0,12000.0,1.0,28.0,0.0
87600.0,12000.0,0.0,28.0,0.0
87600.0,15000.0,0.0,34.0,0.0
87600.0,12000.0,0.0,29.0,0.0
90000.0,12000.0,0.0,35.0,0.0
90000.0,12000.0,0.0,32.0,0.0
87895.0,2800.0,0.0,33.0,0.0
87950.0,24000.0,0.0,28.0,0.0
87988.0,20000.0,1.0,27.0,0.0
88000.0,14000.0,0.0,31.0,0.0
76000.0,12000.0,0.0,31.0,1.0
88000.0,14000.0,0.0,27.0,0.0
88000.0,9800.0,0.0,35.0,0.0
90000.0,12000.0,0.0,30.0,0.0
90444.0,12000.0,0.0,29.0,0.0
91200.0,12000.0,0.0,34.0,0.0
88000.0,14400.0,0.0,27.0,0.0
64600.0,8000.0,1.0,30.0,1.0
93000.0,12000.0,0.0,27.0,0.0
93000.0,12000.0,0.0,35.0,0.0
94140.0,12000.0,1.0,31.0,0.0
88000.0,15000.0,1.0,29.0,0.0
88000.0,3500.0,1.0,27.0,0.0
76000.0,5000.0,0.0,28.0,1.0
95004.0,12000.0,0.0,31.0,0.0
95500.0,12000.0,0.0,27.0,0.0
76000.0,5000.0,1.0,31.0,1.0
88000.0,7000.0,0.0,31.0,0.0
96000.0,12000.0,0.0,30.0,0.0
88055.0,21600.0,0.0,29.0,0.0
99000.0,12000.0,1.0,31.0,0.0
99996.0,12000.0,1.0,28.0,0.0
88500.0,2700.0,0.0,32.0,0.0
88560.0,9000.0,0.0,31.0,0.0
100000.0,12000.0,0.0,35.0,0.0
88800.0,7000.0,0.0,30.0,0.0
89000.0,14000.0,0.0,31.0,0.0
89000.0,4000.0,0.0,30.0,0.0
89000.0,10000.0,0.0,27.0,0.0
100000.0,12000.0,0.0,30.0,0.0
89000.0,10800.0,0.0,30.0,0.0
65450.0,15000.0,0.0,28.0,1.0
76500.0,12000.0,0.0,30.0,1.0
89000.0,3000.0,0.0,27.0,0.0
77000.0,23000.0,0.0,32.0,1.0
89000.0,10000.0,0.0,34.0,0.0
77000.0,15000.0,0.0,34.0,1.0
77000.0,15000.0,1.0,27.0,1.0
89000.0,2800.0,1.0,27.0,0.0
110000.0,12000.0,0.0,33.0,0.0
89000.0,12250.0,0.0,31.0,0.0
89004.0,10000.0,0.0,27.0,0.0
110000.0,12000.0,0.0,30.0,0.0
89004.0,4800.0,1.0,29.0,0.0
111996.0,12000.0,0.0,30.0,0.0
36000.0,4900.0,0.0,32.0,0.0
77400.0,10000.0,0.0,32.0,1.0
89520.0,8000.0,0.0,29.0,0.0
89602.0,4800.0,0.0,28.0,0.0
120000.0,12000.0,0.0,32.0,0.0
89849.0,6000.0,1.0,29.0,0.0
120000.0,12000.0,0.0,35.0,0.0
120000.0,12000.0,0.0,34.0,0.0
90000.0,10000.0,0.0,29.0,0.0
123000.0,12000.0,0.0,33.0,0.0
113000.0,12000.0,0.0,32.0,1.0
96053.0,12000.0,0.0,33.0,1.0
90000.0,20000.0,0.0,27.0,0.0
90000.0,1800.0,0.0,28.0,0.0
117000.0,12000.0,1.0,32.0,1.0
90000.0,6000.0,0.0,31.0,0.0
117005.0,12000.0,1.0,30.0,1.0
90000.0,14000.0,0.0,29.0,0.0
130000.0,12000.0,0.0,31.0,0.0
90000.0,15000.0,0.0,31.0,0.0
130000.0,12000.0,1.0,27.0,0.0
100300.0,12000.0,1.0,31.0,1.0
130000.0,12000.0,0.0,35.0,0.0
90000.0,24400.0,0.0,27.0,0.0
140000.0,12000.0,0.0,28.0,0.0
90000.0,7000.0,0.0,30.0,0.0
140000.0,12000.0,0.0,28.0,0.0
90000.0,7500.0,0.0,27.0,0.0
90000.0,11400.0,0.0,33.0,0.0
78000.0,35000.0,1.0,27.0,1.0
150000.0,12000.0,0.0,34.0,0.0
150000.0,12000.0,0.0,30.0,0.0
150000.0,12000.0,0.0,31.0,0.0
150086.0,12000.0,0.0,28.0,0.0
90000.0,6000.0,0.0,29.0,0.0
90000.0,15600.0,0.0,32.0,0.0
170000.0,12000.0,0.0,28.0,0.0
187000.0,12000.0,0.0,34.0,0.0
223000.0,12000.0,0.0,27.0,1.0
703800.0,12000.0,1.0,32.0,1.0
90000.0,21400.0,1.0,32.0,0.0
170000.0,12075.0,0.0,27.0,0.0
54000.0,12100.0,0.0,27.0,0.0
90000.0,21000.0,0.0,29.0,0.0
90000.0,5000.0,1.0,28.0,0.0
36000.0,12200.0,0.0,33.0,1.0
90000.0,21000.0,0.0,27.0,0.0
90000.0,18000.0,0.0,30.0,0.0
27996.0,12250.0,0.0,27.0,1.0
28800.0,12250.0,0.0,28.0,1.0
90000.0,15000.0,0.0,29.0,0.0
90000.0,4800.0,0.0,35.0,0.0
31500.0,12250.0,0.0,30.0,1.0
35196.0,12250.0,0.0,27.0,1.0
90000.0,4500.0,0.0,30.0,0.0
90000.0,15000.0,0.0,34.0,0.0
90000.0,7500.0,1.0,34.0,0.0
42000.0,12250.0,0.0,28.0,1.0
90000.0,9900.0,0.0,34.0,0.0
52000.0,12250.0,0.0,27.0,0.0
90000.0,15000.0,0.0,27.0,0.0
78000.0,10000.0,1.0,28.0,1.0
90000.0,21000.0,0.0,28.0,0.0
90000.0,12000.0,0.0,29.0,0.0
90000.0,12000.0,0.0,27.0,0.0
90000.0,15000.0,0.0,29.0,0.0
70000.0,12300.0,0.0,29.0,0.0
36000.0,12325.0,0.0,33.0,1.0
90000.0,7000.0,0.0,34.0,0.0
90000.0,14400.0,0.0,31.0,0.0
75000.0,12325.0,0.0,30.0,0.0
108000.0,12350.0,1.0,34.0,1.0
90000.0,8000.0,0.0,27.0,0.0
90000.0,18000.0,0.0,31.0,0.0
90000.0,20000.0,1.0,28.0,0.0
90000.0,10000.0,0.0,30.0,0.0
65000.0,12400.0,1.0,32.0,0.0
90000.0,12000.0,0.0,31.0,0.0
35000.0,12500.0,1.0,27.0,1.0
90000.0,12000.0,0.0,33.0,0.0
90000.0,6000.0,0.0,33.0,0.0
36500.0,12500.0,0.0,27.0,1.0
90000.0,14500.0,0.0,35.0,0.0
90000.0,3000.0,0.0,32.0,0.0
90000.0,16500.0,0.0,31.0,0.0
90000.0,9000.0,1.0,30.0,0.0
90000.0,5325.0,0.0,28.0,0.0
90000.0,12000.0,0.0,31.0,0.0
90000.0,15000.0,0.0,28.0,0.0
90000.0,25000.0,0.0,28.0,0.0
90000.0,10000.0,0.0,27.0,0.0
90000.0,5000.0,0.0,34.0,0.0
36000.0,2800.0,0.0,31.0,1.0
39600.0,2800.0,1.0,28.0,1.0
90000.0,10000.0,0.0,27.0,0.0
90000.0,13600.0,1.0,28.0,0.0
46080.0,2800.0,0.0,31.0,0.0
90000.0,25000.0,0.0,32.0,0.0
47000.0,2800.0,0.0,28.0,0.0
90000.0,5000.0,0.0,30.0,0.0
90000.0,24250.0,0.0,34.0,0.0
48000.0,2800.0,0.0,27.0,0.0
90000.0,5500.0,0.0,27.0,0.0
49548.0,2800.0,1.0,33.0,0.0
78000.0,24000.0,0.0,28.0,1.0
66300.0,20000.0,0.0,27.0,1.0
90000.0,21000.0,0.0,28.0,0.0
90000.0,12000.0,0.0,31.0,0.0
35000.0,4200.0,1.0,29.0,0.0
50000.0,2800.0,0.0,34.0,0.0
90000.0,12000.0,0.0,27.0,0.0
35000.0,6000.0,0.0,27.0,0.0
58800.0,2800.0,0.0,27.0,1.0
35000.0,2000.0,0.0,34.0,0.0
67000.0,2800.0,0.0,27.0,0.0
90000.0,17600.0,1.0,28.0,0.0
90000.0,8000.0,0.0,33.0,0.0
90000.0,5000.0,1.0,30.0,0.0
90000.0,4200.0,0.0,33.0,0.0
90000.0,8400.0,0.0,28.0,0.0
90000.0,12000.0,0.0,28.0,0.0
90000.0,10000.0,0.0,27.0,0.0
78000.0,24000.0,0.0,28.0,1.0
16800.0,2750.0,1.0,29.0,1.0
90000.0,20500.0,1.0,27.0,0.0
37000.0,2750.0,0.0,30.0,0.0
57120.0,2750.0,0.0,30.0,0.0
78000.0,20000.0,1.0,31.0,1.0
90000.0,20000.0,0.0,27.0,0.0
27000.0,2725.0,0.0,29.0,0.0
44000.0,2725.0,0.0,33.0,1.0
52000.0,2725.0,0.0,29.0,0.0
90000.0,10000.0,0.0,29.0,0.0
15000.0,2700.0,0.0,30.0,1.0
90000.0,25000.0,0.0,32.0,0.0
90000.0,13000.0,0.0,30.0,0.0
90000.0,10000.0,0.0,31.0,0.0
90000.0,20000.0,0.0,35.0,0.0
66300.0,12000.0,0.0,28.0,1.0
78000.0,12000.0,1.0,28.0,1.0
18000.0,2700.0,1.0,33.0,0.0
90000.0,4000.0,0.0,28.0,0.0
78000.0,18000.0,0.0,29.0,1.0
90000.0,7500.0,0.0,30.0,0.0
90000.0,20000.0,1.0,30.0,0.0
90000.0,10000.0,0.0,30.0,0.0
90000.0,12000.0,0.0,28.0,0.0
90000.0,22000.0,0.0,33.0,0.0
35004.0,2700.0,0.0,31.0,0.0
40560.0,2700.0,0.0,29.0,0.0
90080.0,5500.0,0.0,28.0,0.0
78111.0,25000.0,0.0,30.0,1.0
90301.0,15000.0,1.0,32.0,0.0
78305.0,10000.0,1.0,31.0,1.0
90400.0,9500.0,0.0,31.0,0.0
45000.0,2700.0,0.0,27.0,0.0
90522.0,12000.0,0.0,28.0,0.0
90636.0,17000.0,1.0,34.0,0.0
90700.0,20000.0,0.0,28.0,0.0
90722.0,18000.0,0.0,28.0,0.0
90722.0,10000.0,0.0,30.0,0.0
91000.0,18500.0,0.0,30.0,0.0
91000.0,33950.0,0.0,30.0,0.0
91000.0,13600.0,0.0,30.0,0.0
91000.0,11525.0,0.0,27.0,0.0
91000.0,7000.0,0.0,28.0,0.0
91000.0,5600.0,0.0,35.0,0.0
91000.0,3000.0,0.0,27.0,0.0
10000.0,2650.0,0.0,31.0,1.0
91000.0,4000.0,0.0,35.0,0.0
91000.0,21000.0,1.0,28.0,0.0
48000.0,2650.0,0.0,28.0,0.0
91000.0,14700.0,0.0,27.0,0.0
91000.0,15000.0,0.0,28.0,0.0
91000.0,10000.0,0.0,35.0,0.0
67150.0,13000.0,1.0,32.0,1.0
91080.0,15600.0,0.0,29.0,0.0
28000.0,2600.0,0.0,31.0,0.0
91200.0,2000.0,0.0,29.0,0.0
79200.0,9000.0,0.0,30.0,1.0
30996.0,2600.0,0.0,27.0,1.0
79200.0,25000.0,0.0,33.0,1.0
32000.0,2600.0,0.0,28.0,0.0
91224.0,15000.0,0.0,27.0,0.0
37000.0,2600.0,0.0,30.0,0.0
91384.0,1600.0,0.0,33.0,0.0
34000.0,2600.0,0.0,28.0,1.0
35000.0,3000.0,0.0,34.0,0.0
40792.0,2600.0,0.0,35.0,0.0
91560.0,22000.0,0.0,29.0,0.0
91644.0,5000.0,1.0,30.0,0.0
38420.0,2575.0,1.0,35.0,1.0
92000.0,25000.0,0.0,29.0,0.0
25200.0,2550.0,0.0,27.0,0.0
92000.0,14000.0,0.0,29.0,0.0
35000.0,10000.0,1.0,29.0,0.0
66000.0,2550.0,0.0,31.0,0.0
27000.0,2525.0,0.0,34.0,0.0
40500.0,12500.0,0.0,31.0,1.0
92000.0,12000.0,0.0,35.0,0.0
92000.0,24000.0,0.0,29.0,0.0
92000.0,12000.0,0.0,29.0,0.0
42096.0,12500.0,0.0,31.0,0.0
92000.0,14400.0,0.0,35.0,0.0
92000.0,3500.0,0.0,31.0,0.0
14400.0,2500.0,0.0,34.0,1.0
92000.0,16000.0,0.0,34.0,0.0
92000.0,20000.0,0.0,33.0,0.0
92000.0,12000.0,0.0,33.0,0.0
92000.0,25000.0,1.0,28.0,0.0
14400.0,2500.0,0.0,27.0,1.0
92000.0,6000.0,0.0,31.0,0.0
92000.0,6000.0,0.0,28.0,0.0
92000.0,10000.0,0.0,34.0,0.0
68000.0,24500.0,1.0,28.0,1.0
92000.0,18000.0,0.0,27.0,0.0
92000.0,10000.0,0.0,29.0,0.0
92000.0,9000.0,0.0,34.0,0.0
18000.0,2500.0,0.0,27.0,1.0
92004.0,10000.0,0.0,29.0,0.0
19968.0,2500.0,0.0,31.0,1.0
92004.0,7000.0,0.0,28.0,0.0
20000.0,2500.0,1.0,31.0,0.0
68255.0,17500.0,1.0,27.0,1.0
34800.0,10000.0,0.0,28.0,0.0
48000.0,12500.0,0.0,28.0,0.0
92508.0,13000.0,0.0,27.0,0.0
34800.0,9500.0,0.0,27.0,0.0
92700.0,24000.0,0.0,29.0,0.0
92800.0,12500.0,0.0,28.0,0.0
58000.0,12500.0,0.0,28.0,0.0
93000.0,7000.0,0.0,27.0,0.0
93000.0,18000.0,0.0,30.0,0.0
93000.0,20000.0,0.0,30.0,0.0
34500.0,20000.0,0.0,29.0,0.0
34500.0,10000.0,0.0,33.0,0.0
93000.0,10000.0,0.0,32.0,0.0
93000.0,3000.0,0.0,31.0,0.0
93000.0,15000.0,0.0,32.0,0.0
93000.0,21000.0,0.0,32.0,0.0
93000.0,13000.0,0.0,33.0,0.0
93000.0,20000.0,0.0,29.0,0.0
70004.0,12500.0,0.0,29.0,0.0
93000.0,16000.0,1.0,27.0,0.0
93000.0,22500.0,0.0,30.0,0.0
80000.0,12500.0,0.0,29.0,0.0
101877.0,12500.0,0.0,27.0,0.0
93132.0,2500.0,0.0,30.0,0.0
130000.0,12500.0,0.0,32.0,0.0
150000.0,12500.0,1.0,28.0,0.0
93600.0,16000.0,0.0,27.0,0.0
54000.0,12700.0,0.0,28.0,1.0
94000.0,10000.0,0.0,30.0,0.0
94000.0,30000.0,0.0,29.0,0.0
94000.0,4800.0,0.0,29.0,0.0
94000.0,10000.0,0.0,35.0,0.0
35000.0,12800.0,0.0,27.0,1.0
30000.0,12800.0,1.0,30.0,1.0
94000.0,3000.0,0.0,31.0,0.0
38000.0,12800.0,0.0,30.0,1.0
94000.0,15000.0,0.0,34.0,0.0
94000.0,15000.0,0.0,35.0,0.0
94000.0,10000.0,0.0,29.0,0.0
44640.0,12800.0,0.0,27.0,0.0
46000.0,12800.0,1.0,35.0,0.0
94104.0,14400.0,1.0,30.0,0.0
94500.0,12000.0,0.0,35.0,0.0
70125.0,25000.0,1.0,30.0,1.0
94500.0,10000.0,0.0,27.0,0.0
94700.0,8000.0,0.0,27.0,0.0
62000.0,12800.0,0.0,31.0,0.0
62000.0,12800.0,1.0,28.0,0.0
94896.0,3500.0,0.0,33.0,0.0
65000.0,12800.0,0.0,30.0,0.0
65000.0,12800.0,0.0,29.0,0.0
70000.0,12800.0,0.0,28.0,0.0
69000.0,12800.0,0.0,34.0,1.0
75000.0,12800.0,1.0,32.0,0.0
80000.0,12800.0,1.0,27.0,0.0
85000.0,12800.0,0.0,32.0,0.0
104000.0,12800.0,0.0,27.0,0.0
95000.0,15000.0,0.0,28.0,0.0
95000.0,3500.0,0.0,28.0,0.0
95000.0,35000.0,0.0,29.0,0.0
95000.0,4800.0,0.0,28.0,0.0
95000.0,20000.0,0.0,32.0,0.0
95000.0,23450.0,0.0,28.0,0.0
95000.0,18000.0,0.0,31.0,0.0
95000.0,4800.0,0.0,32.0,0.0
95000.0,13200.0,1.0,31.0,0.0
96000.0,12900.0,0.0,30.0,0.0
95000.0,21000.0,0.0,30.0,0.0
50000.0,13000.0,0.0,35.0,0.0
95000.0,6000.0,1.0,30.0,0.0
95000.0,25000.0,0.0,27.0,0.0
44500.0,13000.0,0.0,30.0,1.0
46000.0,13000.0,0.0,31.0,1.0
95000.0,4000.0,0.0,30.0,0.0
95000.0,5600.0,0.0,30.0,0.0
52809.0,13000.0,0.0,34.0,0.0
95000.0,5000.0,0.0,30.0,0.0
55000.0,13000.0,0.0,28.0,0.0
55000.0,13000.0,0.0,27.0,0.0
95000.0,3600.0,0.0,33.0,0.0
95000.0,15000.0,0.0,27.0,0.0
33600.0,8000.0,0.0,32.0,0.0
95000.0,11000.0,1.0,28.0,0.0
95000.0,35000.0,0.0,28.0,0.0
95000.0,8500.0,0.0,32.0,0.0
95000.0,11200.0,0.0,33.0,0.0
57996.0,13000.0,1.0,27.0,0.0
58000.0,13000.0,0.0,27.0,0.0
70550.0,18000.0,1.0,31.0,1.0
33600.0,21250.0,0.0,27.0,0.0
95000.0,12000.0,0.0,33.0,0.0
59000.0,13000.0,0.0,29.0,0.0
54000.0,13000.0,0.0,28.0,1.0
95000.0,18000.0,0.0,32.0,0.0
95000.0,8000.0,0.0,33.0,0.0
61211.0,13000.0,0.0,35.0,0.0
95000.0,2400.0,0.0,29.0,0.0
95000.0,9000.0,0.0,32.0,0.0
62496.0,13000.0,0.0,28.0,0.0
64000.0,13000.0,0.0,32.0,0.0
64000.0,13000.0,0.0,27.0,0.0
95000.0,25000.0,0.0,28.0,0.0
95000.0,20000.0,0.0,29.0,0.0
95000.0,25000.0,0.0,30.0,0.0
95000.0,15000.0,0.0,35.0,0.0
95000.0,5000.0,0.0,28.0,0.0
95000.0,4000.0,0.0,30.0,0.0
95000.0,5000.0,0.0,28.0,0.0
95000.0,8000.0,0.0,32.0,0.0
95000.0,5000.0,0.0,32.0,0.0
95000.0,12000.0,0.0,28.0,0.0
95000.0,18000.0,0.0,28.0,0.0
95000.0,4500.0,0.0,28.0,0.0
65004.0,13000.0,0.0,32.0,0.0
95000.0,9000.0,0.0,32.0,0.0
61000.0,13000.0,0.0,27.0,1.0
95000.0,18000.0,0.0,27.0,0.0
67000.0,13000.0,0.0,31.0,0.0
95000.0,10000.0,0.0,30.0,0.0
95000.0,15000.0,0.0,31.0,0.0
70000.0,13000.0,0.0,28.0,0.0
95000.0,12000.0,0.0,30.0,0.0
66996.0,13000.0,1.0,34.0,1.0
76000.0,13000.0,0.0,29.0,0.0
78000.0,13000.0,1.0,32.0,0.0
95000.0,25000.0,0.0,31.0,0.0
95000.0,24000.0,1.0,33.0,0.0
84000.0,13000.0,1.0,29.0,0.0
95004.0,15000.0,0.0,27.0,0.0
95004.0,25000.0,1.0,31.0,0.0
90000.0,13000.0,0.0,35.0,0.0
95142.0,12000.0,1.0,35.0,0.0
95200.0,15000.0,0.0,32.0,0.0
83234.0,10000.0,1.0,35.0,1.0
92250.0,13000.0,0.0,29.0,0.0
95500.0,20000.0,1.0,27.0,0.0
95680.0,17000.0,0.0,28.0,0.0
95827.0,16000.0,0.0,28.0,0.0
96000.0,18000.0,0.0,30.0,0.0
96000.0,7000.0,0.0,32.0,0.0
84000.0,15200.0,1.0,35.0,1.0
96000.0,11250.0,0.0,28.0,0.0
96000.0,12500.0,1.0,27.0,0.0
144000.0,13000.0,0.0,31.0,1.0
33736.0,13600.0,1.0,30.0,1.0
96000.0,7000.0,0.0,30.0,0.0
96000.0,6000.0,0.0,28.0,0.0
84000.0,3000.0,1.0,28.0,1.0
96000.0,9600.0,0.0,31.0,0.0
96000.0,2500.0,1.0,27.0,0.0
96000.0,6000.0,0.0,30.0,0.0
80000.0,13600.0,0.0,30.0,0.0
96000.0,12000.0,0.0,34.0,0.0
33000.0,2000.0,1.0,35.0,0.0
96000.0,14000.0,0.0,35.0,0.0
96000.0,9000.0,0.0,33.0,0.0
33000.0,5000.0,0.0,31.0,0.0
96000.0,10000.0,0.0,31.0,0.0
96000.0,8000.0,0.0,30.0,0.0
88000.0,13600.0,0.0,35.0,0.0
71400.0,8000.0,0.0,29.0,1.0
96000.0,4000.0,0.0,31.0,0.0
44000.0,13650.0,0.0,27.0,1.0
96000.0,11200.0,0.0,29.0,0.0
96000.0,3000.0,0.0,28.0,0.0
33000.0,7500.0,1.0,28.0,0.0
96000.0,10000.0,0.0,28.0,0.0
96000.0,8000.0,0.0,33.0,0.0
57936.0,13650.0,0.0,28.0,1.0
96000.0,8000.0,1.0,31.0,0.0
96000.0,12000.0,0.0,30.0,0.0
96000.0,3000.0,0.0,33.0,0.0
30000.0,13750.0,1.0,32.0,1.0
42000.0,13750.0,0.0,29.0,1.0
96000.0,5600.0,0.0,27.0,0.0
80000.0,13750.0,0.0,31.0,0.0
33036.0,13800.0,1.0,33.0,1.0
55000.0,13800.0,0.0,28.0,0.0
96000.0,4500.0,0.0,29.0,0.0
51600.0,13800.0,1.0,27.0,1.0
96000.0,6000.0,0.0,30.0,0.0
96000.0,22500.0,0.0,31.0,0.0
32500.0,5000.0,0.0,27.0,0.0
96000.0,17000.0,0.0,30.0,0.0
96000.0,12000.0,1.0,31.0,0.0
96000.0,12000.0,0.0,29.0,0.0
84000.0,8000.0,0.0,29.0,1.0
23000.0,14000.0,0.0,30.0,1.0
41400.0,14000.0,0.0,28.0,1.0
96000.0,15000.0,0.0,28.0,0.0
42000.0,14000.0,0.0,27.0,1.0
42000.0,14000.0,1.0,33.0,1.0
84000.0,20000.0,1.0,27.0,1.0
84000.0,25000.0,1.0,31.0,1.0
42900.0,14000.0,0.0,28.0,1.0
84000.0,20000.0,1.0,35.0,1.0
96300.0,18000.0,0.0,30.0,0.0
96339.0,15000.0,0.0,29.0,0.0
37000.0,14000.0,0.0,28.0,1.0
43738.0,14000.0,0.0,29.0,1.0
45000.0,14000.0,0.0,29.0,1.0
39000.0,14000.0,0.0,28.0,1.0
45000.0,14000.0,0.0,31.0,1.0
96636.0,30000.0,0.0,28.0,0.0
96713.0,7000.0,0.0,31.0,0.0
96996.0,1500.0,0.0,27.0,0.0
45000.0,14000.0,0.0,31.0,1.0
97000.0,5000.0,1.0,30.0,0.0
45000.0,14000.0,0.0,27.0,1.0
97000.0,10000.0,0.0,29.0,0.0
97000.0,6000.0,0.0,28.0,0.0
97000.0,12000.0,0.0,28.0,0.0
97000.0,12000.0,0.0,31.0,0.0
97000.0,12000.0,0.0,27.0,0.0
97000.0,3600.0,0.0,27.0,0.0
97000.0,20000.0,0.0,33.0,0.0
72250.0,10000.0,1.0,27.0,1.0
46900.0,14000.0,1.0,35.0,0.0
97000.0,10000.0,1.0,29.0,0.0
97000.0,16000.0,0.0,35.0,0.0
48880.0,14000.0,0.0,29.0,0.0
97000.0,25000.0,1.0,30.0,0.0
48996.0,14000.0,0.0,31.0,0.0
97000.0,12000.0,0.0,29.0,0.0
97000.0,14600.0,0.0,29.0,0.0
97000.0,25000.0,0.0,33.0,0.0
97000.0,5500.0,0.0,32.0,0.0
72250.0,25000.0,1.0,31.0,1.0
50000.0,14000.0,0.0,28.0,0.0
97192.0,6500.0,0.0,30.0,0.0
32000.0,12375.0,0.0,31.0,0.0
50000.0,14000.0,0.0,27.0,0.0
97200.0,20000.0,0.0,33.0,0.0
97296.0,6500.0,0.0,28.0,0.0
44000.0,14000.0,0.0,28.0,1.0
50000.0,14000.0,0.0,33.0,0.0
44000.0,14000.0,1.0,34.0,1.0
50000.0,14000.0,1.0,28.0,0.0
97500.0,8000.0,0.0,35.0,0.0
97500.0,6000.0,0.0,31.0,0.0
98000.0,5000.0,1.0,31.0,0.0
98000.0,16000.0,0.0,34.0,0.0
98000.0,1825.0,0.0,29.0,0.0
98000.0,5100.0,0.0,31.0,0.0
98000.0,16000.0,0.0,34.0,0.0
47400.0,14000.0,0.0,35.0,1.0
86000.0,15000.0,1.0,32.0,1.0
86000.0,20000.0,0.0,27.0,1.0
86000.0,23000.0,0.0,27.0,1.0
98000.0,12000.0,0.0,30.0,0.0
98000.0,17000.0,0.0,27.0,0.0
86000.0,3600.0,0.0,33.0,1.0
98000.0,15000.0,0.0,27.0,0.0
98000.0,14000.0,0.0,29.0,0.0
98000.0,5000.0,0.0,30.0,0.0
48000.0,14000.0,0.0,27.0,1.0
98000.0,25000.0,0.0,33.0,0.0
98000.0,1000.0,0.0,28.0,0.0
32000.0,2100.0,0.0,29.0,0.0
98000.0,3500.0,0.0,30.0,0.0
55000.0,14000.0,0.0,29.0,0.0
55000.0,14000.0,0.0,29.0,0.0
98004.0,4000.0,0.0,33.0,0.0
98056.0,6000.0,0.0,32.0,0.0
98080.0,20000.0,0.0,29.0,0.0
86260.0,18000.0,1.0,27.0,1.0
98300.0,5000.0,0.0,32.0,0.0
98300.0,15000.0,0.0,35.0,0.0
98320.0,10425.0,0.0,35.0,0.0
98400.0,1500.0,0.0,28.0,0.0
98400.0,20000.0,1.0,28.0,0.0
98406.0,5400.0,0.0,32.0,0.0
56000.0,14000.0,0.0,27.0,0.0
98480.0,2500.0,0.0,34.0,0.0
98736.0,9000.0,0.0,29.0,0.0
57600.0,14000.0,0.0,27.0,0.0
99000.0,4500.0,0.0,29.0,0.0
58000.0,14000.0,0.0,29.0,0.0
99000.0,3000.0,0.0,35.0,0.0
59004.0,14000.0,0.0,30.0,0.0
99000.0,5000.0,0.0,27.0,0.0
99000.0,24000.0,0.0,33.0,0.0
99000.0,9000.0,0.0,27.0,0.0
99000.0,6000.0,0.0,29.0,0.0
99000.0,18000.0,0.0,28.0,0.0
60000.0,14000.0,0.0,29.0,0.0
99300.0,7500.0,0.0,33.0,0.0
99400.0,6000.0,0.0,29.0,0.0
99518.0,6500.0,0.0,28.0,0.0
99600.0,5000.0,0.0,32.0,0.0
99780.0,6000.0,0.0,29.0,0.0
99800.0,8000.0,0.0,35.0,0.0
99996.0,10000.0,0.0,28.0,0.0
74797.0,4800.0,1.0,30.0,1.0
99996.0,6000.0,0.0,33.0,0.0
74797.0,10000.0,1.0,31.0,1.0
99996.0,7000.0,0.0,32.0,0.0
99996.0,9800.0,0.0,34.0,0.0
74797.0,15000.0,1.0,29.0,1.0
62400.0,14000.0,0.0,28.0,0.0
99996.0,3000.0,0.0,27.0,0.0
56500.0,14000.0,0.0,27.0,1.0
63000.0,14000.0,0.0,32.0,0.0
88000.0,5000.0,0.0,27.0,1.0
100000.0,5000.0,0.0,29.0,0.0
100000.0,10000.0,1.0,30.0,0.0
100000.0,2000.0,1.0,28.0,0.0
100000.0,30000.0,1.0,30.0,0.0
66000.0,14000.0,1.0,27.0,0.0
66996.0,14000.0,0.0,30.0,0.0
68000.0,14000.0,1.0,29.0,0.0
31200.0,4350.0,0.0,28.0,0.0
69000.0,14000.0,0.0,31.0,0.0
100000.0,7600.0,0.0,27.0,0.0
100000.0,12000.0,0.0,27.0,0.0
100000.0,12000.0,0.0,30.0,0.0
100000.0,5000.0,0.0,31.0,0.0
100000.0,10000.0,0.0,35.0,0.0
100000.0,15000.0,0.0,33.0,0.0
100000.0,7000.0,0.0,28.0,0.0
100000.0,9000.0,0.0,35.0,0.0
73000.0,14000.0,1.0,35.0,0.0
100000.0,6000.0,0.0,35.0,0.0
31200.0,6000.0,0.0,27.0,0.0
100000.0,4000.0,0.0,28.0,0.0
100000.0,6000.0,0.0,31.0,0.0
75000.0,14000.0,0.0,34.0,0.0
100000.0,8000.0,0.0,31.0,0.0
100000.0,18000.0,1.0,28.0,0.0
100000.0,12025.0,0.0,29.0,0.0
100000.0,19000.0,0.0,31.0,0.0
100000.0,12000.0,0.0,31.0,0.0
100000.0,16000.0,1.0,30.0,0.0
100000.0,5000.0,0.0,31.0,0.0
75000.0,14000.0,0.0,27.0,0.0
100000.0,10000.0,0.0,29.0,0.0
76254.0,14000.0,0.0,32.0,0.0
88000.0,17600.0,1.0,32.0,1.0
100000.0,12000.0,0.0,34.0,0.0
100000.0,15000.0,0.0,31.0,0.0
100000.0,10000.0,0.0,29.0,0.0
76500.0,14000.0,0.0,31.0,0.0
100000.0,12000.0,0.0,28.0,0.0
78000.0,14000.0,0.0,31.0,0.0
80000.0,14000.0,1.0,34.0,0.0
100000.0,6000.0,0.0,27.0,0.0
100000.0,15000.0,0.0,33.0,0.0
100000.0,12800.0,0.0,30.0,0.0
80000.0,14000.0,0.0,32.0,0.0
100000.0,1800.0,0.0,35.0,0.0
80000.0,14000.0,0.0,28.0,0.0
100000.0,6400.0,0.0,33.0,0.0
100000.0,8000.0,0.0,30.0,0.0
100000.0,4500.0,0.0,32.0,0.0
100000.0,9500.0,0.0,32.0,0.0
31000.0,12000.0,1.0,27.0,0.0
100000.0,16000.0,0.0,27.0,0.0
100000.0,10000.0,0.0,29.0,0.0
100000.0,9950.0,0.0,31.0,0.0
84000.0,14000.0,0.0,30.0,0.0
31000.0,1000.0,0.0,28.0,0.0
31000.0,12500.0,0.0,31.0,0.0
100000.0,20000.0,1.0,28.0,0.0
85000.0,14000.0,1.0,28.0,0.0
85000.0,14000.0,0.0,29.0,0.0
100000.0,9000.0,1.0,27.0,0.0
85332.0,14000.0,0.0,30.0,0.0
31000.0,2500.0,0.0,33.0,0.0
100000.0,16000.0,0.0,27.0,0.0
31000.0,4275.0,0.0,35.0,0.0
100000.0,6575.0,0.0,27.0,0.0
100000.0,13000.0,0.0,31.0,0.0
100000.0,4800.0,0.0,29.0,0.0
93000.0,14000.0,0.0,35.0,0.0
100000.0,10000.0,0.0,30.0,0.0
100000.0,20000.0,0.0,29.0,0.0
100000.0,20000.0,0.0,27.0,0.0
100000.0,15000.0,0.0,34.0,0.0
100000.0,10000.0,0.0,28.0,0.0
100000.0,12000.0,0.0,29.0,0.0
100000.0,8000.0,1.0,28.0,0.0
100000.0,11000.0,1.0,28.0,0.0
100000.0,13000.0,0.0,30.0,0.0
100000.0,14000.0,0.0,27.0,0.0
103560.0,14000.0,0.0,33.0,0.0
105000.0,14000.0,0.0,30.0,0.0
100000.0,25000.0,1.0,29.0,0.0
100000.0,20500.0,0.0,27.0,0.0
100000.0,8000.0,0.0,33.0,0.0
100000.0,13000.0,0.0,29.0,0.0
100000.0,6000.0,0.0,32.0,0.0
88000.0,20000.0,1.0,33.0,1.0
100000.0,11000.0,0.0,31.0,0.0
88000.0,16000.0,0.0,29.0,1.0
110400.0,14000.0,0.0,30.0,1.0
125000.0,14000.0,0.0,29.0,0.0
100000.0,24000.0,0.0,33.0,0.0
100000.0,12000.0,0.0,28.0,0.0
100000.0,7000.0,0.0,29.0,0.0
100000.0,1000.0,0.0,30.0,0.0
100000.0,20000.0,1.0,31.0,0.0
100000.0,13000.0,0.0,28.0,0.0
100000.0,18000.0,1.0,28.0,0.0
138000.0,14000.0,0.0,35.0,1.0
100000.0,25000.0,0.0,33.0,0.0
100000.0,15000.0,0.0,30.0,0.0
100000.0,15800.0,0.0,29.0,0.0
100000.0,24000.0,0.0,28.0,0.0
100000.0,20000.0,1.0,29.0,0.0
100000.0,10000.0,0.0,35.0,0.0
100000.0,5300.0,0.0,28.0,0.0
48000.0,14100.0,0.0,32.0,0.0
100000.0,20000.0,0.0,28.0,0.0
83203.0,14100.0,0.0,30.0,0.0
30000.0,14125.0,1.0,35.0,1.0
100000.0,20000.0,1.0,29.0,0.0
30000.0,14125.0,0.0,28.0,1.0
31897.0,14125.0,0.0,27.0,1.0
100000.0,10000.0,1.0,28.0,0.0
100000.0,15000.0,0.0,31.0,0.0
88000.0,10000.0,1.0,35.0,1.0
34800.0,14125.0,0.0,33.0,1.0
36500.0,14125.0,0.0,30.0,1.0
100000.0,2000.0,0.0,27.0,0.0
100000.0,13500.0,0.0,28.0,0.0
100000.0,10000.0,1.0,27.0,0.0
39000.0,14125.0,0.0,27.0,1.0
100000.0,7500.0,1.0,30.0,0.0
100000.0,7000.0,0.0,31.0,0.0
100000.0,25000.0,0.0,33.0,0.0
40000.0,14150.0,0.0,29.0,1.0
100000.0,12000.0,0.0,35.0,0.0
30000.0,8875.0,1.0,34.0,0.0
100000.0,15000.0,0.0,29.0,0.0
100000.0,12000.0,0.0,27.0,0.0
100000.0,5000.0,0.0,27.0,0.0
88296.0,15000.0,0.0,33.0,1.0
30000.0,14300.0,0.0,32.0,1.0
30000.0,14300.0,0.0,27.0,1.0
100500.0,15000.0,0.0,27.0,0.0
31800.0,14400.0,0.0,30.0,1.0
100596.0,25000.0,0.0,35.0,0.0
100800.0,22000.0,0.0,30.0,0.0
36000.0,14400.0,0.0,29.0,1.0
100843.0,2800.0,0.0,35.0,0.0
88970.0,20000.0,0.0,27.0,1.0
101000.0,5000.0,0.0,28.0,0.0
101000.0,8000.0,0.0,32.0,0.0
101000.0,3375.0,0.0,32.0,0.0
101000.0,5000.0,0.0,33.0,0.0
101000.0,18000.0,0.0,31.0,0.0
38000.0,14400.0,0.0,31.0,1.0
101000.0,12000.0,0.0,29.0,0.0
43000.0,14400.0,0.0,30.0,1.0
30000.0,17875.0,0.0,32.0,0.0
101000.0,15000.0,0.0,28.0,0.0
101000.0,12000.0,0.0,31.0,0.0
101000.0,6000.0,0.0,28.0,0.0
101004.0,11025.0,0.0,27.0,0.0
30000.0,4000.0,0.0,29.0,0.0
75905.0,18000.0,0.0,27.0,1.0
101400.0,4500.0,0.0,35.0,0.0
101416.0,15000.0,1.0,31.0,0.0
44500.0,14400.0,1.0,29.0,1.0
45000.0,14400.0,0.0,29.0,1.0
90000.0,4800.0,0.0,30.0,1.0
102000.0,15000.0,1.0,30.0,0.0
102000.0,8700.0,1.0,33.0,0.0
102000.0,16000.0,0.0,27.0,0.0
102000.0,10000.0,0.0,28.0,0.0
102000.0,6000.0,0.0,27.0,0.0
58000.0,14400.0,0.0,33.0,0.0
102000.0,12250.0,0.0,30.0,0.0
102000.0,4000.0,0.0,31.0,0.0
102000.0,6000.0,0.0,29.0,0.0
65000.0,14400.0,0.0,28.0,0.0
102000.0,10000.0,0.0,28.0,0.0
68000.0,14400.0,0.0,34.0,0.0
102000.0,7200.0,0.0,27.0,0.0
102000.0,15000.0,0.0,27.0,0.0
102000.0,10000.0,0.0,27.0,0.0
102000.0,18000.0,0.0,29.0,0.0
102058.0,15000.0,1.0,28.0,0.0
102368.0,11000.0,0.0,33.0,0.0
73500.0,14400.0,1.0,28.0,0.0
102400.0,25000.0,0.0,27.0,0.0
102489.0,25000.0,0.0,30.0,0.0
102500.0,8000.0,0.0,27.0,0.0
102500.0,9000.0,0.0,27.0,0.0
102500.0,6000.0,0.0,28.0,0.0
102540.0,1500.0,0.0,30.0,0.0
75000.0,14400.0,0.0,27.0,0.0
103000.0,14000.0,0.0,31.0,0.0
103000.0,24000.0,0.0,33.0,0.0
103000.0,6000.0,0.0,32.0,0.0
103000.0,6400.0,0.0,30.0,0.0
103000.0,5000.0,0.0,28.0,0.0
103000.0,3525.0,0.0,34.0,0.0
103000.0,4500.0,0.0,29.0,0.0
103000.0,8800.0,0.0,27.0,0.0
103000.0,10000.0,0.0,28.0,0.0
79820.0,14400.0,0.0,30.0,0.0
103000.0,16000.0,0.0,34.0,0.0
103200.0,9000.0,0.0,28.0,0.0
85000.0,14400.0,0.0,27.0,0.0
103500.0,24150.0,0.0,30.0,0.0
85000.0,14400.0,0.0,28.0,0.0
103992.0,18000.0,0.0,28.0,0.0
104000.0,10000.0,0.0,27.0,0.0
104000.0,35000.0,0.0,29.0,0.0
104000.0,35000.0,1.0,27.0,0.0
104000.0,18000.0,0.0,29.0,0.0
104000.0,3500.0,0.0,33.0,0.0
30000.0,10000.0,0.0,29.0,0.0
100000.0,14400.0,1.0,32.0,0.0
100000.0,14400.0,0.0,28.0,0.0
92000.0,7750.0,0.0,28.0,1.0
28800.0,14500.0,0.0,32.0,1.0
104000.0,17000.0,1.0,32.0,0.0
104525.0,6000.0,0.0,27.0,0.0
105000.0,26000.0,0.0,30.0,0.0
31000.0,14500.0,0.0,34.0,1.0
105000.0,5000.0,0.0,32.0,0.0
105000.0,26375.0,0.0,33.0,0.0
105000.0,12000.0,0.0,29.0,0.0
32000.0,14500.0,0.0,35.0,1.0
35000.0,14500.0,1.0,27.0,1.0
105000.0,10000.0,0.0,30.0,0.0
105000.0,12000.0,0.0,34.0,0.0
30000.0,14500.0,0.0,28.0,1.0
40581.0,14500.0,0.0,30.0,1.0
105000.0,12100.0,0.0,32.0,0.0
105000.0,11000.0,0.0,27.0,0.0
105000.0,3000.0,0.0,35.0,0.0
79050.0,24000.0,1.0,32.0,1.0
105000.0,5000.0,0.0,34.0,0.0
105000.0,12000.0,0.0,28.0,0.0
105000.0,25000.0,0.0,27.0,0.0
105000.0,20000.0,0.0,29.0,0.0
30000.0,2950.0,0.0,31.0,0.0
105000.0,24000.0,0.0,27.0,0.0
105000.0,20000.0,0.0,32.0,0.0
30000.0,1800.0,1.0,27.0,0.0
79050.0,12750.0,0.0,33.0,1.0
105000.0,10000.0,0.0,34.0,0.0
105000.0,6000.0,1.0,30.0,0.0
105000.0,25000.0,0.0,28.0,0.0
105000.0,12000.0,0.0,29.0,0.0
30000.0,2500.0,0.0,31.0,0.0
105000.0,17000.0,0.0,29.0,0.0
76000.0,14500.0,0.0,27.0,0.0
105000.0,15400.0,0.0,30.0,0.0
105000.0,12000.0,0.0,30.0,0.0
105000.0,13000.0,0.0,30.0,0.0
105000.0,20000.0,0.0,30.0,0.0
90000.0,14500.0,0.0,33.0,0.0
105000.0,7000.0,0.0,33.0,0.0
30000.0,8000.0,1.0,30.0,0.0
105000.0,20000.0,0.0,27.0,0.0
30000.0,10000.0,0.0,31.0,0.0
105000.0,5000.0,0.0,29.0,0.0
105000.0,19000.0,0.0,28.0,0.0
105000.0,15000.0,1.0,29.0,0.0
105000.0,5150.0,1.0,33.0,0.0
105600.0,10000.0,0.0,27.0,0.0
93900.0,24000.0,1.0,31.0,1.0
28800.0,15000.0,1.0,28.0,1.0
106000.0,4000.0,0.0,27.0,0.0
106000.0,15000.0,0.0,35.0,0.0
106000.0,6000.0,0.0,33.0,0.0
106000.0,7200.0,0.0,34.0,0.0
106000.0,12000.0,0.0,32.0,0.0
106000.0,2400.0,0.0,31.0,0.0
106000.0,24000.0,0.0,27.0,0.0
28896.0,15000.0,1.0,28.0,1.0
106000.0,15000.0,0.0,31.0,0.0
30000.0,15000.0,0.0,31.0,1.0
106000.0,9000.0,0.0,34.0,0.0
106000.0,6000.0,0.0,31.0,0.0
106000.0,16000.0,1.0,27.0,0.0
31200.0,15000.0,0.0,28.0,1.0
106358.0,13125.0,0.0,28.0,0.0
30000.0,5000.0,1.0,31.0,0.0
106369.0,8325.0,0.0,35.0,0.0
106369.0,18000.0,0.0,29.0,0.0
32000.0,15000.0,0.0,30.0,1.0
107000.0,35000.0,0.0,27.0,0.0
107000.0,25000.0,0.0,29.0,0.0
32960.0,15000.0,0.0,27.0,1.0
107000.0,10800.0,0.0,27.0,0.0
107000.0,2500.0,1.0,30.0,0.0
107000.0,11500.0,0.0,27.0,0.0
107004.0,4200.0,0.0,32.0,0.0
107004.0,12000.0,1.0,30.0,0.0
33600.0,2000.0,0.0,29.0,0.0
107364.0,8000.0,0.0,28.0,0.0
107400.0,25000.0,0.0,32.0,0.0
107800.0,5200.0,1.0,32.0,0.0
34000.0,2000.0,1.0,29.0,0.0
108000.0,12000.0,0.0,32.0,0.0
108000.0,27400.0,0.0,28.0,0.0
35000.0,2000.0,0.0,29.0,0.0
108000.0,5000.0,0.0,30.0,0.0
108000.0,11500.0,0.0,33.0,0.0
96000.0,3000.0,1.0,27.0,1.0
35040.0,2000.0,0.0,27.0,0.0
108000.0,10000.0,0.0,28.0,0.0
108000.0,13750.0,0.0,27.0,0.0
108000.0,10000.0,0.0,27.0,0.0
108000.0,7200.0,1.0,33.0,0.0
108000.0,3500.0,0.0,29.0,0.0
36000.0,2000.0,0.0,27.0,0.0
108000.0,5000.0,1.0,28.0,0.0
37000.0,2000.0,0.0,35.0,0.0
108000.0,20000.0,1.0,32.0,0.0
108000.0,11400.0,0.0,29.0,0.0
38000.0,2000.0,1.0,29.0,0.0
96000.0,15000.0,1.0,33.0,1.0
108000.0,20000.0,1.0,29.0,0.0
108041.0,5600.0,1.0,28.0,0.0
108202.0,9600.0,1.0,32.0,0.0
108717.0,16000.0,0.0,35.0,0.0
108928.0,17600.0,0.0,27.0,0.0
39000.0,2000.0,0.0,27.0,0.0
109000.0,3950.0,0.0,27.0,0.0
109000.0,15000.0,1.0,34.0,0.0
109000.0,18400.0,1.0,33.0,0.0
82450.0,7500.0,0.0,29.0,1.0
97000.0,8275.0,1.0,27.0,1.0
109200.0,6000.0,1.0,34.0,0.0
109200.0,8000.0,0.0,28.0,0.0
109488.0,12000.0,0.0,32.0,0.0
29000.0,2000.0,0.0,32.0,0.0
109800.0,10000.0,0.0,34.0,0.0
39600.0,2000.0,0.0,27.0,0.0
110000.0,3600.0,0.0,27.0,0.0
110000.0,5000.0,0.0,29.0,0.0
110000.0,9000.0,0.0,35.0,0.0
110000.0,16000.0,0.0,27.0,0.0
33600.0,15000.0,0.0,27.0,1.0
110000.0,6000.0,0.0,28.0,0.0
110000.0,6000.0,0.0,28.0,0.0
40800.0,2000.0,0.0,27.0,0.0
41000.0,2000.0,1.0,27.0,0.0
42000.0,2000.0,0.0,33.0,0.0
110000.0,17000.0,0.0,28.0,0.0
110000.0,10000.0,0.0,30.0,0.0
110000.0,10200.0,0.0,35.0,0.0
42000.0,2000.0,0.0,28.0,0.0
110000.0,10000.0,0.0,32.0,0.0
98000.0,9000.0,0.0,30.0,1.0
98000.0,35000.0,0.0,30.0,1.0
110000.0,4800.0,0.0,30.0,0.0
98000.0,5200.0,0.0,30.0,1.0
110000.0,6000.0,0.0,31.0,0.0
98000.0,7925.0,0.0,29.0,1.0
110000.0,18000.0,0.0,33.0,0.0
44000.0,2000.0,0.0,30.0,0.0
110000.0,12000.0,0.0,30.0,0.0
110000.0,10000.0,0.0,34.0,0.0
110000.0,30000.0,0.0,27.0,0.0
110000.0,5600.0,0.0,32.0,0.0
28800.0,13000.0,0.0,27.0,0.0
110000.0,6700.0,0.0,32.0,0.0
110000.0,6000.0,0.0,30.0,0.0
110000.0,5000.0,0.0,28.0,0.0
110000.0,10000.0,0.0,27.0,0.0
110000.0,11000.0,0.0,28.0,0.0
110000.0,15000.0,0.0,28.0,0.0
110000.0,12000.0,0.0,29.0,0.0
110000.0,12000.0,0.0,30.0,0.0
110000.0,25000.0,0.0,30.0,0.0
46080.0,2000.0,0.0,30.0,0.0
110000.0,15000.0,0.0,28.0,0.0
46800.0,2000.0,0.0,33.0,0.0
110000.0,9200.0,0.0,32.0,0.0
47340.0,2000.0,0.0,29.0,0.0
110000.0,5000.0,0.0,33.0,0.0
110000.0,25000.0,1.0,27.0,0.0
110000.0,25000.0,0.0,30.0,0.0
110000.0,3500.0,0.0,28.0,0.0
48000.0,2000.0,0.0,31.0,0.0
42000.0,2000.0,0.0,32.0,1.0
110000.0,12800.0,0.0,29.0,0.0
110000.0,10750.0,0.0,28.0,0.0
110000.0,12000.0,0.0,30.0,0.0
110000.0,4800.0,0.0,28.0,0.0
42000.0,2000.0,1.0,28.0,1.0
48000.0,2000.0,0.0,28.0,0.0
110000.0,8500.0,0.0,29.0,0.0
83300.0,12000.0,0.0,27.0,1.0
48192.0,2000.0,0.0,27.0,0.0
50000.0,2000.0,0.0,27.0,0.0
50000.0,2000.0,0.0,30.0,0.0
44000.0,2000.0,0.0,27.0,1.0
110000.0,23800.0,0.0,33.0,0.0
50000.0,2000.0,0.0,34.0,0.0
110000.0,23000.0,0.0,32.0,0.0
110000.0,10000.0,0.0,35.0,0.0
110000.0,5000.0,0.0,31.0,0.0
110000.0,12000.0,1.0,30.0,0.0
110000.0,9000.0,0.0,32.0,0.0
34000.0,15000.0,0.0,31.0,1.0
110000.0,4800.0,0.0,27.0,0.0
110000.0,12000.0,0.0,28.0,0.0
35000.0,15000.0,0.0,29.0,1.0
110000.0,5000.0,1.0,31.0,0.0
35000.0,15000.0,0.0,34.0,1.0
110000.0,15000.0,0.0,29.0,0.0
35000.0,15000.0,0.0,31.0,1.0
110000.0,6000.0,0.0,31.0,0.0
35000.0,15000.0,0.0,29.0,1.0
110000.0,15000.0,1.0,28.0,0.0
110000.0,5000.0,0.0,28.0,0.0
83300.0,5000.0,1.0,29.0,1.0
98000.0,15000.0,0.0,32.0,1.0
110000.0,4000.0,0.0,35.0,0.0
30000.0,15000.0,0.0,29.0,1.0
110000.0,6000.0,0.0,34.0,0.0
110000.0,6000.0,0.0,31.0,0.0
110000.0,2500.0,0.0,27.0,0.0
110004.0,12000.0,0.0,29.0,0.0
110004.0,25000.0,1.0,27.0,0.0
110244.0,18000.0,0.0,28.0,0.0
36700.0,15000.0,0.0,33.0,1.0
37000.0,15000.0,0.0,32.0,1.0
110888.0,10400.0,0.0,32.0,0.0
37000.0,15000.0,0.0,32.0,1.0
111000.0,5150.0,0.0,31.0,0.0
37200.0,15000.0,0.0,29.0,1.0
37440.0,15000.0,0.0,27.0,1.0
37600.0,15000.0,1.0,30.0,1.0
28000.0,14400.0,0.0,30.0,0.0
111740.0,5000.0,1.0,29.0,0.0
38000.0,15000.0,0.0,29.0,1.0
111996.0,3000.0,0.0,34.0,0.0
38004.0,15000.0,0.0,27.0,1.0
38016.0,15000.0,0.0,33.0,1.0
112000.0,15000.0,0.0,27.0,0.0
112000.0,8000.0,1.0,30.0,0.0
112000.0,14000.0,0.0,32.0,0.0
112000.0,8000.0,0.0,27.0,0.0
112000.0,15000.0,0.0,28.0,0.0
112000.0,25000.0,0.0,29.0,0.0
112000.0,13000.0,0.0,27.0,0.0
112123.0,12800.0,0.0,34.0,0.0
40000.0,15000.0,0.0,27.0,1.0
112200.0,6800.0,0.0,28.0,0.0
112445.0,6000.0,0.0,32.0,0.0
40000.0,15000.0,0.0,33.0,1.0
112500.0,10400.0,1.0,27.0,0.0
112500.0,3000.0,0.0,29.0,0.0
34000.0,15000.0,1.0,27.0,1.0
112732.0,5000.0,0.0,33.0,0.0
112921.0,19000.0,0.0,27.0,0.0
112992.0,8000.0,0.0,29.0,0.0
40277.0,15000.0,0.0,32.0,1.0
40500.0,15000.0,0.0,28.0,1.0
113000.0,6425.0,0.0,27.0,0.0
113000.0,5000.0,1.0,33.0,0.0
27600.0,6000.0,0.0,28.0,0.0
41000.0,15000.0,0.0,27.0,1.0
41000.0,15000.0,0.0,27.0,1.0
36000.0,15000.0,0.0,27.0,1.0
113000.0,15000.0,1.0,32.0,0.0
113004.0,15000.0,0.0,27.0,0.0
113300.0,18000.0,0.0,28.0,0.0
42000.0,15000.0,0.0,29.0,1.0
113400.0,2100.0,0.0,27.0,0.0
113500.0,3000.0,0.0,34.0,0.0
113800.0,7500.0,0.0,27.0,0.0
114000.0,16000.0,0.0,33.0,0.0
102000.0,7200.0,0.0,34.0,1.0
114000.0,8000.0,0.0,28.0,0.0
114000.0,7200.0,0.0,30.0,0.0
114000.0,26000.0,0.0,28.0,0.0
114000.0,9975.0,0.0,30.0,0.0
27504.0,2000.0,0.0,28.0,0.0
114000.0,7000.0,0.0,35.0,0.0
114000.0,20000.0,1.0,27.0,0.0
27500.0,5000.0,1.0,32.0,0.0
86700.0,20000.0,0.0,32.0,1.0
114000.0,21000.0,0.0,33.0,0.0
114400.0,12000.0,0.0,28.0,0.0
114400.0,20000.0,0.0,33.0,0.0
114400.0,8000.0,0.0,30.0,0.0
42500.0,15000.0,0.0,29.0,1.0
114996.0,7450.0,0.0,33.0,0.0
114996.0,15000.0,0.0,31.0,0.0
103000.0,33000.0,0.0,32.0,1.0
115000.0,14000.0,0.0,33.0,0.0
115000.0,22000.0,0.0,28.0,0.0
115000.0,14400.0,0.0,27.0,0.0
115000.0,22000.0,0.0,29.0,0.0
44000.0,15000.0,0.0,29.0,1.0
115000.0,10000.0,0.0,31.0,0.0
44000.0,15000.0,0.0,27.0,1.0
44400.0,15000.0,1.0,32.0,1.0
115000.0,5000.0,0.0,28.0,0.0
44400.0,15000.0,0.0,32.0,1.0
115000.0,5000.0,0.0,29.0,0.0
115000.0,7200.0,0.0,32.0,0.0
115000.0,1000.0,0.0,27.0,0.0
115000.0,16800.0,0.0,33.0,0.0
115000.0,18000.0,0.0,28.0,0.0
115000.0,10500.0,0.0,33.0,0.0
115000.0,5000.0,0.0,27.0,0.0
115000.0,25000.0,0.0,28.0,0.0
115000.0,22000.0,1.0,29.0,0.0
115000.0,8100.0,1.0,29.0,0.0
115000.0,35000.0,1.0,29.0,0.0
115000.0,5600.0,1.0,29.0,0.0
115000.0,4500.0,0.0,28.0,0.0
115000.0,12000.0,0.0,27.0,0.0
103000.0,20000.0,1.0,28.0,1.0
115000.0,18000.0,0.0,28.0,0.0
39000.0,15000.0,1.0,33.0,1.0
115000.0,6000.0,0.0,34.0,0.0
115000.0,6500.0,0.0,31.0,0.0
115000.0,8000.0,0.0,27.0,0.0
115000.0,25000.0,0.0,33.0,0.0
115000.0,7200.0,1.0,35.0,0.0
115000.0,4000.0,0.0,29.0,0.0
115000.0,16000.0,1.0,28.0,0.0
115000.0,6300.0,0.0,27.0,0.0
27000.0,6000.0,0.0,27.0,0.0
115000.0,14400.0,0.0,33.0,0.0
115000.0,9600.0,0.0,27.0,0.0
115000.0,20000.0,1.0,29.0,0.0
115000.0,20000.0,1.0,32.0,0.0
115000.0,10000.0,0.0,28.0,0.0
45400.0,15000.0,0.0,32.0,1.0
45600.0,15000.0,0.0,34.0,1.0
115742.0,7000.0,0.0,29.0,0.0
115752.0,10000.0,0.0,27.0,0.0
116000.0,18000.0,0.0,27.0,0.0
116000.0,12000.0,1.0,28.0,0.0
116000.0,6000.0,0.0,27.0,0.0
116000.0,14000.0,0.0,28.0,0.0
116000.0,21600.0,0.0,32.0,0.0
116000.0,25000.0,0.0,28.0,0.0
29040.0,1800.0,1.0,27.0,1.0
116000.0,15000.0,0.0,33.0,0.0
116004.0,8200.0,0.0,33.0,0.0
116004.0,6775.0,0.0,31.0,0.0
33048.0,1800.0,0.0,29.0,0.0
104400.0,24000.0,0.0,32.0,1.0
26400.0,6600.0,0.0,35.0,0.0
116500.0,15000.0,1.0,30.0,0.0
35000.0,1800.0,0.0,29.0,0.0
117000.0,7800.0,0.0,29.0,0.0
117000.0,20000.0,0.0,33.0,0.0
117000.0,3600.0,0.0,31.0,0.0
36129.0,1800.0,1.0,34.0,0.0
117500.0,13500.0,0.0,30.0,0.0
117500.0,20000.0,0.0,29.0,0.0
117500.0,17500.0,0.0,30.0,0.0
117516.0,21000.0,0.0,31.0,0.0
117600.0,14400.0,1.0,29.0,0.0
26400.0,7000.0,0.0,33.0,0.0
117832.0,12500.0,0.0,27.0,0.0
117996.0,16000.0,0.0,27.0,0.0
118000.0,6000.0,0.0,31.0,0.0
118000.0,10000.0,0.0,27.0,0.0
118000.0,5000.0,1.0,30.0,0.0
118374.0,3500.0,1.0,29.0,0.0
118400.0,35000.0,0.0,29.0,0.0
118500.0,15000.0,0.0,27.0,0.0
48000.0,15000.0,0.0,28.0,1.0
26000.0,6000.0,0.0,34.0,0.0
119000.0,5325.0,0.0,28.0,0.0
119000.0,25000.0,1.0,30.0,0.0
26000.0,4500.0,0.0,29.0,0.0
119000.0,18000.0,0.0,32.0,0.0
119000.0,5000.0,0.0,27.0,0.0
119000.0,9000.0,0.0,32.0,0.0
107450.0,24000.0,1.0,27.0,1.0
119500.0,6800.0,1.0,29.0,0.0
119604.0,5000.0,0.0,29.0,0.0
119700.0,9500.0,0.0,30.0,0.0
120000.0,14050.0,0.0,33.0,0.0
120000.0,8000.0,0.0,32.0,0.0
120000.0,17000.0,0.0,27.0,0.0
26000.0,3000.0,0.0,34.0,0.0
26000.0,2500.0,0.0,28.0,0.0
48000.0,15000.0,0.0,29.0,1.0
120000.0,16000.0,0.0,29.0,0.0
120000.0,35000.0,0.0,29.0,0.0
120000.0,28000.0,0.0,29.0,0.0
120000.0,20000.0,0.0,29.0,0.0
42000.0,15000.0,0.0,29.0,1.0
48500.0,15000.0,1.0,28.0,1.0
48500.0,15000.0,1.0,28.0,1.0
120000.0,20000.0,0.0,27.0,0.0
120000.0,12000.0,0.0,29.0,0.0
48564.0,15000.0,0.0,30.0,1.0
120000.0,15000.0,1.0,27.0,0.0
43992.0,15000.0,0.0,30.0,1.0
120000.0,2000.0,0.0,33.0,0.0
50000.0,15000.0,0.0,27.0,0.0
120000.0,5000.0,0.0,29.0,0.0
120000.0,6900.0,0.0,29.0,0.0
120000.0,10000.0,0.0,27.0,0.0
120000.0,12000.0,0.0,31.0,0.0
120000.0,11000.0,0.0,30.0,0.0
120000.0,7100.0,0.0,34.0,0.0
120000.0,28000.0,0.0,31.0,0.0
120000.0,7000.0,0.0,27.0,0.0
120000.0,5000.0,0.0,28.0,0.0
120000.0,28250.0,1.0,32.0,0.0
120000.0,4200.0,0.0,34.0,0.0
120000.0,20000.0,0.0,29.0,0.0
25800.0,10000.0,0.0,34.0,0.0
50000.0,15000.0,0.0,28.0,0.0
120000.0,4800.0,0.0,27.0,0.0
120000.0,7800.0,0.0,34.0,0.0
120000.0,6000.0,0.0,30.0,0.0
120000.0,7200.0,0.0,30.0,0.0
120000.0,14500.0,0.0,28.0,0.0
120000.0,14000.0,0.0,27.0,0.0
108000.0,8400.0,0.0,32.0,1.0
44000.0,15000.0,0.0,30.0,1.0
120000.0,18000.0,0.0,29.0,0.0
91800.0,10000.0,1.0,28.0,1.0
120000.0,7500.0,0.0,31.0,0.0
120000.0,8000.0,0.0,27.0,0.0
120000.0,3000.0,0.0,30.0,0.0
120000.0,20000.0,0.0,31.0,0.0
120000.0,8000.0,0.0,28.0,0.0
120000.0,15000.0,0.0,30.0,0.0
108000.0,35000.0,0.0,31.0,1.0
50000.0,15000.0,0.0,27.0,0.0
50000.0,15000.0,1.0,34.0,0.0
120000.0,8850.0,0.0,35.0,0.0
120000.0,4500.0,0.0,33.0,0.0
50000.0,15000.0,0.0,28.0,0.0
120000.0,6600.0,0.0,32.0,0.0
120000.0,7000.0,0.0,27.0,0.0
120000.0,7000.0,0.0,29.0,0.0
120000.0,14400.0,0.0,28.0,0.0
120000.0,10000.0,1.0,30.0,0.0
120000.0,6000.0,0.0,33.0,0.0
120000.0,8000.0,0.0,29.0,0.0
120000.0,14000.0,0.0,33.0,0.0
120000.0,5000.0,0.0,29.0,0.0
120000.0,9600.0,0.0,30.0,0.0
120000.0,5000.0,0.0,28.0,0.0
120000.0,10000.0,0.0,28.0,0.0
50880.0,15000.0,1.0,32.0,0.0
120000.0,20000.0,0.0,34.0,0.0
120000.0,18000.0,0.0,27.0,0.0
120000.0,18400.0,0.0,30.0,0.0
25000.0,6500.0,0.0,29.0,0.0
25000.0,10000.0,1.0,29.0,0.0
91800.0,20000.0,0.0,28.0,1.0
120000.0,6000.0,0.0,30.0,0.0
120000.0,8000.0,0.0,30.0,0.0
120000.0,15000.0,0.0,33.0,0.0
51395.0,15000.0,0.0,27.0,0.0
120000.0,5000.0,1.0,29.0,0.0
120000.0,8000.0,0.0,27.0,0.0
120000.0,16800.0,0.0,34.0,0.0
120000.0,4800.0,0.0,30.0,0.0
120000.0,10000.0,0.0,29.0,0.0
120000.0,22000.0,1.0,28.0,0.0
108000.0,25000.0,0.0,34.0,1.0
120000.0,7000.0,0.0,27.0,0.0
120000.0,6000.0,0.0,33.0,0.0
120000.0,25000.0,1.0,31.0,0.0
120000.0,14000.0,0.0,30.0,0.0
120000.0,5600.0,0.0,32.0,0.0
120000.0,3600.0,0.0,28.0,0.0
52800.0,15000.0,0.0,32.0,0.0
120000.0,8000.0,0.0,32.0,0.0
120000.0,23000.0,0.0,29.0,0.0
24000.0,1600.0,0.0,33.0,0.0
24000.0,1600.0,0.0,28.0,1.0
120000.0,8400.0,0.0,27.0,0.0
120000.0,5000.0,0.0,30.0,0.0
120000.0,25000.0,0.0,27.0,0.0
25200.0,1600.0,0.0,33.0,1.0
120000.0,25000.0,0.0,32.0,0.0
120000.0,12000.0,0.0,29.0,0.0
120000.0,7000.0,0.0,27.0,0.0
120000.0,9000.0,0.0,29.0,0.0
120000.0,10000.0,0.0,31.0,0.0
91800.0,25000.0,0.0,27.0,1.0
120000.0,4700.0,0.0,29.0,0.0
108000.0,25000.0,1.0,27.0,1.0
30000.0,1600.0,0.0,33.0,0.0
120000.0,6000.0,0.0,28.0,0.0
120000.0,7500.0,0.0,29.0,0.0
120000.0,20000.0,0.0,29.0,0.0
120000.0,20000.0,0.0,31.0,0.0
38400.0,1600.0,0.0,30.0,0.0
120000.0,7000.0,0.0,29.0,0.0
33000.0,1600.0,1.0,27.0,1.0
40000.0,1600.0,0.0,31.0,0.0
120000.0,7500.0,0.0,30.0,0.0
34000.0,1600.0,1.0,35.0,1.0
42000.0,1600.0,0.0,30.0,0.0
36000.0,1600.0,1.0,32.0,1.0
25000.0,3075.0,0.0,31.0,0.0
42000.0,1600.0,1.0,29.0,0.0
43200.0,1600.0,0.0,29.0,0.0
120000.0,9000.0,0.0,31.0,0.0
120000.0,6000.0,0.0,27.0,0.0
120000.0,16000.0,0.0,27.0,0.0
51000.0,1600.0,0.0,27.0,0.0
120000.0,5000.0,0.0,29.0,0.0
120000.0,6250.0,1.0,29.0,0.0
91800.0,15000.0,1.0,28.0,1.0
120000.0,10000.0,0.0,27.0,0.0
63500.0,1600.0,0.0,29.0,0.0
67171.0,1600.0,0.0,29.0,0.0
120000.0,20000.0,0.0,28.0,0.0
108000.0,24500.0,0.0,29.0,1.0
68000.0,1600.0,0.0,29.0,0.0
91800.0,2225.0,0.0,31.0,1.0
91800.0,25000.0,1.0,34.0,1.0
120000.0,6000.0,0.0,32.0,0.0
120000.0,1000.0,0.0,28.0,0.0
91800.0,24625.0,1.0,32.0,1.0
120000.0,8275.0,0.0,30.0,0.0
120000.0,5000.0,0.0,29.0,0.0
86000.0,1600.0,1.0,32.0,0.0
24996.0,8000.0,0.0,29.0,0.0
120602.0,20000.0,0.0,34.0,0.0
120999.0,15200.0,1.0,33.0,0.0
10800.0,1500.0,0.0,30.0,1.0
121000.0,16800.0,0.0,27.0,0.0
12000.0,1500.0,0.0,33.0,0.0
121000.0,25000.0,1.0,31.0,0.0
121000.0,17600.0,0.0,33.0,0.0
12996.0,1500.0,0.0,34.0,0.0
121008.0,5400.0,0.0,28.0,0.0
92801.0,20000.0,1.0,28.0,1.0
121500.0,6000.0,0.0,32.0,0.0
109900.0,15000.0,1.0,29.0,1.0
122000.0,15000.0,1.0,28.0,0.0
24840.0,11500.0,0.0,27.0,0.0
122000.0,11200.0,0.0,30.0,0.0
14400.0,1500.0,1.0,34.0,0.0
122000.0,8000.0,0.0,27.0,0.0
122000.0,6000.0,0.0,31.0,0.0
122004.0,10000.0,0.0,32.0,0.0
122400.0,6800.0,0.0,34.0,0.0
122400.0,10000.0,0.0,32.0,0.0
122880.0,35000.0,0.0,27.0,0.0
123000.0,13225.0,1.0,27.0,0.0
123000.0,15200.0,1.0,32.0,0.0
123000.0,15000.0,0.0,31.0,0.0
111000.0,25000.0,0.0,28.0,1.0
123000.0,4000.0,0.0,28.0,0.0
123000.0,19000.0,1.0,31.0,0.0
94350.0,15000.0,0.0,31.0,1.0
111000.0,12500.0,0.0,30.0,1.0
18000.0,1500.0,0.0,34.0,1.0
123996.0,6500.0,0.0,27.0,0.0
124000.0,14000.0,0.0,33.0,0.0
124000.0,4350.0,0.0,27.0,0.0
124000.0,2000.0,0.0,29.0,0.0
124000.0,12000.0,0.0,34.0,0.0
124000.0,8100.0,0.0,29.0,0.0
124000.0,23500.0,1.0,33.0,0.0
19200.0,1500.0,0.0,27.0,0.0
124596.0,20000.0,0.0,35.0,0.0
24000.0,2000.0,0.0,31.0,0.0
24000.0,7200.0,0.0,29.0,0.0
20004.0,1500.0,0.0,27.0,0.0
124800.0,15000.0,1.0,28.0,0.0
124992.0,24000.0,0.0,31.0,0.0
125000.0,9000.0,0.0,27.0,0.0
125000.0,3400.0,0.0,29.0,0.0
125000.0,9000.0,0.0,32.0,0.0
125000.0,30000.0,0.0,28.0,0.0
21600.0,1500.0,0.0,30.0,1.0
125000.0,30000.0,0.0,31.0,0.0
21600.0,1500.0,1.0,30.0,0.0
125000.0,21000.0,0.0,32.0,0.0
22968.0,1500.0,0.0,28.0,0.0
125000.0,24000.0,0.0,29.0,0.0
24000.0,1500.0,0.0,31.0,1.0
125000.0,9175.0,0.0,34.0,0.0
125000.0,8800.0,0.0,33.0,0.0
125000.0,30000.0,0.0,27.0,0.0
24840.0,1500.0,0.0,28.0,1.0
125000.0,18000.0,0.0,31.0,0.0
125000.0,7500.0,0.0,28.0,0.0
125000.0,10975.0,0.0,33.0,0.0
26000.0,1500.0,1.0,29.0,0.0
113000.0,30000.0,1.0,30.0,1.0
53000.0,15000.0,0.0,30.0,0.0
48000.0,15000.0,1.0,31.0,1.0
125000.0,25000.0,0.0,30.0,0.0
125000.0,10000.0,0.0,29.0,0.0
125000.0,14400.0,0.0,29.0,0.0
54996.0,15000.0,1.0,28.0,0.0
125000.0,24000.0,0.0,27.0,0.0
54996.0,15000.0,0.0,32.0,0.0
125000.0,12000.0,0.0,29.0,0.0
125000.0,25000.0,0.0,31.0,0.0
125000.0,10000.0,1.0,29.0,0.0
125000.0,20000.0,0.0,32.0,0.0
125000.0,17000.0,0.0,35.0,0.0
125000.0,10000.0,0.0,28.0,0.0
55000.0,15000.0,0.0,27.0,0.0
113000.0,13200.0,0.0,28.0,1.0
125000.0,20000.0,0.0,33.0,0.0
55000.0,15000.0,1.0,28.0,0.0
125000.0,8000.0,0.0,27.0,0.0
125000.0,3500.0,0.0,29.0,0.0
125000.0,25000.0,0.0,29.0,0.0
24000.0,8500.0,0.0,27.0,0.0
24000.0,10000.0,0.0,29.0,0.0
125000.0,15000.0,0.0,28.0,0.0
96050.0,15200.0,1.0,29.0,1.0
125000.0,8000.0,0.0,30.0,0.0
125000.0,12500.0,0.0,31.0,0.0
125000.0,13200.0,0.0,27.0,0.0
50000.0,15000.0,0.0,28.0,1.0
125000.0,8000.0,0.0,28.0,0.0
125000.0,6400.0,1.0,29.0,0.0
125000.0,12000.0,0.0,34.0,0.0
56496.0,15000.0,0.0,28.0,0.0
113000.0,25000.0,1.0,29.0,1.0
57000.0,15000.0,0.0,29.0,0.0
125000.0,8500.0,1.0,29.0,0.0
113000.0,25000.0,0.0,29.0,1.0
125000.0,15975.0,1.0,27.0,0.0
125000.0,3000.0,0.0,33.0,0.0
125000.0,5750.0,0.0,30.0,0.0
96053.0,30000.0,0.0,30.0,1.0
51500.0,15000.0,0.0,33.0,1.0
58000.0,15000.0,0.0,30.0,0.0
125004.0,12000.0,0.0,28.0,0.0
125600.0,13800.0,0.0,28.0,0.0
126000.0,12000.0,0.0,28.0,0.0
126000.0,2000.0,0.0,28.0,0.0
126000.0,9600.0,0.0,34.0,0.0
126000.0,7000.0,0.0,29.0,0.0
126000.0,8000.0,0.0,30.0,0.0
126000.0,9500.0,0.0,33.0,0.0
126000.0,6450.0,0.0,29.0,0.0
126000.0,11000.0,0.0,29.0,0.0
114000.0,15000.0,0.0,30.0,1.0
58000.0,15000.0,1.0,29.0,0.0
126000.0,5500.0,0.0,27.0,0.0
126000.0,15000.0,0.0,29.0,0.0
24000.0,2850.0,0.0,32.0,0.0
59200.0,15000.0,0.0,27.0,0.0
59534.0,15000.0,1.0,31.0,0.0
24000.0,6200.0,0.0,31.0,0.0
126132.0,14400.0,1.0,30.0,0.0
54000.0,15000.0,1.0,30.0,1.0
126400.0,13000.0,0.0,35.0,0.0
114500.0,30000.0,0.0,29.0,1.0
126696.0,24250.0,0.0,35.0,0.0
127000.0,21000.0,0.0,27.0,0.0
127000.0,24250.0,0.0,29.0,0.0
115000.0,20000.0,0.0,30.0,1.0
127000.0,8400.0,0.0,28.0,0.0
116000.0,5000.0,0.0,33.0,1.0
128000.0,32000.0,0.0,27.0,0.0
128000.0,18000.0,0.0,27.0,0.0
116000.0,3500.0,0.0,27.0,1.0
116000.0,25000.0,1.0,27.0,1.0
128148.0,15000.0,0.0,34.0,0.0
128400.0,4000.0,1.0,28.0,0.0
116899.0,12000.0,0.0,27.0,1.0
60000.0,15000.0,1.0,35.0,0.0
60000.0,15000.0,0.0,31.0,0.0
129700.0,10000.0,0.0,27.0,0.0
129900.0,3100.0,0.0,27.0,0.0
129996.0,30000.0,0.0,29.0,0.0
129996.0,4800.0,0.0,27.0,0.0
130000.0,27000.0,0.0,30.0,0.0
60000.0,15000.0,0.0,31.0,0.0
130000.0,15000.0,0.0,27.0,0.0
130000.0,5000.0,0.0,35.0,0.0
60000.0,15000.0,0.0,35.0,0.0
130000.0,7000.0,0.0,30.0,0.0
130000.0,10200.0,0.0,27.0,0.0
130000.0,13000.0,0.0,32.0,0.0
54000.0,15000.0,0.0,33.0,1.0
130000.0,7000.0,0.0,29.0,0.0
60000.0,15000.0,0.0,31.0,0.0
130000.0,20000.0,0.0,34.0,0.0
130000.0,16500.0,0.0,32.0,0.0
130000.0,24800.0,0.0,29.0,0.0
118000.0,35000.0,1.0,33.0,1.0
130000.0,1600.0,1.0,31.0,0.0
60000.0,15000.0,0.0,34.0,0.0
130000.0,2400.0,0.0,33.0,0.0
130000.0,4200.0,0.0,29.0,0.0
130000.0,10000.0,0.0,30.0,0.0
130000.0,28000.0,0.0,32.0,0.0
54000.0,15000.0,1.0,34.0,1.0
130000.0,24000.0,0.0,27.0,0.0
130000.0,9800.0,0.0,31.0,0.0
60000.0,15000.0,1.0,33.0,0.0
54000.0,15000.0,1.0,35.0,1.0
130000.0,7500.0,0.0,32.0,0.0
130000.0,33250.0,1.0,30.0,0.0
118000.0,25000.0,1.0,28.0,1.0
61000.0,15000.0,0.0,28.0,0.0
130000.0,11000.0,0.0,27.0,0.0
130000.0,5000.0,0.0,27.0,0.0
130000.0,15000.0,0.0,27.0,0.0
130000.0,8000.0,1.0,27.0,0.0
130000.0,13000.0,0.0,28.0,0.0
118000.0,8875.0,0.0,32.0,1.0
130000.0,6450.0,0.0,34.0,0.0
55200.0,15000.0,1.0,31.0,1.0
61500.0,15000.0,0.0,28.0,0.0
130000.0,7000.0,1.0,35.0,0.0
130000.0,5000.0,0.0,34.0,0.0
61584.0,15000.0,0.0,27.0,0.0
130000.0,9000.0,1.0,35.0,0.0
61656.0,15000.0,0.0,29.0,0.0
130000.0,21000.0,0.0,27.0,0.0
62000.0,15000.0,0.0,28.0,0.0
118000.0,25000.0,1.0,33.0,1.0
62000.0,15000.0,1.0,32.0,0.0
130000.0,25000.0,1.0,33.0,0.0
130000.0,24000.0,0.0,28.0,0.0
62400.0,15000.0,0.0,33.0,0.0
130000.0,5600.0,0.0,28.0,0.0
57000.0,15000.0,0.0,28.0,1.0
130000.0,12000.0,0.0,32.0,0.0
130000.0,17500.0,0.0,29.0,0.0
57223.0,15000.0,0.0,32.0,1.0
130000.0,18000.0,1.0,29.0,0.0
130000.0,6000.0,0.0,30.0,0.0
130000.0,9000.0,0.0,28.0,0.0
130000.0,8500.0,1.0,30.0,0.0
118000.0,25000.0,0.0,34.0,1.0
130000.0,6000.0,1.0,29.0,0.0
130000.0,5000.0,0.0,27.0,0.0
130000.0,12000.0,1.0,28.0,0.0
130000.0,12000.0,0.0,35.0,0.0
64000.0,15000.0,0.0,34.0,0.0
65000.0,15000.0,0.0,28.0,0.0
130900.0,4800.0,0.0,29.0,0.0
119000.0,30000.0,0.0,27.0,1.0
131000.0,11200.0,0.0,32.0,0.0
131004.0,25000.0,0.0,28.0,0.0
131004.0,5000.0,0.0,30.0,0.0
131040.0,10000.0,1.0,28.0,0.0
120000.0,10000.0,0.0,27.0,1.0
120000.0,14000.0,0.0,29.0,1.0
132000.0,22000.0,0.0,35.0,0.0
132000.0,25000.0,0.0,28.0,0.0
132000.0,25000.0,0.0,32.0,0.0
132650.0,20000.0,0.0,28.0,0.0
133000.0,15000.0,0.0,35.0,0.0
65000.0,15000.0,0.0,29.0,0.0
121000.0,12000.0,1.0,31.0,1.0
65000.0,15000.0,0.0,29.0,0.0
121000.0,12000.0,1.0,34.0,1.0
65000.0,15000.0,1.0,27.0,0.0
134000.0,6000.0,0.0,29.0,0.0
122000.0,25000.0,0.0,35.0,1.0
134000.0,8000.0,0.0,29.0,0.0
134500.0,24000.0,1.0,30.0,0.0
134748.0,18000.0,0.0,31.0,0.0
67000.0,15000.0,0.0,29.0,0.0
135000.0,12000.0,0.0,33.0,0.0
135000.0,32000.0,0.0,30.0,0.0
135000.0,15000.0,0.0,34.0,0.0
135000.0,24000.0,0.0,29.0,0.0
135000.0,14400.0,0.0,28.0,0.0
61000.0,15000.0,1.0,29.0,1.0
135000.0,10000.0,0.0,32.0,0.0
67704.0,15000.0,0.0,29.0,0.0
135000.0,6275.0,0.0,33.0,0.0
67800.0,15000.0,0.0,31.0,0.0
135000.0,15000.0,0.0,31.0,0.0
135000.0,25000.0,0.0,27.0,0.0
123000.0,10000.0,0.0,28.0,1.0
135000.0,10000.0,0.0,31.0,0.0
68004.0,15000.0,0.0,28.0,0.0
123000.0,15000.0,1.0,28.0,1.0
135000.0,20000.0,0.0,31.0,0.0
135000.0,10000.0,0.0,33.0,0.0
135000.0,15000.0,0.0,31.0,0.0
135000.0,13000.0,0.0,32.0,0.0
135000.0,17500.0,0.0,33.0,0.0
135000.0,18000.0,0.0,29.0,0.0
104550.0,23000.0,0.0,27.0,1.0
123000.0,22000.0,1.0,28.0,1.0
135000.0,11000.0,0.0,29.0,0.0
135000.0,11000.0,0.0,29.0,0.0
70000.0,15000.0,1.0,32.0,0.0
135000.0,10000.0,1.0,35.0,0.0
135000.0,8000.0,0.0,34.0,0.0
64000.0,15000.0,0.0,29.0,1.0
135000.0,15000.0,1.0,34.0,0.0
135000.0,25000.0,1.0,30.0,0.0
70000.0,15000.0,0.0,27.0,0.0
123000.0,22350.0,1.0,27.0,1.0
135600.0,1000.0,0.0,34.0,0.0
70000.0,15000.0,1.0,30.0,0.0
135996.0,12500.0,0.0,28.0,0.0
136000.0,2800.0,0.0,30.0,0.0
136000.0,12000.0,0.0,32.0,0.0
136000.0,5000.0,0.0,27.0,0.0
136092.0,8000.0,0.0,28.0,0.0
136240.0,15000.0,0.0,35.0,0.0
136625.0,15000.0,0.0,34.0,0.0
124886.0,5000.0,0.0,28.0,1.0
70000.0,15000.0,0.0,28.0,0.0
137057.0,4750.0,0.0,30.0,0.0
137720.0,13000.0,0.0,27.0,0.0
138000.0,5000.0,0.0,28.0,0.0
138000.0,25000.0,1.0,29.0,0.0
138000.0,20000.0,0.0,32.0,0.0
138000.0,16800.0,0.0,32.0,0.0
138000.0,25000.0,0.0,34.0,0.0
138000.0,24000.0,0.0,31.0,0.0
138000.0,17000.0,0.0,27.0,0.0
138000.0,7500.0,1.0,29.0,0.0
138571.0,25000.0,0.0,34.0,0.0
138600.0,12000.0,0.0,28.0,0.0
138996.0,20000.0,1.0,28.0,0.0
139000.0,35000.0,0.0,35.0,0.0
139008.0,15000.0,0.0,30.0,0.0
139200.0,6000.0,0.0,32.0,0.0
139913.0,5375.0,0.0,28.0,0.0
140000.0,18000.0,0.0,28.0,0.0
140000.0,27000.0,0.0,29.0,0.0
71000.0,15000.0,0.0,27.0,0.0
140000.0,16775.0,1.0,29.0,0.0
140000.0,17600.0,0.0,28.0,0.0
140000.0,5000.0,0.0,30.0,0.0
140000.0,18000.0,1.0,28.0,0.0
140000.0,18000.0,0.0,27.0,0.0
140000.0,22000.0,0.0,28.0,0.0
140000.0,30000.0,0.0,31.0,0.0
140000.0,5000.0,0.0,28.0,0.0
72000.0,15000.0,0.0,28.0,0.0
128000.0,35000.0,0.0,31.0,1.0
72000.0,15000.0,0.0,27.0,0.0
21000.0,7750.0,0.0,33.0,0.0
128000.0,14400.0,1.0,28.0,1.0
140000.0,2800.0,0.0,27.0,0.0
20988.0,3600.0,0.0,33.0,0.0
128000.0,12325.0,0.0,34.0,1.0
140000.0,9000.0,0.0,28.0,0.0
140000.0,11000.0,0.0,31.0,0.0
108800.0,35000.0,1.0,28.0,1.0
140000.0,28000.0,0.0,27.0,0.0
140000.0,8000.0,0.0,33.0,0.0
140000.0,12000.0,0.0,34.0,0.0
108800.0,18500.0,0.0,29.0,1.0
140000.0,25000.0,0.0,28.0,0.0
140000.0,9600.0,0.0,33.0,0.0
140000.0,15000.0,0.0,28.0,0.0
140000.0,18000.0,0.0,32.0,0.0
140000.0,11000.0,0.0,32.0,0.0
74000.0,15000.0,0.0,32.0,0.0
140000.0,12000.0,1.0,34.0,0.0
140000.0,24000.0,0.0,29.0,0.0
140000.0,5000.0,0.0,32.0,0.0
140000.0,24250.0,0.0,29.0,0.0
74028.0,15000.0,0.0,31.0,0.0
140000.0,20000.0,0.0,32.0,0.0
140000.0,4000.0,0.0,34.0,0.0
140000.0,12000.0,0.0,31.0,0.0
140000.0,6000.0,0.0,33.0,0.0
74872.0,15000.0,0.0,29.0,0.0
140000.0,13000.0,0.0,33.0,0.0
75000.0,15000.0,0.0,31.0,0.0
128000.0,25000.0,0.0,34.0,1.0
108800.0,15000.0,0.0,30.0,1.0
140000.0,24100.0,0.0,27.0,0.0
140000.0,6000.0,0.0,27.0,0.0
75000.0,15000.0,0.0,27.0,0.0
140000.0,25000.0,0.0,35.0,0.0
140000.0,25000.0,0.0,32.0,0.0
140004.0,9800.0,0.0,27.0,0.0
140304.0,20000.0,0.0,32.0,0.0
75000.0,15000.0,0.0,27.0,0.0
140987.0,6450.0,0.0,27.0,0.0
141000.0,8000.0,0.0,29.0,0.0
141000.0,9000.0,0.0,28.0,0.0
129996.0,12800.0,1.0,27.0,1.0
142000.0,10000.0,0.0,30.0,0.0
142000.0,18000.0,0.0,28.0,0.0
142000.0,24250.0,0.0,29.0,0.0
69000.0,15000.0,0.0,33.0,1.0
110925.0,25000.0,0.0,30.0,1.0
143000.0,18000.0,0.0,30.0,0.0
143000.0,16800.0,0.0,29.0,0.0
75000.0,15000.0,0.0,27.0,0.0
143004.0,10000.0,0.0,33.0,0.0
143150.0,12000.0,0.0,34.0,0.0
143485.0,8000.0,0.0,35.0,0.0
143500.0,20000.0,0.0,30.0,0.0
144000.0,16000.0,1.0,27.0,0.0
144000.0,11000.0,0.0,27.0,0.0
144000.0,5000.0,0.0,33.0,0.0
144000.0,35000.0,0.0,28.0,0.0
144000.0,16000.0,0.0,29.0,0.0
144000.0,7000.0,0.0,29.0,0.0
144000.0,6000.0,0.0,30.0,0.0
144000.0,7000.0,1.0,28.0,0.0
144000.0,5000.0,0.0,27.0,0.0
144000.0,35000.0,0.0,30.0,0.0
75127.0,15000.0,0.0,27.0,0.0
144000.0,5000.0,0.0,29.0,0.0
144000.0,6000.0,0.0,30.0,0.0
69600.0,15000.0,0.0,30.0,1.0
144000.0,21000.0,1.0,27.0,0.0
76000.0,15000.0,1.0,28.0,0.0
76000.0,15000.0,0.0,31.0,0.0
144997.0,25000.0,0.0,30.0,0.0
145000.0,9600.0,0.0,30.0,0.0
20000.0,5000.0,0.0,31.0,0.0
145000.0,14000.0,1.0,29.0,0.0
145000.0,6000.0,0.0,30.0,0.0
71000.0,15000.0,0.0,32.0,1.0
20000.0,3000.0,0.0,29.0,0.0
77000.0,15000.0,0.0,31.0,0.0
145000.0,20000.0,0.0,32.0,0.0
80000.0,15000.0,0.0,28.0,0.0
145000.0,25000.0,0.0,29.0,0.0
145986.0,5500.0,0.0,27.0,0.0
113900.0,35000.0,0.0,34.0,1.0
146000.0,2500.0,0.0,27.0,0.0
146000.0,3800.0,0.0,29.0,0.0
146000.0,2500.0,0.0,31.0,0.0
80000.0,15000.0,0.0,29.0,0.0
80000.0,15000.0,1.0,29.0,0.0
147500.0,10000.0,0.0,28.0,0.0
19200.0,8000.0,0.0,27.0,1.0
80000.0,15000.0,0.0,28.0,0.0
147884.0,4500.0,0.0,27.0,0.0
148000.0,8000.0,1.0,33.0,0.0
136000.0,7775.0,1.0,29.0,1.0
82000.0,15000.0,0.0,33.0,0.0
83500.0,15000.0,1.0,29.0,0.0
149616.0,15000.0,0.0,27.0,0.0
84000.0,15000.0,0.0,28.0,0.0
84000.0,15000.0,0.0,32.0,0.0
150000.0,16000.0,0.0,32.0,0.0
150000.0,14000.0,0.0,33.0,0.0
150000.0,6000.0,0.0,34.0,0.0
150000.0,20000.0,0.0,32.0,0.0
138000.0,2400.0,1.0,34.0,1.0
150000.0,28000.0,0.0,34.0,0.0
78996.0,15000.0,1.0,29.0,1.0
150000.0,10000.0,0.0,35.0,0.0
150000.0,12000.0,1.0,32.0,0.0
138000.0,35000.0,0.0,31.0,1.0
73000.0,15000.0,0.0,35.0,1.0
138000.0,10000.0,0.0,30.0,1.0
62050.0,15000.0,1.0,29.0,1.0
117300.0,16000.0,0.0,33.0,1.0
150000.0,6000.0,0.0,27.0,0.0
150000.0,6000.0,0.0,32.0,0.0
86000.0,15000.0,0.0,27.0,0.0
86400.0,15000.0,0.0,32.0,0.0
150000.0,10000.0,0.0,29.0,0.0
19200.0,4700.0,1.0,28.0,1.0
150000.0,7200.0,0.0,29.0,0.0
87000.0,15000.0,0.0,29.0,0.0
75000.0,15000.0,0.0,32.0,1.0
150000.0,4000.0,0.0,33.0,0.0
150000.0,25000.0,0.0,27.0,0.0
150000.0,12000.0,0.0,29.0,0.0
138000.0,25000.0,1.0,33.0,1.0
150000.0,8000.0,1.0,27.0,0.0
18720.0,3500.0,1.0,33.0,1.0
150000.0,15000.0,0.0,34.0,0.0
150000.0,7800.0,0.0,32.0,0.0
150000.0,8500.0,0.0,28.0,0.0
78000.0,15000.0,0.0,34.0,1.0
150000.0,12000.0,0.0,29.0,0.0
150000.0,10700.0,0.0,29.0,0.0
150000.0,15000.0,0.0,28.0,0.0
90000.0,15000.0,0.0,34.0,0.0
138000.0,23975.0,0.0,30.0,1.0
138000.0,24000.0,0.0,29.0,1.0
150000.0,24000.0,1.0,32.0,0.0
150000.0,21000.0,0.0,33.0,0.0
150000.0,24000.0,0.0,30.0,0.0
150000.0,20000.0,0.0,33.0,0.0
90000.0,15000.0,1.0,29.0,0.0
150000.0,10000.0,0.0,27.0,0.0
90000.0,15000.0,0.0,30.0,0.0
150000.0,25000.0,1.0,34.0,0.0
150000.0,12000.0,0.0,27.0,0.0
150000.0,20000.0,1.0,27.0,0.0
150000.0,7000.0,0.0,29.0,0.0
150000.0,15000.0,0.0,28.0,0.0
150000.0,15000.0,1.0,35.0,0.0
92000.0,15000.0,0.0,28.0,0.0
150000.0,15000.0,0.0,28.0,0.0
150000.0,9000.0,0.0,27.0,0.0
150000.0,8000.0,0.0,27.0,0.0
150000.0,25000.0,1.0,28.0,0.0
150000.0,16000.0,0.0,29.0,0.0
37800.0,15050.0,0.0,30.0,1.0
150000.0,12000.0,1.0,30.0,0.0
150000.0,10000.0,0.0,28.0,0.0
150792.0,6000.0,0.0,27.0,0.0
150996.0,10000.0,0.0,31.0,0.0
151000.0,21000.0,0.0,31.0,0.0
151800.0,17525.0,1.0,30.0,0.0
152000.0,15000.0,0.0,31.0,0.0
140004.0,8400.0,1.0,35.0,1.0
153000.0,9500.0,0.0,35.0,0.0
153000.0,10000.0,1.0,33.0,0.0
18000.0,3500.0,0.0,28.0,1.0
153000.0,3000.0,0.0,29.0,0.0
153000.0,8400.0,0.0,32.0,0.0
153660.0,24000.0,0.0,35.0,0.0
154000.0,12000.0,0.0,35.0,0.0
154000.0,4000.0,0.0,34.0,0.0
154000.0,20000.0,0.0,32.0,0.0
155000.0,15000.0,0.0,32.0,0.0
75000.0,15175.0,1.0,35.0,0.0
143000.0,8275.0,1.0,28.0,1.0
155000.0,7000.0,0.0,31.0,0.0
143000.0,25000.0,0.0,28.0,1.0
18000.0,7000.0,0.0,33.0,1.0
50000.0,15200.0,0.0,28.0,0.0
155004.0,15000.0,0.0,32.0,0.0
155867.0,8000.0,1.0,30.0,0.0
156000.0,2400.0,0.0,33.0,0.0
156000.0,10000.0,0.0,32.0,0.0
156000.0,5000.0,0.0,27.0,0.0
156000.0,15000.0,0.0,27.0,0.0
156600.0,25000.0,0.0,32.0,0.0
157000.0,7200.0,0.0,31.0,0.0
157000.0,12000.0,1.0,28.0,0.0
157500.0,25000.0,1.0,27.0,0.0
157544.0,35000.0,0.0,27.0,0.0
145656.0,10000.0,0.0,28.0,1.0
158000.0,15000.0,0.0,28.0,0.0
158000.0,21000.0,0.0,30.0,0.0
111000.0,15450.0,1.0,30.0,0.0
158000.0,11000.0,0.0,29.0,0.0
158000.0,10000.0,0.0,35.0,0.0
158000.0,20000.0,0.0,29.0,0.0
158367.0,12000.0,0.0,28.0,0.0
159000.0,15000.0,0.0,28.0,0.0
159996.0,10000.0,0.0,29.0,0.0
38000.0,15500.0,0.0,29.0,1.0
160000.0,34000.0,0.0,28.0,0.0
148000.0,28000.0,1.0,27.0,1.0
160000.0,25000.0,0.0,34.0,0.0
160000.0,23000.0,0.0,34.0,0.0
160000.0,7000.0,0.0,30.0,0.0
68324.0,15600.0,1.0,35.0,0.0
160000.0,22000.0,0.0,33.0,0.0
160000.0,12000.0,0.0,32.0,0.0
90000.0,15600.0,0.0,27.0,0.0
160000.0,25000.0,0.0,27.0,0.0
160000.0,17400.0,0.0,32.0,0.0
100000.0,15600.0,1.0,27.0,0.0
160000.0,24000.0,0.0,35.0,0.0
160000.0,23000.0,0.0,28.0,0.0
148000.0,25000.0,1.0,35.0,1.0
162480.0,25000.0,0.0,29.0,0.0
55000.0,15800.0,0.0,30.0,0.0
151000.0,20000.0,1.0,27.0,1.0
163232.0,4800.0,0.0,27.0,0.0
165000.0,35000.0,0.0,27.0,0.0
165000.0,10000.0,0.0,29.0,0.0
165000.0,12000.0,0.0,34.0,0.0
72000.0,15900.0,0.0,29.0,0.0
165000.0,8000.0,0.0,35.0,0.0
130050.0,10000.0,1.0,33.0,1.0
153000.0,23100.0,1.0,33.0,1.0
165000.0,12400.0,0.0,28.0,0.0
80000.0,16000.0,0.0,27.0,0.0
168000.0,25000.0,0.0,31.0,0.0
168000.0,15500.0,0.0,31.0,0.0
74000.0,16000.0,1.0,29.0,1.0
170000.0,6000.0,0.0,32.0,0.0
170000.0,18000.0,0.0,29.0,0.0
62900.0,16000.0,0.0,32.0,1.0
74000.0,16000.0,1.0,29.0,1.0
170000.0,20000.0,1.0,28.0,0.0
158000.0,15000.0,1.0,33.0,1.0
84000.0,16000.0,0.0,27.0,0.0
170000.0,14000.0,0.0,30.0,0.0
170000.0,21000.0,0.0,33.0,0.0
172000.0,16000.0,0.0,33.0,0.0
85000.0,16000.0,1.0,31.0,0.0
173088.0,8000.0,1.0,29.0,0.0
163000.0,3500.0,0.0,30.0,1.0
175000.0,15000.0,0.0,27.0,0.0
90000.0,16000.0,0.0,27.0,0.0
175000.0,12000.0,0.0,34.0,0.0
90000.0,16000.0,0.0,28.0,0.0
90000.0,16000.0,0.0,27.0,0.0
175000.0,11500.0,0.0,27.0,0.0
175000.0,25000.0,0.0,33.0,0.0
175000.0,2500.0,0.0,29.0,0.0
175000.0,24000.0,0.0,35.0,0.0
163400.0,10000.0,0.0,33.0,1.0
176000.0,25000.0,0.0,28.0,0.0
164000.0,2400.0,0.0,32.0,1.0
176608.0,21125.0,1.0,28.0,0.0
70550.0,16000.0,0.0,31.0,1.0
178650.0,20000.0,0.0,33.0,0.0
179000.0,11200.0,0.0,31.0,0.0
180000.0,14000.0,0.0,30.0,0.0
180000.0,6000.0,0.0,30.0,0.0
180000.0,28000.0,0.0,30.0,0.0
180000.0,12000.0,1.0,29.0,0.0
180000.0,8000.0,1.0,27.0,0.0
100000.0,16000.0,0.0,27.0,0.0
182004.0,7200.0,0.0,30.0,0.0
170496.0,15000.0,0.0,27.0,1.0
182500.0,15000.0,1.0,34.0,0.0
101000.0,16000.0,0.0,34.0,0.0
107000.0,16000.0,0.0,28.0,0.0
189000.0,5125.0,1.0,27.0,0.0
189000.0,16000.0,0.0,30.0,0.0
110000.0,16000.0,0.0,27.0,0.0
193086.0,11125.0,0.0,29.0,0.0
195000.0,6000.0,0.0,34.0,0.0
195000.0,6000.0,0.0,34.0,0.0
198171.0,5000.0,0.0,30.0,0.0
199000.0,10000.0,0.0,28.0,0.0
200000.0,7000.0,0.0,27.0,0.0
200000.0,7800.0,0.0,31.0,0.0
200000.0,21600.0,0.0,30.0,0.0
200000.0,12000.0,0.0,29.0,0.0
200000.0,23500.0,0.0,31.0,0.0
200000.0,23000.0,0.0,29.0,0.0
188000.0,10000.0,0.0,32.0,1.0
200000.0,25000.0,0.0,33.0,0.0
130000.0,16000.0,0.0,34.0,0.0
201000.0,20000.0,1.0,33.0,0.0
201000.0,15000.0,0.0,31.0,0.0
201000.0,18000.0,0.0,29.0,0.0
192000.0,15000.0,0.0,27.0,1.0
204000.0,25000.0,0.0,32.0,0.0
195000.0,3600.0,0.0,29.0,1.0
210000.0,20000.0,0.0,33.0,0.0
210000.0,14000.0,0.0,29.0,0.0
170000.0,16000.0,0.0,27.0,0.0
200000.0,16000.0,0.0,29.0,0.0
200000.0,16000.0,1.0,28.0,0.0
215000.0,15000.0,0.0,31.0,0.0
300000.0,16000.0,0.0,29.0,0.0
220000.0,33000.0,0.0,32.0,0.0
220000.0,7350.0,0.0,34.0,0.0
220000.0,2500.0,0.0,29.0,0.0
220000.0,11275.0,0.0,34.0,0.0
220000.0,8500.0,0.0,29.0,0.0
222000.0,13000.0,0.0,34.0,0.0
225000.0,5000.0,0.0,35.0,0.0
572400.0,16000.0,0.0,32.0,0.0
213000.0,35000.0,1.0,27.0,1.0
225000.0,3000.0,0.0,34.0,0.0
225000.0,20000.0,0.0,28.0,0.0
35576.0,19000.0,0.0,30.0,1.0
225000.0,6000.0,0.0,28.0,0.0
228000.0,12800.0,0.0,30.0,0.0
228000.0,6000.0,0.0,27.0,0.0
230000.0,12000.0,1.0,30.0,0.0
218000.0,25000.0,1.0,29.0,1.0
230000.0,10000.0,0.0,28.0,0.0
234600.0,7500.0,1.0,35.0,0.0
235000.0,28000.0,0.0,27.0,0.0
235000.0,25000.0,0.0,33.0,0.0
60000.0,19200.0,0.0,28.0,1.0
235000.0,11200.0,0.0,31.0,0.0
223800.0,25000.0,0.0,30.0,1.0
191250.0,9000.0,0.0,28.0,1.0
237000.0,21000.0,0.0,32.0,0.0
240000.0,12000.0,0.0,29.0,0.0
240000.0,15000.0,1.0,33.0,0.0
242400.0,35000.0,0.0,29.0,0.0
79636.0,19200.0,1.0,27.0,0.0
244000.0,15000.0,1.0,27.0,0.0
245000.0,18000.0,1.0,28.0,0.0
249996.0,14000.0,0.0,32.0,0.0
249999.0,25000.0,0.0,29.0,0.0
250000.0,10000.0,0.0,29.0,0.0
250000.0,15000.0,1.0,30.0,0.0
250000.0,12000.0,1.0,31.0,0.0
250000.0,20000.0,0.0,32.0,0.0
250000.0,20000.0,0.0,29.0,0.0
250000.0,5000.0,0.0,30.0,0.0
75500.0,19200.0,0.0,34.0,1.0
262000.0,12800.0,0.0,32.0,0.0
253000.0,24000.0,0.0,30.0,1.0
265000.0,25000.0,0.0,29.0,0.0
266000.0,9000.0,0.0,28.0,0.0
275000.0,7000.0,0.0,30.0,0.0
275000.0,30000.0,0.0,31.0,0.0
90000.0,19200.0,0.0,27.0,0.0
275004.0,25000.0,1.0,34.0,0.0
95000.0,19200.0,0.0,32.0,0.0
290000.0,13175.0,0.0,29.0,0.0
290000.0,7875.0,0.0,27.0,0.0
294000.0,12000.0,0.0,31.0,0.0
300000.0,35000.0,0.0,30.0,0.0
300000.0,9600.0,1.0,28.0,0.0
300000.0,10125.0,0.0,28.0,0.0
288000.0,18000.0,1.0,28.0,1.0
300000.0,35000.0,0.0,31.0,0.0
300000.0,10800.0,0.0,28.0,0.0
300000.0,24000.0,0.0,32.0,0.0
300000.0,6000.0,0.0,30.0,0.0
300000.0,20000.0,0.0,30.0,0.0
300000.0,25000.0,1.0,33.0,0.0
320000.0,28000.0,0.0,27.0,0.0
320000.0,14000.0,0.0,33.0,0.0
325000.0,10000.0,0.0,31.0,0.0
270300.0,25000.0,0.0,28.0,1.0
273700.0,25000.0,0.0,35.0,1.0
350000.0,12000.0,0.0,29.0,0.0
357000.0,14000.0,1.0,34.0,0.0
371000.0,5875.0,0.0,31.0,0.0
385000.0,19925.0,0.0,32.0,0.0
410000.0,35000.0,0.0,33.0,0.0
415000.0,15500.0,1.0,35.0,0.0
420000.0,8000.0,0.0,29.0,0.0
445000.0,25000.0,0.0,29.0,0.0
450000.0,25000.0,0.0,29.0,0.0
480000.0,6500.0,0.0,29.0,0.0
397800.0,14000.0,1.0,34.0,1.0
522000.0,2500.0,0.0,30.0,0.0
10080.0,7200.0,0.0,33.0,1.0
71000.0,19600.0,1.0,33.0,1.0
83300.0,19600.0,1.0,32.0,1.0
604000.0,25000.0,0.0,28.0,1.0
741600.0,12000.0,0.0,31.0,0.0
750000.0,30000.0,0.0,32.0,0.0
762000.0,10000.0,0.0,35.0,0.0
9600.0,2600.0,0.0,29.0,1.0
9600.0,1500.0,1.0,30.0,1.0
8500.0,4500.0,0.0,29.0,1.0
8472.0,3000.0,0.0,29.0,1.0
8000.0,4750.0,0.0,28.0,1.0
6000.0,3250.0,0.0,29.0,1.0
64000.0,10200.0,0.0,30.0,0.0
42504.0,7200.0,0.0,27.0,0.0
120000.0,25000.0,1.0,34.0,0.0
62000.0,15000.0,0.0,28.0,0.0
41004.0,5000.0,0.0,31.0,0.0
46000.0,6000.0,0.0,29.0,0.0
155000.0,6000.0,0.0,30.0,0.0
45996.0,1800.0,0.0,32.0,0.0
35000.0,1800.0,0.0,29.0,0.0
40000.0,19200.0,0.0,28.0,0.0
50402.0,3000.0,1.0,31.0,0.0
25000.0,7000.0,0.0,28.0,0.0
50000.0,4200.0,0.0,29.0,0.0
21340.0,8000.0,0.0,35.0,1.0
32004.0,4000.0,0.0,32.0,0.0
97750.0,20000.0,1.0,30.0,1.0
68000.0,10000.0,0.0,29.0,0.0
50000.0,5000.0,0.0,28.0,0.0
21600.0,1500.0,0.0,30.0,1.0
50000.0,2000.0,0.0,31.0,0.0
65000.0,12800.0,0.0,30.0,0.0
28800.0,5000.0,1.0,27.0,0.0
72000.0,18000.0,0.0,28.0,0.0
45000.0,8000.0,0.0,32.0,0.0
39000.0,5000.0,1.0,27.0,1.0
56000.0,3000.0,0.0,31.0,0.0
75000.0,10000.0,0.0,32.0,0.0
60682.0,8650.0,0.0,31.0,0.0
45600.0,2000.0,0.0,29.0,0.0
52000.0,5100.0,0.0,27.0,0.0
56628.0,12000.0,0.0,30.0,0.0
46000.0,3000.0,0.0,32.0,1.0
69000.0,6000.0,0.0,27.0,1.0
51000.0,1600.0,0.0,27.0,0.0
50000.0,6000.0,1.0,33.0,0.0
44000.0,10000.0,1.0,34.0,0.0
30000.0,11000.0,0.0,27.0,1.0
80000.0,15000.0,0.0,27.0,0.0
58000.0,14400.0,0.0,33.0,0.0
110000.0,12000.0,1.0,30.0,0.0
42000.0,4200.0,0.0,27.0,0.0
82000.0,10000.0,0.0,32.0,0.0
50004.0,2200.0,1.0,32.0,0.0
67000.0,10000.0,0.0,29.0,0.0
45000.0,10000.0,0.0,28.0,0.0
46800.0,6000.0,0.0,27.0,0.0
231252.0,2000.0,0.0,27.0,0.0
38196.0,10750.0,0.0,28.0,0.0
120000.0,4700.0,0.0,29.0,0.0
77800.0,9000.0,0.0,29.0,0.0
68000.0,6000.0,0.0,31.0,0.0
52000.0,12000.0,1.0,29.0,0.0
55000.0,12000.0,0.0,30.0,0.0
75000.0,8000.0,0.0,29.0,0.0
62475.0,9600.0,1.0,35.0,1.0
240000.0,35000.0,0.0,29.0,0.0
40000.0,8000.0,0.0,35.0,0.0
47000.0,13000.0,0.0,27.0,0.0
116000.0,25000.0,0.0,27.0,1.0
61000.0,2000.0,0.0,32.0,0.0
35600.0,6000.0,1.0,33.0,1.0
34000.0,2000.0,0.0,29.0,0.0
34000.0,5000.0,0.0,31.0,0.0
95000.0,5000.0,0.0,28.0,0.0
117000.0,21000.0,0.0,29.0,0.0
61000.0,1200.0,0.0,27.0,0.0
60000.0,7400.0,0.0,30.0,0.0
95000.0,12000.0,0.0,30.0,0.0
60000.0,17000.0,0.0,33.0,0.0
72250.0,25000.0,1.0,33.0,1.0
31000.0,5000.0,0.0,32.0,1.0
72000.0,9600.0,0.0,30.0,0.0
156000.0,5000.0,0.0,27.0,0.0
280000.0,15000.0,1.0,29.0,0.0
60000.0,4750.0,0.0,31.0,0.0
80000.0,7050.0,0.0,35.0,0.0
33996.0,6000.0,0.0,27.0,0.0
52000.0,3000.0,0.0,35.0,0.0
30000.0,3000.0,0.0,31.0,0.0
201000.0,15000.0,0.0,31.0,0.0
59000.0,8750.0,0.0,31.0,0.0
84000.0,20000.0,0.0,29.0,0.0
54000.0,13000.0,1.0,32.0,0.0
100000.0,10000.0,0.0,29.0,0.0
64900.0,25000.0,0.0,28.0,1.0
85500.0,11000.0,1.0,27.0,1.0
120000.0,28000.0,0.0,31.0,0.0
60000.0,10000.0,0.0,28.0,0.0
31500.0,6000.0,0.0,27.0,1.0
260000.0,25000.0,1.0,31.0,0.0
40000.0,7000.0,0.0,32.0,0.0
50000.0,6400.0,1.0,27.0,0.0
74400.0,3600.0,0.0,33.0,0.0
139008.0,15000.0,0.0,30.0,0.0
14400.0,2000.0,0.0,33.0,0.0
52000.0,7800.0,0.0,29.0,0.0
56525.0,12000.0,0.0,27.0,1.0
101000.0,5000.0,0.0,33.0,0.0
43218.0,5300.0,1.0,27.0,0.0
75000.0,6000.0,1.0,30.0,0.0
122004.0,10000.0,0.0,32.0,0.0
82000.0,10000.0,0.0,27.0,0.0
33000.0,8000.0,0.0,28.0,1.0
30000.0,11975.0,0.0,33.0,1.0
148750.0,12000.0,0.0,34.0,1.0
104000.0,10000.0,0.0,27.0,0.0
39996.0,8000.0,0.0,27.0,0.0
50000.0,2000.0,0.0,28.0,1.0
40000.0,12000.0,0.0,28.0,0.0
25200.0,2550.0,0.0,27.0,0.0
80000.0,6400.0,0.0,32.0,0.0
42000.0,1850.0,0.0,30.0,0.0
48000.0,6025.0,0.0,29.0,0.0
65000.0,12000.0,0.0,29.0,0.0
70000.0,5000.0,0.0,28.0,0.0
42996.0,6000.0,0.0,29.0,1.0
60000.0,1500.0,0.0,29.0,0.0
24000.0,6200.0,0.0,31.0,0.0
99000.0,9000.0,0.0,27.0,0.0
207182.0,22000.0,0.0,27.0,0.0
78500.0,8000.0,0.0,27.0,0.0
65000.0,10000.0,0.0,31.0,0.0
71000.0,5300.0,0.0,33.0,0.0
99000.0,6000.0,0.0,29.0,0.0
56400.0,7000.0,0.0,30.0,1.0
67992.0,2000.0,0.0,29.0,0.0
140000.0,13000.0,0.0,33.0,0.0
90000.0,4200.0,0.0,33.0,0.0
99000.0,8000.0,1.0,29.0,0.0
50000.0,15000.0,0.0,27.0,0.0
85000.0,3600.0,0.0,35.0,0.0
15000.0,3700.0,0.0,35.0,1.0
42000.0,9600.0,0.0,28.0,0.0
64900.0,10000.0,0.0,31.0,0.0
47380.0,15000.0,0.0,27.0,0.0
44000.0,5400.0,1.0,29.0,1.0
83300.0,20000.0,1.0,27.0,1.0
50725.0,5400.0,1.0,34.0,0.0
37440.0,8000.0,0.0,35.0,0.0
43288.0,10000.0,0.0,31.0,0.0
120000.0,12000.0,0.0,32.0,0.0
77250.0,10000.0,0.0,28.0,0.0
71000.0,12000.0,0.0,30.0,0.0
73000.0,2500.0,1.0,29.0,0.0
168000.0,15500.0,0.0,31.0,0.0
53004.0,20000.0,1.0,33.0,1.0
101000.0,20000.0,0.0,32.0,0.0
12000.0,4500.0,0.0,29.0,1.0
50000.0,6000.0,1.0,31.0,0.0
110000.0,2500.0,0.0,27.0,0.0
24000.0,10000.0,0.0,28.0,1.0
151800.0,17525.0,1.0,30.0,0.0
63504.0,3500.0,0.0,34.0,0.0
67000.0,12000.0,1.0,27.0,0.0
49200.0,2500.0,0.0,27.0,0.0
80400.0,8000.0,0.0,29.0,0.0
101500.0,18000.0,0.0,30.0,0.0
51996.0,9600.0,0.0,27.0,0.0
31000.0,1000.0,0.0,28.0,0.0
49000.0,6300.0,0.0,32.0,0.0
64000.0,5000.0,0.0,28.0,0.0
63000.0,10000.0,1.0,29.0,0.0
64000.0,8000.0,1.0,31.0,0.0
31000.0,4000.0,0.0,27.0,0.0
30720.0,6000.0,0.0,35.0,0.0
45000.0,12000.0,0.0,27.0,0.0
94000.0,15000.0,0.0,35.0,0.0
50000.0,12000.0,0.0,27.0,0.0
38400.0,10000.0,0.0,33.0,0.0
140000.0,12000.0,0.0,28.0,0.0
275000.0,25000.0,0.0,31.0,0.0
28000.0,3000.0,0.0,34.0,0.0
25200.0,11500.0,0.0,28.0,1.0
59363.0,6000.0,1.0,32.0,0.0
32000.0,9000.0,0.0,29.0,0.0
92300.0,17500.0,0.0,27.0,0.0
160000.0,24000.0,0.0,35.0,0.0
98000.0,17000.0,0.0,27.0,0.0
32004.0,5500.0,0.0,30.0,0.0
40000.0,3000.0,0.0,30.0,0.0
85000.0,7500.0,1.0,32.0,0.0
75000.0,6500.0,0.0,29.0,0.0
55000.0,12000.0,0.0,29.0,0.0
71400.0,5000.0,0.0,28.0,1.0
61000.0,15000.0,0.0,29.0,1.0
190000.0,22000.0,0.0,27.0,0.0
102000.0,15000.0,0.0,27.0,0.0
84000.0,9000.0,0.0,34.0,0.0
18720.0,3500.0,0.0,33.0,1.0
82500.0,11000.0,0.0,28.0,0.0
18000.0,3000.0,0.0,29.0,1.0
130500.0,25000.0,0.0,30.0,1.0
105000.0,24250.0,0.0,30.0,0.0
55000.0,5000.0,1.0,28.0,0.0
19200.0,4000.0,0.0,29.0,1.0
65007.0,25000.0,1.0,28.0,1.0
21600.0,2500.0,1.0,35.0,0.0
65000.0,5600.0,0.0,32.0,0.0
101400.0,4500.0,0.0,35.0,0.0
55000.0,8000.0,0.0,31.0,0.0
10800.0,2000.0,1.0,31.0,1.0
48000.0,2800.0,0.0,27.0,0.0
44630.0,10825.0,0.0,27.0,0.0
71000.0,8000.0,0.0,30.0,0.0
106000.0,4000.0,0.0,27.0,0.0
130000.0,5000.0,1.0,34.0,0.0
72500.0,8875.0,0.0,31.0,0.0
125000.0,5750.0,0.0,30.0,0.0
165000.0,8000.0,0.0,35.0,0.0
125004.0,12000.0,0.0,33.0,0.0
103000.0,8800.0,0.0,27.0,0.0
25200.0,5000.0,0.0,32.0,0.0
43500.0,4000.0,0.0,28.0,0.0
30000.0,4975.0,0.0,27.0,0.0
66000.0,2550.0,0.0,31.0,0.0
225000.0,9000.0,1.0,28.0,1.0
85000.0,20000.0,0.0,35.0,0.0
54000.0,32000.0,1.0,33.0,1.0
42996.0,8200.0,0.0,33.0,0.0
50000.0,9600.0,0.0,32.0,0.0
31200.0,14000.0,1.0,27.0,0.0
55000.0,4000.0,0.0,29.0,0.0
43000.0,13350.0,0.0,31.0,1.0
11029.0,2150.0,1.0,28.0,1.0
100000.0,5000.0,0.0,27.0,0.0
40000.0,4000.0,0.0,32.0,0.0
98056.0,6000.0,0.0,32.0,0.0
54000.0,7500.0,0.0,29.0,1.0
140000.0,12000.0,0.0,31.0,0.0
42000.0,12000.0,1.0,33.0,0.0
80004.0,12000.0,0.0,28.0,0.0
44500.0,20000.0,0.0,28.0,0.0
116400.0,8900.0,0.0,31.0,0.0
40000.0,25000.0,0.0,29.0,0.0
59000.0,6000.0,0.0,29.0,0.0
71000.0,4000.0,0.0,29.0,0.0
42000.0,12000.0,0.0,28.0,0.0
75000.0,12000.0,0.0,29.0,0.0
104000.0,12800.0,0.0,27.0,0.0
20000.0,4000.0,0.0,28.0,0.0
48000.0,2000.0,0.0,35.0,0.0
32000.0,10800.0,0.0,29.0,1.0
54000.0,10000.0,0.0,34.0,0.0
95000.0,18000.0,0.0,27.0,0.0
70000.0,10000.0,0.0,29.0,0.0
40000.0,6400.0,0.0,27.0,0.0
37000.0,22000.0,1.0,31.0,0.0
55000.0,3500.0,0.0,33.0,0.0
40000.0,15000.0,0.0,33.0,1.0
36000.0,10000.0,1.0,31.0,0.0
72000.0,9800.0,0.0,31.0,0.0
26000.0,8000.0,0.0,35.0,1.0
103000.0,9000.0,1.0,33.0,1.0
65200.0,7000.0,0.0,31.0,0.0
47300.0,12000.0,0.0,34.0,0.0
86000.0,15600.0,0.0,28.0,0.0
51000.0,20400.0,1.0,28.0,1.0
45000.0,10000.0,1.0,29.0,0.0
44500.0,15000.0,0.0,32.0,0.0
62000.0,3700.0,0.0,33.0,0.0
66000.0,7000.0,0.0,29.0,0.0
114000.0,6000.0,0.0,32.0,0.0
81120.0,18000.0,0.0,30.0,0.0
66000.0,11200.0,0.0,30.0,1.0
92000.0,20000.0,1.0,29.0,0.0
72000.0,4250.0,0.0,33.0,0.0
160000.0,23000.0,0.0,28.0,0.0
76000.0,1000.0,0.0,35.0,0.0
85000.0,3800.0,0.0,27.0,0.0
100000.0,20000.0,0.0,31.0,0.0
70000.0,7000.0,0.0,30.0,0.0
45600.0,6400.0,0.0,30.0,0.0
62000.0,28000.0,0.0,34.0,0.0
78996.0,6000.0,0.0,31.0,1.0
46000.0,9000.0,0.0,32.0,0.0
64000.0,15000.0,0.0,29.0,1.0
157544.0,35000.0,1.0,27.0,0.0
34000.0,16750.0,0.0,27.0,0.0
71000.0,12000.0,1.0,29.0,0.0
36000.0,15000.0,0.0,30.0,0.0
84906.0,4500.0,0.0,27.0,0.0
50000.0,14000.0,1.0,28.0,0.0
150000.0,21000.0,0.0,30.0,0.0
25000.0,3000.0,0.0,32.0,0.0
55000.0,2500.0,0.0,34.0,0.0
110000.0,11000.0,0.0,28.0,0.0
42000.0,5000.0,1.0,29.0,1.0
31000.0,12000.0,0.0,30.0,1.0
114132.0,14400.0,0.0,30.0,1.0
56000.0,10000.0,0.0,32.0,0.0
90000.0,20000.0,1.0,32.0,0.0
61000.0,6000.0,0.0,33.0,0.0
38500.0,3000.0,0.0,27.0,0.0
60000.0,7000.0,0.0,27.0,0.0
68736.0,1200.0,0.0,33.0,0.0
68000.0,13600.0,0.0,31.0,0.0
100970.0,20000.0,0.0,27.0,0.0
103992.0,18000.0,0.0,28.0,0.0
120000.0,35000.0,0.0,29.0,0.0
41000.0,4000.0,1.0,28.0,1.0
73992.0,20000.0,0.0,28.0,0.0
20400.0,5500.0,0.0,27.0,0.0
28800.0,2500.0,0.0,34.0,1.0
35000.0,4200.0,0.0,29.0,0.0
15600.0,2800.0,0.0,27.0,1.0
27000.0,4500.0,1.0,32.0,0.0
70000.0,4000.0,0.0,29.0,0.0
35000.0,10000.0,0.0,33.0,0.0
170000.0,12075.0,0.0,27.0,0.0
51000.0,4800.0,0.0,30.0,0.0
263004.0,25000.0,1.0,34.0,1.0
17676.0,2500.0,1.0,31.0,0.0
86500.0,25000.0,1.0,31.0,0.0
209000.0,15000.0,0.0,28.0,0.0
102000.0,20000.0,0.0,35.0,0.0
80000.0,6000.0,0.0,33.0,0.0
80000.0,20000.0,0.0,27.0,0.0
68000.0,15000.0,1.0,34.0,0.0
44400.0,2000.0,1.0,33.0,1.0
20000.0,4750.0,0.0,32.0,0.0
102540.0,1500.0,0.0,30.0,0.0
42000.0,3000.0,0.0,27.0,0.0
53000.0,12000.0,0.0,30.0,0.0
762000.0,10000.0,0.0,35.0,0.0
112000.0,6000.0,0.0,28.0,0.0
91800.0,25000.0,0.0,27.0,1.0
60000.0,25000.0,1.0,29.0,1.0
130000.0,12000.0,0.0,32.0,0.0
108000.0,20000.0,1.0,28.0,1.0
130000.0,7000.0,0.0,30.0,0.0
30000.0,3000.0,0.0,28.0,0.0
33600.0,8000.0,0.0,32.0,0.0
82000.0,15000.0,1.0,28.0,0.0
50800.0,10000.0,1.0,33.0,0.0
25000.0,10000.0,0.0,32.0,1.0
30996.0,5775.0,0.0,27.0,1.0
19000.0,8325.0,0.0,32.0,1.0
50000.0,9725.0,0.0,29.0,0.0
98000.0,16000.0,0.0,34.0,0.0
75400.0,6000.0,0.0,27.0,0.0
36000.0,10000.0,0.0,28.0,0.0
56400.0,7500.0,0.0,31.0,0.0
92500.0,13050.0,0.0,34.0,0.0
124100.0,10175.0,0.0,27.0,1.0
48000.0,8400.0,0.0,34.0,0.0
108000.0,27400.0,0.0,28.0,0.0
45000.0,4000.0,0.0,32.0,0.0
45000.0,5000.0,1.0,30.0,1.0
35000.0,15000.0,0.0,34.0,1.0
40000.0,5500.0,0.0,30.0,0.0
70000.0,7800.0,0.0,28.0,0.0
37600.0,15000.0,1.0,30.0,1.0
48000.0,15000.0,0.0,28.0,1.0
30000.0,6475.0,0.0,35.0,0.0
35000.0,3000.0,0.0,28.0,1.0
46097.0,6000.0,0.0,28.0,0.0
44500.0,10000.0,0.0,28.0,0.0
112200.0,7000.0,1.0,28.0,0.0
32000.0,6525.0,1.0,29.0,1.0
82000.0,16750.0,0.0,28.0,1.0
50000.0,8000.0,0.0,27.0,0.0
18000.0,4750.0,0.0,32.0,1.0
64000.0,8000.0,0.0,34.0,0.0
83000.0,20000.0,0.0,30.0,0.0
61000.0,12000.0,0.0,28.0,0.0
100000.0,10000.0,0.0,35.0,0.0
176000.0,2400.0,1.0,32.0,0.0
55000.0,20000.0,0.0,28.0,0.0
65000.0,18000.0,0.0,27.0,0.0
67092.0,9000.0,1.0,30.0,0.0
36000.0,2600.0,0.0,32.0,0.0
127000.0,24250.0,0.0,29.0,0.0
91000.0,10000.0,0.0,35.0,0.0
60000.0,14000.0,0.0,29.0,0.0
125000.0,10000.0,0.0,29.0,0.0
24000.0,2400.0,1.0,34.0,0.0
71000.0,14000.0,0.0,32.0,0.0
219300.0,35000.0,0.0,30.0,1.0
26237.0,12000.0,0.0,27.0,1.0
74360.0,8725.0,0.0,29.0,0.0
38000.0,6000.0,0.0,30.0,0.0
40000.0,14000.0,0.0,28.0,1.0
50000.0,10000.0,0.0,33.0,0.0
70000.0,15000.0,1.0,30.0,0.0
96000.0,6000.0,0.0,30.0,0.0
87000.0,9000.0,1.0,33.0,0.0
70000.0,20000.0,0.0,34.0,0.0
50000.0,15000.0,0.0,28.0,0.0
62400.0,8000.0,0.0,29.0,0.0
24000.0,4400.0,0.0,31.0,1.0
59004.0,8000.0,0.0,28.0,1.0
60000.0,6000.0,1.0,30.0,0.0
42000.0,4800.0,0.0,28.0,0.0
115000.0,2850.0,0.0,28.0,0.0
69000.0,12800.0,0.0,34.0,1.0
40000.0,9000.0,1.0,30.0,0.0
53000.0,7000.0,0.0,28.0,0.0
47900.0,11000.0,0.0,32.0,0.0
60000.0,15000.0,0.0,27.0,0.0
60000.0,8000.0,0.0,30.0,0.0
40000.0,14000.0,0.0,31.0,0.0
45000.0,6500.0,1.0,35.0,0.0
85000.0,4200.0,0.0,30.0,0.0
32000.0,5800.0,0.0,27.0,0.0
41600.0,17500.0,0.0,34.0,0.0
95000.0,2400.0,0.0,29.0,0.0
36000.0,12000.0,0.0,29.0,1.0
39000.0,5000.0,0.0,28.0,0.0
20000.0,5500.0,0.0,35.0,0.0
35000.0,6000.0,0.0,33.0,0.0
105000.0,15400.0,0.0,30.0,0.0
49000.0,8500.0,0.0,30.0,0.0
62000.0,8000.0,0.0,33.0,0.0
30000.0,6000.0,1.0,33.0,1.0
32000.0,8000.0,0.0,29.0,0.0
90000.0,16000.0,0.0,27.0,0.0
19200.0,5000.0,0.0,32.0,1.0
101000.0,15000.0,1.0,32.0,1.0
200000.0,16000.0,0.0,29.0,0.0
95200.0,15000.0,0.0,32.0,0.0
101000.0,20000.0,0.0,31.0,0.0
19498.0,9575.0,0.0,27.0,1.0
31000.0,7400.0,0.0,32.0,1.0
68000.0,2500.0,0.0,28.0,0.0
37500.0,3300.0,0.0,29.0,0.0
52000.0,10000.0,0.0,29.0,0.0
84996.0,9000.0,0.0,32.0,0.0
90000.0,24250.0,0.0,34.0,0.0
36500.0,10000.0,0.0,33.0,0.0
26400.0,3600.0,0.0,34.0,0.0
45000.0,12000.0,0.0,29.0,0.0
48000.0,5200.0,0.0,32.0,0.0
40000.0,20000.0,0.0,27.0,1.0
65000.0,7500.0,0.0,31.0,0.0
84000.0,12000.0,0.0,30.0,0.0
25000.0,3000.0,1.0,33.0,0.0
53004.0,5600.0,0.0,27.0,0.0
66300.0,21000.0,1.0,27.0,1.0
64049.0,20000.0,0.0,28.0,0.0
131040.0,10000.0,1.0,28.0,0.0
35000.0,10000.0,1.0,27.0,0.0
235000.0,28000.0,0.0,27.0,0.0
33600.0,3000.0,0.0,28.0,0.0
50400.0,18500.0,0.0,28.0,1.0
40000.0,7200.0,0.0,27.0,0.0
75000.0,10000.0,0.0,31.0,0.0
103000.0,33000.0,1.0,32.0,1.0
42564.0,15000.0,0.0,30.0,1.0
40000.0,8000.0,0.0,27.0,0.0
80000.0,20000.0,0.0,27.0,0.0
45150.0,18000.0,0.0,27.0,1.0
35000.0,8000.0,0.0,27.0,0.0
24000.0,5000.0,0.0,30.0,0.0
144000.0,16000.0,0.0,29.0,0.0
63000.0,9500.0,0.0,27.0,0.0
50004.0,1500.0,0.0,29.0,0.0
50500.0,5200.0,0.0,28.0,0.0
21600.0,10000.0,0.0,33.0,1.0
120000.0,7000.0,0.0,27.0,0.0
110000.0,15000.0,0.0,28.0,0.0
100000.0,12000.0,0.0,27.0,0.0
56784.0,12000.0,1.0,32.0,0.0
48000.0,4000.0,0.0,27.0,1.0
97356.0,20000.0,1.0,34.0,0.0
53000.0,12000.0,1.0,33.0,0.0
64000.0,14500.0,0.0,35.0,0.0
89000.0,10000.0,0.0,31.0,0.0
106000.0,2400.0,0.0,31.0,0.0
120000.0,14000.0,0.0,27.0,0.0
24000.0,5000.0,0.0,28.0,0.0
60000.0,13500.0,0.0,29.0,0.0
110000.0,12000.0,0.0,28.0,0.0
85000.0,8000.0,0.0,28.0,0.0
265000.0,24000.0,1.0,30.0,0.0
126000.0,9600.0,0.0,34.0,0.0
86000.0,15000.0,0.0,33.0,0.0
49000.0,5600.0,0.0,31.0,0.0
136092.0,8000.0,0.0,28.0,0.0
66725.0,9000.0,0.0,28.0,1.0
33400.0,16700.0,0.0,28.0,0.0
100000.0,25000.0,0.0,33.0,0.0
96000.0,8000.0,0.0,33.0,0.0
38004.0,1500.0,0.0,29.0,1.0
60000.0,22000.0,0.0,31.0,1.0
135000.0,15000.0,1.0,31.0,0.0
28000.0,10000.0,1.0,29.0,1.0
37000.0,2000.0,0.0,35.0,0.0
160000.0,25000.0,1.0,34.0,0.0
26400.0,8000.0,0.0,32.0,0.0
238000.0,12000.0,1.0,31.0,1.0
42240.0,12000.0,0.0,28.0,0.0
90000.0,12000.0,0.0,28.0,0.0
74000.0,25000.0,0.0,29.0,0.0
120000.0,17500.0,0.0,29.0,0.0
30000.0,7500.0,0.0,28.0,0.0
57000.0,4000.0,0.0,30.0,0.0
227500.0,25000.0,0.0,32.0,0.0
54000.0,12000.0,0.0,27.0,1.0
77000.0,35000.0,1.0,34.0,1.0
84000.0,9250.0,0.0,34.0,0.0
66920.0,5000.0,0.0,28.0,0.0
71400.0,9600.0,1.0,30.0,0.0
39996.0,15000.0,0.0,35.0,1.0
60000.0,15000.0,0.0,31.0,0.0
50000.0,5050.0,1.0,29.0,0.0
200000.0,10000.0,0.0,30.0,0.0
27000.0,5000.0,0.0,29.0,0.0
78504.0,10000.0,0.0,31.0,0.0
32004.0,4000.0,0.0,33.0,0.0
120000.0,8400.0,0.0,27.0,0.0
30000.0,5100.0,0.0,30.0,0.0
80000.0,15000.0,0.0,31.0,0.0
45000.0,9000.0,0.0,28.0,0.0
60000.0,4000.0,1.0,35.0,0.0
160000.0,22000.0,0.0,33.0,0.0
76596.0,17600.0,0.0,29.0,0.0
78000.0,6000.0,0.0,27.0,0.0
126000.0,12000.0,0.0,28.0,0.0
120000.0,6600.0,0.0,32.0,0.0
45727.0,1000.0,0.0,27.0,0.0
120000.0,11050.0,0.0,27.0,0.0
44000.0,8000.0,0.0,28.0,0.0
260000.0,20000.0,0.0,29.0,0.0
69790.0,18000.0,0.0,27.0,0.0
60000.0,8500.0,0.0,29.0,0.0
21996.0,9250.0,1.0,33.0,1.0
50000.0,21850.0,0.0,29.0,0.0
49548.0,2800.0,0.0,33.0,0.0
148000.0,10000.0,0.0,30.0,0.0
60000.0,6000.0,0.0,28.0,0.0
59600.0,5000.0,0.0,28.0,0.0
60000.0,9000.0,0.0,33.0,0.0
31200.0,7500.0,0.0,27.0,0.0
258000.0,35000.0,0.0,27.0,1.0
55000.0,1200.0,0.0,29.0,0.0
53408.0,1400.0,0.0,32.0,0.0
59000.0,5000.0,0.0,28.0,0.0
33000.0,1000.0,1.0,30.0,0.0
50000.0,6300.0,0.0,29.0,0.0
27996.0,8500.0,0.0,35.0,0.0
73000.0,16000.0,0.0,31.0,1.0
34000.0,4000.0,0.0,30.0,0.0
72000.0,21000.0,0.0,31.0,1.0
42000.0,2000.0,0.0,34.0,0.0
66888.0,15000.0,1.0,30.0,0.0
85000.0,8400.0,0.0,35.0,0.0
146000.0,2500.0,0.0,27.0,0.0
66000.0,3150.0,1.0,29.0,1.0
46344.0,3500.0,0.0,29.0,0.0
97000.0,25000.0,0.0,29.0,0.0
63000.0,10000.0,0.0,29.0,0.0
13500.0,6700.0,0.0,28.0,1.0
50176.0,5000.0,0.0,28.0,0.0
80300.0,15000.0,1.0,34.0,0.0
53000.0,5000.0,0.0,29.0,0.0
90000.0,7500.0,0.0,27.0,0.0
75000.0,14000.0,0.0,27.0,0.0
55000.0,6500.0,0.0,30.0,0.0
120000.0,7500.0,0.0,30.0,0.0
68000.0,18000.0,0.0,31.0,0.0
65000.0,20000.0,0.0,35.0,0.0
50000.0,3000.0,0.0,29.0,0.0
33000.0,1700.0,1.0,29.0,0.0
76248.0,10400.0,0.0,33.0,0.0
85000.0,10000.0,0.0,29.0,0.0
73200.0,12000.0,0.0,28.0,0.0
60600.0,3000.0,0.0,30.0,0.0
90000.0,10000.0,0.0,27.0,0.0
40000.0,12000.0,0.0,27.0,0.0
12000.0,2400.0,0.0,28.0,1.0
30000.0,13000.0,0.0,27.0,1.0
348000.0,25000.0,0.0,32.0,0.0
70000.0,10000.0,0.0,27.0,0.0
75000.0,12800.0,1.0,32.0,0.0
36000.0,4000.0,1.0,34.0,0.0
62532.0,9000.0,0.0,29.0,0.0
82300.0,3600.0,0.0,28.0,0.0
80000.0,5000.0,0.0,27.0,0.0
44991.0,5000.0,1.0,29.0,0.0
60000.0,24250.0,0.0,31.0,0.0
92000.0,24500.0,0.0,28.0,0.0
151000.0,21000.0,0.0,31.0,0.0
115000.0,12000.0,0.0,27.0,0.0
144000.0,6000.0,0.0,30.0,0.0
73000.0,12000.0,0.0,29.0,0.0
70000.0,9850.0,0.0,32.0,0.0
35352.0,9000.0,0.0,31.0,0.0
77385.0,6000.0,0.0,28.0,0.0
135000.0,17500.0,0.0,33.0,0.0
80000.0,7400.0,0.0,27.0,0.0
52000.0,22950.0,0.0,27.0,1.0
33000.0,7500.0,0.0,28.0,0.0
27000.0,6000.0,1.0,32.0,0.0
34000.0,4000.0,0.0,32.0,0.0
180000.0,12900.0,1.0,34.0,0.0
65000.0,12000.0,0.0,32.0,0.0
74000.0,15000.0,0.0,32.0,0.0
78000.0,13000.0,1.0,32.0,0.0
73000.0,5500.0,0.0,30.0,0.0
75000.0,4000.0,0.0,29.0,0.0
20520.0,5000.0,0.0,30.0,0.0
58000.0,4600.0,1.0,27.0,0.0
82000.0,9000.0,0.0,31.0,0.0
33288.0,10800.0,0.0,28.0,1.0
74872.0,15000.0,0.0,29.0,0.0
62400.0,12000.0,0.0,27.0,0.0
40000.0,14150.0,0.0,29.0,1.0
60000.0,5600.0,0.0,29.0,0.0
60000.0,6000.0,0.0,27.0,0.0
29120.0,4000.0,0.0,27.0,0.0
51043.0,2100.0,0.0,28.0,1.0
40000.0,5000.0,0.0,29.0,0.0
70176.0,9000.0,0.0,27.0,0.0
56000.0,5050.0,1.0,28.0,1.0
105000.0,12000.0,0.0,29.0,0.0
52800.0,2400.0,0.0,30.0,0.0
43000.0,1200.0,0.0,35.0,0.0
16800.0,5000.0,0.0,29.0,1.0
38000.0,5000.0,0.0,27.0,0.0
66240.0,5000.0,0.0,27.0,0.0
180000.0,6000.0,0.0,30.0,0.0
66000.0,15000.0,0.0,30.0,0.0
38000.0,12000.0,0.0,32.0,1.0
45600.0,1450.0,0.0,27.0,0.0
107364.0,8000.0,0.0,28.0,0.0
67392.0,15000.0,1.0,34.0,1.0
100000.0,13000.0,0.0,28.0,0.0
29400.0,6150.0,0.0,35.0,0.0
62500.0,5000.0,0.0,29.0,0.0
49110.0,19775.0,0.0,30.0,1.0
28800.0,2000.0,0.0,28.0,0.0
65000.0,8000.0,0.0,27.0,0.0
29000.0,10000.0,1.0,33.0,1.0
30000.0,4300.0,0.0,34.0,0.0
140000.0,5000.0,0.0,32.0,0.0
75000.0,7500.0,0.0,27.0,0.0
84456.0,10000.0,0.0,32.0,0.0
90000.0,5000.0,1.0,34.0,0.0
39480.0,7200.0,0.0,27.0,0.0
62000.0,12000.0,0.0,29.0,0.0
29000.0,10000.0,0.0,28.0,1.0
28320.0,8700.0,0.0,28.0,1.0
118400.0,35000.0,0.0,29.0,0.0
25000.0,5000.0,0.0,28.0,0.0
55200.0,4000.0,0.0,27.0,0.0
47004.0,10000.0,0.0,28.0,1.0
85000.0,16000.0,0.0,31.0,0.0
80000.0,6000.0,0.0,31.0,0.0
90000.0,12000.0,0.0,31.0,0.0
143004.0,10000.0,0.0,33.0,0.0
50000.0,10750.0,0.0,27.0,0.0
65000.0,5000.0,1.0,27.0,0.0
51298.0,1000.0,0.0,27.0,0.0
36000.0,7000.0,0.0,35.0,0.0
54050.0,12000.0,0.0,31.0,0.0
50000.0,8000.0,0.0,32.0,0.0
60000.0,10500.0,1.0,34.0,0.0
20000.0,6000.0,1.0,27.0,0.0
32000.0,14500.0,0.0,35.0,1.0
612000.0,5950.0,1.0,33.0,0.0
110000.0,10000.0,1.0,33.0,0.0
50000.0,10000.0,0.0,31.0,0.0
81000.0,6000.0,0.0,28.0,0.0
47700.0,9000.0,0.0,34.0,0.0
24996.0,10750.0,1.0,31.0,1.0
96000.0,9000.0,0.0,33.0,0.0
45000.0,14000.0,0.0,31.0,1.0
28000.0,6300.0,0.0,30.0,0.0
115000.0,5000.0,0.0,28.0,0.0
30000.0,7500.0,0.0,33.0,1.0
72000.0,12800.0,0.0,35.0,0.0
153000.0,17600.0,0.0,29.0,0.0
57996.0,8400.0,0.0,30.0,0.0
250000.0,25000.0,0.0,32.0,0.0
40000.0,25000.0,0.0,34.0,1.0
65000.0,28000.0,0.0,27.0,1.0
54000.0,9000.0,0.0,35.0,1.0
47700.0,12000.0,0.0,31.0,0.0
351699.0,10500.0,0.0,31.0,0.0
34000.0,2400.0,0.0,30.0,1.0
48000.0,10000.0,0.0,27.0,0.0
95000.0,15000.0,0.0,31.0,0.0
96000.0,10000.0,0.0,31.0,0.0
39000.0,16000.0,0.0,29.0,0.0
75000.0,5000.0,0.0,28.0,0.0
37000.0,13000.0,0.0,33.0,0.0
30000.0,10000.0,0.0,28.0,1.0
38400.0,5000.0,0.0,27.0,0.0
77940.0,16250.0,0.0,31.0,0.0
140000.0,7400.0,0.0,28.0,0.0
47500.0,10000.0,0.0,31.0,0.0
45000.0,6400.0,0.0,32.0,0.0
50000.0,12000.0,0.0,27.0,0.0
38000.0,6350.0,0.0,32.0,0.0
90000.0,12000.0,0.0,35.0,0.0
200000.0,25000.0,0.0,32.0,0.0
120000.0,7000.0,0.0,27.0,0.0
56000.0,14000.0,0.0,27.0,0.0
44000.0,16000.0,0.0,28.0,1.0
92000.0,20000.0,0.0,33.0,0.0
107800.0,5200.0,0.0,32.0,0.0
250000.0,15000.0,0.0,35.0,0.0
90080.0,5500.0,0.0,28.0,0.0
120000.0,5600.0,0.0,32.0,0.0
120000.0,25000.0,1.0,27.0,0.0
68004.0,15000.0,1.0,28.0,0.0
56000.0,5000.0,0.0,34.0,0.0
35000.0,4000.0,0.0,32.0,0.0
95000.0,2500.0,1.0,31.0,0.0
42000.0,2250.0,0.0,30.0,0.0
25000.0,8000.0,0.0,27.0,1.0
69996.0,2000.0,0.0,30.0,0.0
30000.0,3900.0,0.0,28.0,0.0
17280.0,7200.0,0.0,35.0,1.0
33000.0,5000.0,0.0,29.0,0.0
70000.0,20000.0,0.0,27.0,0.0
31200.0,12300.0,0.0,27.0,0.0
24000.0,1500.0,0.0,28.0,0.0
30996.0,2600.0,0.0,27.0,1.0
30000.0,12000.0,0.0,28.0,1.0
31000.0,15000.0,1.0,35.0,0.0
110000.0,18000.0,0.0,27.0,0.0
30000.0,14800.0,0.0,28.0,1.0
88000.0,9000.0,0.0,27.0,0.0
33666.0,8000.0,1.0,34.0,1.0
35000.0,5500.0,0.0,32.0,0.0
40000.0,10500.0,0.0,28.0,0.0
20500.0,1000.0,0.0,31.0,0.0
25000.0,12000.0,0.0,28.0,1.0
51000.0,18000.0,0.0,27.0,0.0
54000.0,14800.0,1.0,29.0,1.0
43200.0,10000.0,0.0,27.0,0.0
62000.0,6550.0,0.0,31.0,0.0
54000.0,5000.0,0.0,30.0,1.0
30000.0,3000.0,0.0,35.0,0.0
56000.0,20000.0,1.0,28.0,1.0
39000.0,3600.0,0.0,28.0,1.0
30372.0,20200.0,0.0,31.0,1.0
44000.0,6400.0,0.0,27.0,0.0
59450.0,3000.0,0.0,33.0,0.0
138000.0,23975.0,1.0,30.0,1.0
40000.0,11175.0,1.0,33.0,0.0
100000.0,8000.0,1.0,28.0,0.0
120000.0,5000.0,1.0,29.0,0.0
125000.0,20000.0,0.0,33.0,0.0
135000.0,6275.0,0.0,33.0,0.0
135000.0,25000.0,0.0,30.0,0.0
400000.0,15000.0,0.0,33.0,0.0
75500.0,19200.0,1.0,34.0,1.0
24960.0,4000.0,0.0,29.0,0.0
136000.0,5000.0,0.0,27.0,0.0
48000.0,4500.0,0.0,29.0,0.0
60000.0,10000.0,0.0,27.0,0.0
63996.0,3200.0,0.0,33.0,0.0
170000.0,21000.0,0.0,33.0,0.0
69000.0,20000.0,1.0,28.0,1.0
24000.0,2800.0,0.0,27.0,0.0
85000.0,18500.0,0.0,31.0,1.0
123000.0,12000.0,0.0,33.0,0.0
24000.0,8875.0,0.0,28.0,1.0
19200.0,1400.0,1.0,27.0,1.0
52000.0,13600.0,0.0,28.0,0.0
49000.0,4000.0,0.0,27.0,0.0
55400.0,7000.0,1.0,29.0,0.0
40000.0,5000.0,0.0,35.0,0.0
44004.0,10000.0,0.0,27.0,0.0
50000.0,8000.0,0.0,28.0,0.0
61455.0,10000.0,0.0,29.0,1.0
20000.0,8000.0,0.0,27.0,1.0
40000.0,8000.0,0.0,29.0,0.0
54000.0,5000.0,0.0,30.0,1.0
48000.0,10000.0,0.0,29.0,0.0
90000.0,11000.0,0.0,35.0,0.0
38000.0,3200.0,0.0,28.0,0.0
98004.0,10000.0,0.0,27.0,0.0
9600.0,1500.0,1.0,30.0,1.0
60000.0,25000.0,0.0,31.0,1.0
50000.0,2000.0,1.0,30.0,0.0
604000.0,25000.0,0.0,28.0,1.0
72000.0,15900.0,0.0,29.0,0.0
60000.0,1800.0,0.0,27.0,0.0
120000.0,11000.0,0.0,30.0,0.0
92004.0,10000.0,0.0,29.0,0.0
24000.0,6000.0,0.0,31.0,0.0
78000.0,14000.0,0.0,31.0,0.0
50000.0,9000.0,0.0,33.0,0.0
78000.0,26000.0,1.0,30.0,0.0
50000.0,12000.0,0.0,31.0,0.0
55000.0,18000.0,0.0,28.0,0.0
92000.0,10000.0,0.0,29.0,0.0
28800.0,3000.0,0.0,27.0,1.0
35000.0,10000.0,0.0,27.0,0.0
89849.0,6000.0,1.0,29.0,0.0
300000.0,35000.0,0.0,30.0,0.0
56000.0,8000.0,0.0,31.0,0.0
30144.0,18000.0,1.0,34.0,0.0
48000.0,3600.0,0.0,32.0,0.0
48000.0,5000.0,1.0,28.0,1.0
48989.0,2400.0,0.0,34.0,0.0
57240.0,15000.0,0.0,27.0,0.0
60000.0,15000.0,0.0,28.0,0.0
24960.0,1400.0,0.0,35.0,0.0
47133.0,5100.0,0.0,29.0,0.0
39504.0,3000.0,0.0,33.0,0.0
480000.0,14000.0,0.0,34.0,0.0
60000.0,4600.0,0.0,28.0,0.0
34152.0,5000.0,1.0,27.0,0.0
30000.0,6000.0,0.0,29.0,0.0
48000.0,4000.0,0.0,28.0,0.0
74000.0,16000.0,1.0,29.0,1.0
89520.0,8000.0,1.0,29.0,0.0
64600.0,5000.0,0.0,28.0,1.0
75000.0,2000.0,1.0,32.0,0.0
240000.0,8400.0,0.0,32.0,0.0
48712.0,11050.0,0.0,29.0,0.0
124992.0,24000.0,0.0,31.0,0.0
44000.0,6000.0,1.0,27.0,1.0
44000.0,13650.0,0.0,27.0,1.0
54000.0,15000.0,0.0,31.0,1.0
132000.0,20000.0,0.0,27.0,0.0
24000.0,10000.0,0.0,33.0,1.0
49000.0,8500.0,0.0,27.0,0.0
120999.0,15200.0,1.0,33.0,0.0
60000.0,10000.0,0.0,34.0,0.0
56100.0,8400.0,0.0,28.0,1.0
84000.0,12000.0,0.0,27.0,0.0
69000.0,16000.0,0.0,31.0,0.0
50000.0,4800.0,0.0,31.0,0.0
20000.0,5000.0,0.0,31.0,0.0
64000.0,5000.0,0.0,27.0,0.0
96000.0,17000.0,0.0,30.0,0.0
118374.0,3500.0,0.0,29.0,0.0
100000.0,14400.0,0.0,32.0,0.0
49000.0,5000.0,0.0,30.0,1.0
78200.0,35000.0,1.0,27.0,1.0
96000.0,9600.0,0.0,31.0,0.0
97000.0,12000.0,0.0,29.0,0.0
69000.0,4000.0,0.0,27.0,1.0
21000.0,6250.0,0.0,28.0,0.0
69000.0,6000.0,0.0,29.0,0.0
37440.0,4400.0,0.0,33.0,0.0
60000.0,20000.0,0.0,30.0,0.0
61200.0,5000.0,0.0,27.0,1.0
81000.0,7500.0,0.0,33.0,0.0
30000.0,4200.0,0.0,34.0,0.0
50000.0,5000.0,0.0,30.0,0.0
54000.0,10000.0,0.0,33.0,0.0
87000.0,5000.0,0.0,33.0,0.0
82500.0,11100.0,0.0,27.0,0.0
62040.0,13400.0,1.0,28.0,0.0
44000.0,2725.0,0.0,33.0,1.0
28080.0,9600.0,0.0,35.0,1.0
150000.0,10000.0,0.0,27.0,0.0
60353.0,8500.0,0.0,34.0,0.0
42000.0,7200.0,0.0,31.0,0.0
66000.0,6500.0,0.0,28.0,0.0
29100.0,10000.0,1.0,32.0,1.0
40000.0,5000.0,0.0,34.0,0.0
62352.0,3800.0,0.0,28.0,0.0
30636.0,10000.0,0.0,34.0,1.0
29500.0,7000.0,0.0,32.0,1.0
30000.0,6600.0,1.0,31.0,1.0
77000.0,10000.0,0.0,31.0,0.0
48715.0,12000.0,1.0,28.0,0.0
79536.0,16425.0,0.0,28.0,0.0
80000.0,21000.0,0.0,28.0,0.0
75000.0,15250.0,1.0,28.0,0.0
30809.0,11200.0,0.0,30.0,1.0
53500.0,10000.0,0.0,35.0,0.0
48000.0,2000.0,0.0,28.0,0.0
48000.0,17000.0,0.0,35.0,1.0
53000.0,2500.0,0.0,33.0,0.0
32900.0,4800.0,1.0,35.0,1.0
135000.0,20000.0,1.0,34.0,0.0
115000.0,25000.0,0.0,33.0,0.0
68004.0,18000.0,0.0,29.0,0.0
38000.0,4500.0,0.0,27.0,0.0
82500.0,11000.0,0.0,28.0,0.0
48000.0,10000.0,0.0,29.0,0.0
24000.0,3000.0,0.0,31.0,0.0
39000.0,2300.0,0.0,30.0,0.0
92000.0,12000.0,0.0,29.0,0.0
123000.0,25000.0,0.0,35.0,1.0
66000.0,3000.0,0.0,35.0,0.0
64000.0,10000.0,0.0,28.0,0.0
42000.0,18000.0,1.0,29.0,1.0
140000.0,9600.0,0.0,33.0,0.0
35100.0,9000.0,0.0,34.0,0.0
50000.0,4000.0,0.0,34.0,0.0
51621.0,3500.0,0.0,34.0,0.0
61000.0,12000.0,0.0,28.0,0.0
50000.0,2500.0,0.0,32.0,0.0
48996.0,15000.0,1.0,28.0,1.0
225000.0,3000.0,1.0,34.0,0.0
75000.0,3000.0,0.0,34.0,0.0
51500.0,19000.0,0.0,31.0,1.0
48000.0,17375.0,1.0,29.0,0.0
111000.0,5150.0,0.0,31.0,0.0
83000.0,7500.0,0.0,29.0,0.0
69996.0,10800.0,0.0,27.0,0.0
45000.0,12000.0,0.0,34.0,0.0
30000.0,12000.0,0.0,34.0,1.0
109200.0,6000.0,1.0,34.0,0.0
75288.0,18050.0,0.0,27.0,0.0
40000.0,3600.0,0.0,29.0,0.0
37000.0,6000.0,0.0,32.0,0.0
59000.0,14000.0,0.0,28.0,0.0
52809.0,13000.0,0.0,34.0,0.0
40000.0,16000.0,0.0,32.0,0.0
79100.0,19150.0,0.0,31.0,0.0
99996.0,7000.0,0.0,32.0,0.0
78000.0,15000.0,0.0,30.0,1.0
99000.0,12000.0,0.0,31.0,0.0
28800.0,1400.0,0.0,29.0,0.0
54000.0,7125.0,0.0,32.0,1.0
90000.0,12000.0,0.0,33.0,0.0
150000.0,15000.0,1.0,29.0,0.0
28000.0,5000.0,0.0,29.0,1.0
44760.0,3300.0,0.0,30.0,0.0
62900.0,24250.0,0.0,27.0,1.0
65000.0,7200.0,1.0,28.0,0.0
20000.0,4000.0,0.0,28.0,1.0
19200.0,2000.0,0.0,29.0,1.0
85000.0,10000.0,0.0,30.0,0.0
100000.0,15000.0,0.0,31.0,0.0
40000.0,3600.0,0.0,28.0,0.0
54072.0,7000.0,0.0,34.0,0.0
45000.0,13250.0,0.0,30.0,0.0
33000.0,4200.0,0.0,29.0,0.0
108000.0,5000.0,0.0,28.0,0.0
30000.0,3000.0,0.0,28.0,0.0
72500.0,7000.0,1.0,29.0,0.0
48996.0,10000.0,0.0,30.0,1.0
37090.0,3000.0,0.0,28.0,0.0
115000.0,4000.0,0.0,32.0,0.0
138000.0,25000.0,0.0,34.0,0.0
91560.0,22000.0,0.0,29.0,0.0
120000.0,10000.0,0.0,30.0,0.0
78000.0,20000.0,0.0,31.0,1.0
44640.0,12800.0,0.0,27.0,0.0
158000.0,11000.0,0.0,29.0,0.0
45000.0,8000.0,0.0,29.0,0.0
27000.0,2525.0,0.0,34.0,0.0
48000.0,25000.0,1.0,27.0,1.0
58000.0,5900.0,0.0,27.0,0.0
18000.0,1700.0,0.0,29.0,0.0
55704.0,8400.0,0.0,28.0,0.0
66300.0,6075.0,0.0,32.0,0.0
64000.0,10000.0,0.0,32.0,0.0
45000.0,12000.0,0.0,33.0,0.0
32220.0,17725.0,0.0,27.0,1.0
74100.0,4500.0,1.0,29.0,0.0
35000.0,10625.0,0.0,29.0,0.0
45000.0,3000.0,1.0,32.0,0.0
62000.0,3275.0,0.0,27.0,0.0
200000.0,7800.0,0.0,31.0,0.0
47000.0,5000.0,0.0,29.0,0.0
37920.0,12000.0,0.0,29.0,1.0
48000.0,12000.0,0.0,28.0,0.0
34000.0,9600.0,0.0,28.0,0.0
69996.0,2400.0,0.0,29.0,0.0
75000.0,6000.0,0.0,33.0,0.0
99996.0,10000.0,0.0,28.0,0.0
65000.0,3625.0,0.0,32.0,0.0
66000.0,6400.0,0.0,33.0,1.0
73000.0,15000.0,0.0,28.0,0.0
135000.0,15000.0,0.0,34.0,0.0
160000.0,3600.0,1.0,31.0,0.0
21000.0,7750.0,0.0,33.0,0.0
40000.0,7500.0,0.0,32.0,0.0
40000.0,7000.0,1.0,29.0,1.0
140000.0,15000.0,0.0,30.0,0.0
60000.0,6000.0,0.0,32.0,0.0
68508.0,7000.0,0.0,33.0,0.0
78000.0,10000.0,0.0,35.0,0.0
33600.0,15250.0,0.0,31.0,0.0
32000.0,2275.0,0.0,34.0,0.0
28000.0,12000.0,0.0,30.0,1.0
48000.0,3000.0,0.0,28.0,0.0
48996.0,12000.0,0.0,27.0,0.0
90000.0,10000.0,0.0,29.0,0.0
18000.0,1500.0,0.0,34.0,1.0
28550.0,4000.0,0.0,29.0,0.0
42000.0,10000.0,0.0,28.0,0.0
94000.0,10000.0,1.0,30.0,0.0
180000.0,8000.0,0.0,27.0,0.0
45000.0,7600.0,0.0,27.0,1.0
58800.0,3000.0,0.0,33.0,0.0
50000.0,7000.0,0.0,35.0,0.0
60000.0,19400.0,1.0,31.0,0.0
40000.0,9000.0,0.0,28.0,0.0
16800.0,2750.0,1.0,29.0,1.0
56253.0,10000.0,0.0,27.0,0.0
38000.0,10000.0,0.0,34.0,0.0
53004.0,14000.0,1.0,30.0,1.0
40100.0,7175.0,1.0,32.0,0.0
480000.0,6500.0,0.0,29.0,0.0
80000.0,6000.0,1.0,30.0,0.0
27840.0,8575.0,1.0,29.0,1.0
91800.0,8400.0,0.0,32.0,1.0
96000.0,8000.0,0.0,30.0,0.0
54000.0,12000.0,0.0,28.0,1.0
25000.0,10000.0,1.0,29.0,0.0
45600.0,3000.0,0.0,27.0,0.0
75653.0,20000.0,0.0,33.0,1.0
63844.0,20000.0,0.0,27.0,0.0
120000.0,12000.0,0.0,35.0,0.0
30000.0,6500.0,0.0,33.0,0.0
50000.0,16200.0,1.0,28.0,1.0
84000.0,7000.0,0.0,27.0,0.0
50000.0,3000.0,0.0,28.0,0.0
78000.0,12000.0,0.0,28.0,0.0
60132.0,10000.0,0.0,27.0,0.0
80000.0,15000.0,1.0,35.0,0.0
215662.0,21000.0,0.0,28.0,0.0
120000.0,16000.0,0.0,27.0,0.0
135000.0,8000.0,0.0,34.0,0.0
120000.0,14400.0,0.0,28.0,0.0
127000.0,21000.0,0.0,27.0,0.0
92000.0,18000.0,0.0,27.0,0.0
56839.0,9000.0,0.0,31.0,1.0
124886.0,5000.0,0.0,28.0,1.0
36100.0,14000.0,0.0,29.0,0.0
90000.0,18000.0,0.0,30.0,0.0
40000.0,5000.0,0.0,29.0,0.0
50000.0,3575.0,0.0,29.0,0.0
104371.0,15000.0,1.0,27.0,0.0
98000.0,20000.0,0.0,33.0,0.0
37100.0,3000.0,0.0,29.0,0.0
125000.0,8000.0,0.0,28.0,0.0
142000.0,24250.0,0.0,29.0,0.0
125000.0,8000.0,0.0,27.0,0.0
38769.0,2400.0,0.0,34.0,0.0
65000.0,10000.0,0.0,28.0,0.0
55000.0,7000.0,0.0,34.0,0.0
70000.0,6000.0,0.0,34.0,0.0
72000.0,6000.0,0.0,27.0,0.0
140987.0,6450.0,0.0,27.0,0.0
56864.0,12300.0,0.0,28.0,0.0
42000.0,18825.0,0.0,34.0,1.0
100000.0,1000.0,0.0,30.0,0.0
57600.0,6000.0,0.0,29.0,0.0
72000.0,16000.0,0.0,28.0,0.0
24000.0,2000.0,1.0,33.0,0.0
110000.0,3600.0,0.0,27.0,0.0
24414.0,5000.0,0.0,30.0,0.0
30000.0,10500.0,0.0,28.0,0.0
51996.0,3200.0,0.0,30.0,0.0
120000.0,6250.0,0.0,29.0,0.0
110888.0,10400.0,0.0,32.0,0.0
47900.0,7500.0,0.0,27.0,0.0
90000.0,18000.0,0.0,30.0,0.0
77500.0,10000.0,1.0,31.0,0.0
97000.0,7000.0,1.0,33.0,0.0
56888.0,8000.0,1.0,27.0,0.0
40000.0,2500.0,0.0,30.0,0.0
106369.0,8325.0,0.0,35.0,0.0
67000.0,2800.0,0.0,27.0,0.0
101000.0,7500.0,0.0,31.0,0.0
220000.0,11275.0,1.0,34.0,0.0
95000.0,4000.0,0.0,30.0,0.0
80000.0,5000.0,0.0,34.0,0.0
36400.0,9000.0,0.0,27.0,0.0
36000.0,5000.0,0.0,33.0,0.0
65000.0,20000.0,1.0,30.0,0.0
45000.0,8000.0,0.0,33.0,1.0
129700.0,10000.0,0.0,27.0,0.0
53500.0,3200.0,0.0,34.0,0.0
78000.0,5125.0,0.0,27.0,0.0
82000.0,6000.0,0.0,33.0,0.0
43200.0,3000.0,0.0,28.0,0.0
31000.0,3600.0,1.0,28.0,1.0
89000.0,12000.0,0.0,32.0,0.0
83000.0,18000.0,1.0,31.0,1.0
61656.0,15000.0,0.0,29.0,0.0
30000.0,11450.0,0.0,32.0,1.0
26010.0,6500.0,0.0,31.0,0.0
52000.0,14675.0,0.0,30.0,0.0
1200000.0,10000.0,0.0,36.0,0.0
900000.0,30000.0,0.0,50.0,0.0
80000.0,35000.0,0.0,37.0,1.0
708000.0,25000.0,0.0,39.0,0.0
700000.0,25000.0,1.0,36.0,0.0
540600.0,35000.0,1.0,40.0,1.0
85000.0,35000.0,0.0,37.0,1.0
500000.0,25000.0,1.0,43.0,0.0
480000.0,16000.0,0.0,41.0,0.0
133000.0,35000.0,1.0,40.0,1.0
408000.0,35000.0,0.0,36.0,0.0
408000.0,6000.0,0.0,37.0,0.0
400000.0,28000.0,0.0,43.0,0.0
350000.0,18000.0,0.0,43.0,0.0
336000.0,9000.0,0.0,46.0,0.0
74000.0,30600.0,0.0,43.0,1.0
306000.0,15000.0,0.0,38.0,0.0
305000.0,10000.0,1.0,47.0,0.0
305000.0,20000.0,0.0,46.0,0.0
300000.0,10000.0,1.0,42.0,0.0
55000.0,30000.0,0.0,37.0,1.0
300000.0,25000.0,0.0,37.0,0.0
90000.0,30000.0,1.0,36.0,1.0
280000.0,5000.0,0.0,36.0,0.0
220000.0,30000.0,0.0,37.0,0.0
268000.0,24000.0,0.0,41.0,0.0
267000.0,21000.0,0.0,43.0,0.0
260000.0,20000.0,0.0,37.0,0.0
250000.0,31400.0,1.0,36.0,0.0
12000.0,2000.0,0.0,44.0,1.0
250000.0,5000.0,0.0,41.0,0.0
250000.0,20000.0,0.0,36.0,0.0
250000.0,4200.0,0.0,41.0,0.0
250000.0,4000.0,0.0,36.0,0.0
228000.0,25000.0,0.0,48.0,1.0
85000.0,26000.0,1.0,45.0,1.0
233000.0,15000.0,0.0,40.0,0.0
230004.0,25000.0,1.0,43.0,0.0
47000.0,25000.0,0.0,42.0,1.0
225000.0,22200.0,0.0,45.0,0.0
225000.0,35000.0,0.0,41.0,0.0
176800.0,25000.0,0.0,40.0,1.0
210000.0,20000.0,0.0,40.0,0.0
210000.0,16000.0,0.0,42.0,0.0
210000.0,12000.0,0.0,45.0,0.0
49000.0,25000.0,0.0,41.0,1.0
202000.0,15000.0,0.0,38.0,0.0
201400.0,12450.0,0.0,40.0,0.0
60000.0,25000.0,0.0,45.0,1.0
200000.0,25000.0,0.0,38.0,0.0
200000.0,7000.0,0.0,50.0,0.0
200000.0,6000.0,0.0,37.0,0.0
200000.0,4800.0,0.0,39.0,0.0
200000.0,14000.0,0.0,36.0,0.0
200000.0,25000.0,0.0,37.0,0.0
200000.0,25000.0,1.0,36.0,0.0
200000.0,1000.0,0.0,41.0,0.0
200000.0,25000.0,0.0,37.0,0.0
200000.0,18000.0,0.0,39.0,0.0
66504.0,25000.0,1.0,41.0,1.0
200000.0,20000.0,0.0,38.0,0.0
72136.0,25000.0,0.0,44.0,1.0
192000.0,5600.0,0.0,38.0,0.0
192000.0,25600.0,0.0,37.0,0.0
192000.0,25000.0,1.0,46.0,0.0
192000.0,20000.0,0.0,36.0,0.0
69000.0,25000.0,0.0,36.0,1.0
189996.0,8000.0,0.0,44.0,0.0
14400.0,7000.0,0.0,36.0,1.0
174462.0,20000.0,0.0,36.0,1.0
186000.0,3000.0,0.0,37.0,0.0
185000.0,20000.0,0.0,46.0,0.0
180000.0,6000.0,0.0,43.0,0.0
84000.0,25000.0,1.0,36.0,0.0
84996.0,25000.0,0.0,36.0,0.0
180000.0,24000.0,0.0,36.0,0.0
180000.0,10000.0,0.0,45.0,0.0
78000.0,25000.0,0.0,39.0,1.0
82800.0,25000.0,1.0,45.0,1.0
175000.0,11800.0,0.0,36.0,0.0
175000.0,21000.0,0.0,38.0,0.0
97000.0,25000.0,0.0,37.0,0.0
88000.0,25000.0,1.0,37.0,1.0
15000.0,5000.0,1.0,36.0,1.0
15000.0,5000.0,0.0,37.0,1.0
90000.0,25000.0,1.0,47.0,1.0
175000.0,15000.0,0.0,37.0,0.0
174996.0,6500.0,1.0,37.0,0.0
94000.0,25000.0,0.0,37.0,1.0
171996.0,25000.0,0.0,44.0,0.0
171194.0,25000.0,0.0,41.0,0.0
170004.0,25000.0,1.0,37.0,0.0
110000.0,25000.0,0.0,37.0,0.0
98004.0,25000.0,1.0,40.0,1.0
170000.0,7200.0,0.0,46.0,0.0
170000.0,32000.0,0.0,39.0,0.0
170000.0,17000.0,0.0,39.0,0.0
103000.0,25000.0,1.0,36.0,1.0
124499.0,25000.0,0.0,38.0,0.0
100300.0,25000.0,1.0,39.0,1.0
15600.0,4000.0,1.0,40.0,1.0
127000.0,25000.0,0.0,36.0,1.0
165000.0,19800.0,0.0,47.0,0.0
158000.0,25000.0,0.0,40.0,1.0
16500.0,2000.0,0.0,38.0,0.0
430000.0,25000.0,1.0,36.0,0.0
16800.0,3300.0,0.0,48.0,1.0
160000.0,24000.0,0.0,37.0,0.0
76066.0,24250.0,1.0,37.0,1.0
68850.0,24250.0,0.0,42.0,1.0
148000.0,10000.0,0.0,36.0,1.0
78200.0,24250.0,1.0,39.0,1.0
118000.0,24250.0,0.0,50.0,1.0
135000.0,24250.0,1.0,36.0,0.0
45000.0,24000.0,0.0,40.0,1.0
17108.0,4375.0,0.0,38.0,1.0
17280.0,1000.0,0.0,38.0,0.0
55059.0,24000.0,0.0,39.0,1.0
60000.0,24000.0,0.0,38.0,1.0
17640.0,5875.0,0.0,36.0,1.0
17721.0,3975.0,1.0,39.0,1.0
17760.0,4375.0,0.0,39.0,1.0
72800.0,24000.0,0.0,36.0,1.0
67000.0,24000.0,0.0,39.0,1.0
78708.0,24000.0,0.0,36.0,0.0
81000.0,24000.0,0.0,38.0,0.0
97500.0,24000.0,0.0,43.0,0.0
100300.0,24000.0,0.0,36.0,0.0
130000.0,24000.0,0.0,48.0,0.0
60000.0,23800.0,0.0,41.0,1.0
64000.0,23500.0,0.0,39.0,1.0
18000.0,1500.0,0.0,37.0,0.0
83000.0,23000.0,1.0,40.0,1.0
67147.0,22400.0,1.0,42.0,1.0
83000.0,22250.0,1.0,38.0,1.0
38400.0,22000.0,1.0,47.0,1.0
56524.0,22000.0,0.0,38.0,1.0
72000.0,22000.0,0.0,43.0,1.0
82000.0,22000.0,0.0,42.0,0.0
91000.0,22000.0,0.0,46.0,1.0
119000.0,22000.0,0.0,39.0,0.0
167000.0,22000.0,0.0,40.0,0.0
40000.0,21250.0,0.0,37.0,1.0
42000.0,21000.0,0.0,36.0,1.0
58000.0,21000.0,0.0,39.0,1.0
59000.0,21000.0,1.0,36.0,1.0
80000.0,21000.0,0.0,36.0,0.0
92000.0,21000.0,0.0,37.0,0.0
110000.0,21000.0,0.0,39.0,0.0
19404.0,6000.0,0.0,39.0,1.0
200000.0,21000.0,0.0,38.0,0.0
48000.0,20500.0,0.0,39.0,1.0
69996.0,20400.0,0.0,36.0,0.0
69996.0,20400.0,1.0,37.0,0.0
38000.0,20000.0,1.0,36.0,1.0
20000.0,3000.0,0.0,37.0,0.0
39915.0,20000.0,0.0,48.0,1.0
37000.0,20000.0,0.0,45.0,1.0
45000.0,20000.0,0.0,36.0,1.0
48000.0,20000.0,0.0,36.0,1.0
42000.0,20000.0,1.0,37.0,1.0
44000.0,20000.0,0.0,50.0,1.0
50000.0,20000.0,0.0,38.0,1.0
45000.0,20000.0,0.0,37.0,1.0
20000.0,5000.0,0.0,43.0,0.0
45996.0,20000.0,0.0,40.0,1.0
62400.0,20000.0,0.0,39.0,1.0
64700.0,20000.0,0.0,38.0,1.0
65000.0,20000.0,0.0,39.0,1.0
65000.0,20000.0,0.0,37.0,1.0
65000.0,20000.0,0.0,37.0,1.0
65004.0,20000.0,0.0,36.0,1.0
66690.0,20000.0,0.0,38.0,0.0
21000.0,3000.0,1.0,38.0,0.0
72000.0,20000.0,0.0,39.0,0.0
75000.0,20000.0,0.0,41.0,0.0
21600.0,6000.0,0.0,39.0,0.0
76464.0,20000.0,1.0,36.0,0.0
76500.0,20000.0,0.0,50.0,0.0
21600.0,4750.0,1.0,38.0,0.0
21600.0,2100.0,0.0,36.0,0.0
21600.0,3500.0,0.0,41.0,0.0
22000.0,8000.0,0.0,36.0,0.0
84000.0,20000.0,0.0,36.0,1.0
73100.0,20000.0,1.0,40.0,1.0
103000.0,20000.0,1.0,36.0,0.0
110000.0,20000.0,0.0,38.0,0.0
110000.0,20000.0,0.0,40.0,0.0
110496.0,20000.0,0.0,41.0,0.0
108000.0,20000.0,0.0,37.0,1.0
120000.0,20000.0,1.0,37.0,0.0
23000.0,6400.0,0.0,39.0,0.0
150000.0,20000.0,0.0,41.0,0.0
150000.0,20000.0,0.0,39.0,0.0
23000.0,7000.0,0.0,45.0,0.0
23004.0,7750.0,0.0,40.0,0.0
23004.0,12000.0,0.0,36.0,0.0
14400.0,1000.0,0.0,40.0,0.0
23396.0,10000.0,0.0,41.0,0.0
18000.0,1000.0,1.0,47.0,1.0
48384.0,19000.0,1.0,38.0,1.0
23868.0,7750.0,0.0,38.0,1.0
24000.0,6200.0,0.0,36.0,0.0
103000.0,18550.0,0.0,37.0,0.0
24000.0,1500.0,0.0,38.0,0.0
40000.0,18225.0,0.0,38.0,1.0
45000.0,18200.0,0.0,42.0,1.0
58000.0,18200.0,0.0,37.0,1.0
36480.0,18000.0,0.0,43.0,1.0
43200.0,18000.0,0.0,37.0,1.0
50000.0,18000.0,0.0,43.0,1.0
24000.0,4000.0,0.0,45.0,0.0
48500.0,18000.0,1.0,45.0,1.0
55000.0,18000.0,0.0,40.0,1.0
70000.0,18000.0,0.0,39.0,0.0
24000.0,4000.0,1.0,36.0,0.0
77000.0,18000.0,0.0,38.0,0.0
62900.0,18000.0,1.0,43.0,1.0
81000.0,18000.0,0.0,38.0,0.0
82000.0,18000.0,0.0,36.0,0.0
82500.0,18000.0,0.0,48.0,0.0
85000.0,18000.0,0.0,40.0,0.0
90000.0,18000.0,0.0,43.0,0.0
125000.0,18000.0,0.0,36.0,0.0
130000.0,18000.0,0.0,36.0,0.0
24000.0,5000.0,1.0,44.0,0.0
168000.0,18000.0,0.0,39.0,1.0
24000.0,1500.0,0.0,36.0,0.0
85000.0,17500.0,0.0,50.0,0.0
51000.0,17000.0,0.0,38.0,1.0
70000.0,17000.0,0.0,49.0,0.0
72194.0,17000.0,0.0,46.0,0.0
75000.0,17000.0,0.0,42.0,0.0
95000.0,17000.0,0.0,40.0,0.0
86400.0,16875.0,0.0,49.0,0.0
25000.0,10625.0,1.0,37.0,0.0
25000.0,11500.0,0.0,36.0,0.0
47000.0,16500.0,0.0,38.0,1.0
25000.0,10000.0,0.0,43.0,0.0
72000.0,16500.0,0.0,36.0,0.0
92000.0,16500.0,0.0,48.0,0.0
36000.0,16000.0,0.0,36.0,1.0
36000.0,16000.0,0.0,44.0,1.0
45000.0,16000.0,0.0,41.0,1.0
25000.0,3000.0,0.0,36.0,0.0
44000.0,16000.0,0.0,36.0,1.0
50000.0,16000.0,0.0,50.0,1.0
25200.0,8700.0,1.0,36.0,1.0
54000.0,16000.0,1.0,42.0,1.0
60000.0,16000.0,0.0,38.0,0.0
65000.0,16000.0,0.0,39.0,0.0
67000.0,16000.0,0.0,39.0,0.0
70000.0,16000.0,0.0,39.0,0.0
70000.0,16000.0,0.0,40.0,0.0
71004.0,16000.0,0.0,48.0,0.0
69000.0,16000.0,1.0,49.0,1.0
25000.0,1000.0,0.0,38.0,0.0
26000.0,6000.0,0.0,37.0,0.0
27600.0,1000.0,0.0,36.0,0.0
35000.0,1000.0,0.0,46.0,0.0
26400.0,10300.0,1.0,41.0,1.0
38400.0,1000.0,1.0,45.0,0.0
39960.0,1000.0,1.0,40.0,0.0
44000.0,1000.0,0.0,37.0,0.0
42000.0,1000.0,0.0,36.0,1.0
61000.0,1000.0,0.0,38.0,0.0
26400.0,6000.0,0.0,41.0,1.0
26500.0,6200.0,0.0,44.0,0.0
26748.0,4000.0,0.0,45.0,0.0
26880.0,4500.0,0.0,36.0,0.0
16800.0,1200.0,0.0,36.0,0.0
18300.0,1200.0,1.0,39.0,1.0
29000.0,1200.0,0.0,36.0,0.0
27000.0,6000.0,0.0,36.0,0.0
57000.0,1200.0,1.0,41.0,0.0
85000.0,1200.0,0.0,37.0,0.0
27012.0,6000.0,0.0,45.0,1.0
27040.0,6925.0,0.0,40.0,0.0
27040.0,4800.0,0.0,39.0,0.0
37500.0,1375.0,0.0,38.0,0.0
27500.0,4700.0,0.0,38.0,0.0
26400.0,1500.0,0.0,37.0,0.0
27340.0,1500.0,1.0,41.0,0.0
29004.0,1500.0,0.0,48.0,0.0
30132.0,1500.0,1.0,42.0,0.0
30996.0,1500.0,1.0,40.0,1.0
29000.0,1500.0,0.0,50.0,1.0
35004.0,1500.0,0.0,42.0,0.0
35400.0,1500.0,1.0,41.0,0.0
32004.0,1500.0,0.0,41.0,1.0
33500.0,1500.0,0.0,48.0,1.0
28000.0,3075.0,1.0,36.0,1.0
39000.0,1500.0,0.0,39.0,1.0
49788.0,1500.0,0.0,40.0,0.0
52000.0,1500.0,0.0,45.0,0.0
28000.0,3500.0,0.0,44.0,0.0
28000.0,7500.0,0.0,48.0,0.0
55000.0,1500.0,0.0,41.0,0.0
63000.0,1500.0,0.0,41.0,0.0
74600.0,1500.0,0.0,45.0,0.0
80000.0,1500.0,0.0,38.0,0.0
89004.0,1500.0,0.0,36.0,0.0
90000.0,1500.0,1.0,40.0,0.0
28500.0,1800.0,0.0,37.0,0.0
14000.0,1700.0,1.0,42.0,0.0
27000.0,1700.0,0.0,44.0,0.0
28650.0,8000.0,0.0,39.0,0.0
44000.0,1700.0,0.0,37.0,1.0
19200.0,1800.0,0.0,40.0,0.0
27000.0,1800.0,0.0,37.0,0.0
45000.0,1800.0,1.0,36.0,0.0
28800.0,5375.0,0.0,36.0,0.0
44000.0,1800.0,0.0,39.0,1.0
28800.0,4000.0,0.0,37.0,0.0
50400.0,1800.0,0.0,37.0,0.0
51000.0,1800.0,0.0,37.0,0.0
156326.0,1800.0,0.0,36.0,0.0
40000.0,1950.0,0.0,42.0,0.0
90000.0,1950.0,0.0,36.0,0.0
15000.0,2000.0,1.0,48.0,0.0
18000.0,2000.0,0.0,47.0,0.0
18996.0,2000.0,0.0,39.0,0.0
19200.0,2000.0,0.0,45.0,0.0
19632.0,2000.0,1.0,48.0,0.0
29004.0,5000.0,0.0,43.0,0.0
20400.0,2000.0,1.0,42.0,0.0
29004.0,10000.0,0.0,46.0,0.0
24000.0,2000.0,0.0,39.0,0.0
29280.0,1800.0,0.0,39.0,0.0
24000.0,2000.0,0.0,41.0,1.0
29500.0,1250.0,0.0,36.0,0.0
26500.0,2000.0,1.0,37.0,0.0
29894.0,8000.0,0.0,39.0,0.0
30000.0,2100.0,0.0,48.0,0.0
102000.0,15000.0,0.0,44.0,0.0
102000.0,15000.0,1.0,46.0,0.0
108000.0,15000.0,0.0,44.0,0.0
30000.0,4800.0,0.0,37.0,0.0
120000.0,15000.0,1.0,36.0,0.0
225000.0,15000.0,0.0,38.0,0.0
63000.0,14900.0,0.0,37.0,0.0
30123.0,2000.0,1.0,36.0,0.0
32496.0,2000.0,0.0,41.0,1.0
32500.0,2000.0,0.0,48.0,1.0
33000.0,2000.0,0.0,38.0,1.0
30000.0,1000.0,1.0,45.0,0.0
60000.0,2000.0,0.0,43.0,0.0
65000.0,2000.0,0.0,44.0,0.0
69000.0,2000.0,0.0,43.0,0.0
85000.0,2000.0,0.0,43.0,0.0
30000.0,5000.0,1.0,40.0,0.0
34800.0,2100.0,0.0,38.0,0.0
9732.0,2200.0,0.0,38.0,1.0
34000.0,14000.0,0.0,39.0,1.0
54000.0,2225.0,0.0,36.0,1.0
30000.0,2300.0,1.0,39.0,0.0
30000.0,3050.0,0.0,46.0,0.0
22000.0,2350.0,1.0,38.0,0.0
40080.0,2350.0,0.0,37.0,0.0
13440.0,2400.0,1.0,36.0,1.0
15000.0,2400.0,0.0,49.0,1.0
30000.0,7200.0,1.0,39.0,1.0
21996.0,2400.0,0.0,36.0,0.0
24500.0,2400.0,0.0,37.0,0.0
32280.0,2400.0,0.0,39.0,0.0
32000.0,2400.0,0.0,36.0,1.0
38568.0,2400.0,1.0,36.0,0.0
45000.0,2400.0,0.0,37.0,0.0
57110.0,2400.0,0.0,36.0,0.0
60000.0,2400.0,0.0,36.0,0.0
100000.0,2400.0,0.0,37.0,0.0
30000.0,10000.0,1.0,38.0,0.0
30480.0,1200.0,0.0,37.0,0.0
100000.0,13500.0,0.0,44.0,0.0
201000.0,13500.0,0.0,39.0,0.0
33481.0,13475.0,1.0,36.0,1.0
62692.0,13200.0,0.0,39.0,0.0
31000.0,7200.0,0.0,42.0,0.0
63000.0,13050.0,0.0,40.0,0.0
36000.0,13000.0,1.0,42.0,1.0
31200.0,5850.0,1.0,38.0,0.0
31200.0,3000.0,0.0,37.0,0.0
22178.0,2500.0,0.0,45.0,0.0
26568.0,2500.0,0.0,42.0,0.0
31000.0,2500.0,0.0,36.0,0.0
32004.0,2500.0,0.0,42.0,1.0
36000.0,2500.0,0.0,36.0,0.0
32000.0,5300.0,0.0,36.0,0.0
48000.0,2500.0,1.0,47.0,0.0
48000.0,2500.0,0.0,37.0,0.0
32000.0,12000.0,0.0,36.0,0.0
32000.0,5000.0,0.0,36.0,0.0
59000.0,2500.0,0.0,39.0,1.0
60072.0,2500.0,0.0,36.0,1.0
68000.0,2500.0,0.0,39.0,0.0
72000.0,2500.0,0.0,47.0,0.0
80000.0,2500.0,0.0,38.0,0.0
117300.0,2500.0,0.0,44.0,1.0
24000.0,2800.0,0.0,40.0,0.0
19200.0,2950.0,1.0,41.0,1.0
10800.0,3000.0,0.0,36.0,1.0
32304.0,15000.0,0.0,48.0,0.0
14400.0,3000.0,0.0,37.0,1.0
32400.0,8000.0,0.0,37.0,0.0
32400.0,6600.0,1.0,36.0,0.0
18000.0,3000.0,1.0,38.0,1.0
32642.0,8500.0,0.0,36.0,0.0
21600.0,3000.0,1.0,40.0,1.0
21600.0,3000.0,0.0,37.0,0.0
30000.0,3000.0,1.0,47.0,0.0
30000.0,3000.0,0.0,36.0,0.0
30000.0,3000.0,0.0,37.0,0.0
31200.0,3000.0,0.0,36.0,0.0
32000.0,3000.0,0.0,42.0,0.0
30000.0,3000.0,0.0,47.0,1.0
40000.0,3000.0,0.0,37.0,0.0
38000.0,3000.0,0.0,42.0,1.0
46000.0,3000.0,0.0,43.0,0.0
47004.0,3000.0,0.0,39.0,0.0
33600.0,10000.0,0.0,47.0,0.0
48000.0,3000.0,0.0,37.0,0.0
49000.0,3000.0,0.0,38.0,0.0
50000.0,3000.0,0.0,36.0,0.0
50000.0,3000.0,0.0,37.0,0.0
48686.0,12000.0,0.0,36.0,0.0
33888.0,7000.0,0.0,47.0,0.0
50000.0,12000.0,0.0,39.0,0.0
34000.0,5000.0,0.0,36.0,0.0
50400.0,12000.0,1.0,45.0,0.0
51500.0,12000.0,0.0,40.0,0.0
52000.0,12000.0,0.0,47.0,0.0
53000.0,12000.0,0.0,40.0,0.0
54000.0,12000.0,0.0,40.0,0.0
55000.0,12000.0,0.0,45.0,0.0
49000.0,12000.0,0.0,39.0,1.0
55000.0,12000.0,0.0,41.0,0.0
34000.0,5200.0,0.0,39.0,0.0
55200.0,12000.0,0.0,37.0,0.0
56500.0,12000.0,0.0,46.0,0.0
53000.0,3000.0,0.0,40.0,0.0
54000.0,3000.0,0.0,43.0,0.0
34800.0,6250.0,0.0,38.0,0.0
55000.0,3000.0,0.0,39.0,0.0
57000.0,3000.0,0.0,40.0,0.0
58752.0,3000.0,0.0,42.0,0.0
54000.0,3000.0,0.0,40.0,1.0
35000.0,12000.0,0.0,36.0,0.0
60000.0,3000.0,1.0,37.0,0.0
35000.0,5600.0,0.0,40.0,0.0
62000.0,3000.0,0.0,36.0,0.0
64200.0,3000.0,0.0,40.0,0.0
64680.0,3000.0,0.0,37.0,0.0
65000.0,3000.0,0.0,50.0,0.0
35000.0,7500.0,0.0,36.0,0.0
35000.0,4800.0,0.0,38.0,0.0
69996.0,3000.0,0.0,40.0,0.0
29000.0,4000.0,0.0,36.0,1.0
74500.0,3000.0,0.0,40.0,0.0
79272.0,3000.0,0.0,44.0,0.0
85000.0,3000.0,0.0,41.0,0.0
88000.0,3000.0,0.0,37.0,0.0
94000.0,3000.0,0.0,39.0,0.0
97000.0,3000.0,0.0,39.0,0.0
35000.0,13075.0,0.0,38.0,0.0
35000.0,4000.0,0.0,40.0,0.0
35000.0,1500.0,0.0,41.0,0.0
360000.0,3000.0,0.0,39.0,0.0
65000.0,3100.0,1.0,47.0,0.0
50000.0,3125.0,1.0,36.0,0.0
53000.0,3150.0,0.0,36.0,0.0
35000.0,1500.0,0.0,41.0,0.0
33888.0,3200.0,1.0,37.0,0.0
42000.0,3200.0,0.0,41.0,0.0
88000.0,3200.0,0.0,36.0,0.0
35000.0,2000.0,0.0,42.0,0.0
23004.0,3250.0,0.0,49.0,0.0
28800.0,3250.0,0.0,39.0,0.0
125000.0,3250.0,0.0,43.0,0.0
35820.0,3275.0,0.0,40.0,0.0
35004.0,3300.0,0.0,48.0,0.0
55000.0,3325.0,0.0,38.0,0.0
35100.0,4650.0,0.0,41.0,0.0
35256.0,5000.0,0.0,36.0,0.0
35300.0,10000.0,0.0,43.0,0.0
29000.0,3450.0,0.0,42.0,0.0
16107.0,3500.0,0.0,36.0,1.0
20640.0,3500.0,1.0,38.0,0.0
35010.0,3500.0,1.0,42.0,0.0
36000.0,7125.0,0.0,39.0,0.0
37000.0,3500.0,1.0,44.0,0.0
36000.0,5000.0,0.0,43.0,0.0
38400.0,3500.0,1.0,39.0,0.0
39000.0,3500.0,0.0,41.0,0.0
36000.0,2500.0,0.0,41.0,0.0
36000.0,15000.0,0.0,36.0,0.0
36000.0,12000.0,0.0,37.0,0.0
43000.0,3500.0,0.0,38.0,0.0
36000.0,8000.0,0.0,48.0,0.0
44000.0,3500.0,0.0,37.0,0.0
36000.0,9000.0,0.0,37.0,0.0
53000.0,3500.0,0.0,36.0,0.0
36000.0,6000.0,0.0,38.0,0.0
30000.0,4500.0,0.0,44.0,1.0
36000.0,12000.0,0.0,44.0,0.0
30500.0,3600.0,0.0,39.0,0.0
35496.0,3600.0,0.0,37.0,0.0
36000.0,18000.0,0.0,38.0,0.0
36000.0,1000.0,0.0,44.0,0.0
37200.0,11000.0,0.0,36.0,0.0
38000.0,11000.0,0.0,40.0,0.0
36000.0,8000.0,0.0,37.0,0.0
48000.0,11000.0,0.0,41.0,0.0
36000.0,1000.0,0.0,44.0,0.0
42000.0,11000.0,0.0,39.0,1.0
36000.0,12000.0,0.0,36.0,0.0
60000.0,11000.0,0.0,46.0,0.0
62000.0,11000.0,0.0,44.0,0.0
61000.0,11000.0,1.0,44.0,1.0
70000.0,11000.0,0.0,43.0,0.0
36156.0,8500.0,0.0,38.0,0.0
108000.0,11000.0,0.0,38.0,0.0
96050.0,11000.0,0.0,40.0,1.0
47908.0,10950.0,0.0,37.0,0.0
55000.0,10900.0,0.0,36.0,0.0
124800.0,10875.0,0.0,44.0,0.0
38400.0,10850.0,0.0,39.0,0.0
35000.0,10825.0,0.0,44.0,1.0
30000.0,10800.0,0.0,37.0,1.0
33000.0,10800.0,1.0,36.0,1.0
56004.0,10800.0,0.0,47.0,0.0
60000.0,10800.0,0.0,41.0,0.0
69350.0,10800.0,0.0,41.0,0.0
70000.0,10800.0,0.0,38.0,0.0
77000.0,10800.0,0.0,37.0,0.0
119000.0,10800.0,0.0,39.0,0.0
41000.0,10750.0,0.0,37.0,0.0
37000.0,4000.0,0.0,37.0,0.0
37000.0,6000.0,0.0,41.0,0.0
117000.0,10625.0,0.0,40.0,0.0
29000.0,10500.0,0.0,40.0,1.0
37000.0,7000.0,0.0,36.0,0.0
51504.0,10500.0,0.0,38.0,0.0
37000.0,7400.0,0.0,47.0,0.0
36000.0,10400.0,0.0,43.0,0.0
90000.0,10400.0,0.0,43.0,0.0
42500.0,3600.0,0.0,37.0,0.0
37400.0,6250.0,0.0,36.0,0.0
37440.0,10000.0,0.0,40.0,0.0
54250.0,3600.0,0.0,46.0,0.0
37500.0,5000.0,0.0,45.0,0.0
60000.0,3600.0,0.0,39.0,0.0
37500.0,12000.0,1.0,38.0,1.0
37500.0,10000.0,0.0,36.0,0.0
68480.0,3600.0,1.0,37.0,0.0
74000.0,3600.0,1.0,36.0,1.0
31000.0,3700.0,0.0,41.0,1.0
36996.0,3800.0,0.0,50.0,0.0
60000.0,3800.0,0.0,39.0,0.0
32000.0,10000.0,0.0,42.0,1.0
85000.0,3825.0,0.0,36.0,0.0
13273.0,3850.0,0.0,40.0,1.0
12360.0,4000.0,0.0,37.0,1.0
17600.0,4000.0,0.0,38.0,1.0
19200.0,4000.0,0.0,45.0,1.0
20800.0,4000.0,0.0,37.0,0.0
21600.0,4000.0,0.0,41.0,0.0
22000.0,4000.0,0.0,37.0,0.0
22000.0,4000.0,1.0,38.0,0.0
24000.0,4000.0,0.0,41.0,1.0
38268.0,8400.0,0.0,45.0,0.0
26280.0,4000.0,0.0,42.0,0.0
38400.0,7000.0,0.0,37.0,0.0
27600.0,4000.0,0.0,36.0,0.0
38400.0,6825.0,0.0,44.0,0.0
28800.0,4000.0,0.0,40.0,0.0
29536.0,4000.0,0.0,37.0,0.0
38400.0,2400.0,0.0,37.0,0.0
30000.0,4000.0,0.0,36.0,0.0
38400.0,10000.0,0.0,36.0,0.0
31200.0,4000.0,1.0,45.0,0.0
32004.0,4000.0,0.0,44.0,0.0
38500.0,3500.0,1.0,39.0,0.0
34000.0,4000.0,0.0,36.0,1.0
34800.0,4000.0,0.0,45.0,0.0
30000.0,4000.0,0.0,36.0,1.0
36000.0,4000.0,0.0,44.0,0.0
39000.0,8000.0,0.0,43.0,0.0
39000.0,7000.0,0.0,36.0,0.0
39996.0,4000.0,0.0,43.0,0.0
40000.0,4000.0,0.0,38.0,0.0
39000.0,5600.0,0.0,47.0,0.0
35000.0,4000.0,0.0,37.0,1.0
42000.0,4000.0,0.0,41.0,0.0
39480.0,8000.0,0.0,37.0,0.0
43000.0,4000.0,0.0,41.0,0.0
43000.0,4000.0,1.0,36.0,0.0
39500.0,10000.0,0.0,40.0,0.0
39520.0,5000.0,0.0,36.0,0.0
49000.0,4000.0,0.0,37.0,0.0
39700.0,15000.0,1.0,37.0,0.0
50000.0,4000.0,0.0,38.0,0.0
50004.0,4000.0,0.0,48.0,0.0
39960.0,5600.0,0.0,37.0,0.0
45000.0,4000.0,0.0,38.0,1.0
51000.0,4000.0,0.0,40.0,0.0
39996.0,2500.0,0.0,42.0,0.0
55000.0,4000.0,0.0,45.0,0.0
39996.0,1200.0,0.0,41.0,0.0
61260.0,4000.0,1.0,37.0,0.0
73000.0,4000.0,0.0,36.0,0.0
74000.0,4000.0,0.0,38.0,0.0
40000.0,17500.0,0.0,37.0,0.0
75000.0,4000.0,1.0,41.0,0.0
76000.0,4000.0,0.0,36.0,1.0
40000.0,8000.0,0.0,44.0,0.0
28800.0,4200.0,1.0,40.0,1.0
40000.0,15000.0,0.0,39.0,0.0
50000.0,4350.0,0.0,46.0,0.0
40000.0,9000.0,0.0,38.0,0.0
34000.0,8000.0,0.0,38.0,1.0
40000.0,14000.0,0.0,36.0,0.0
40000.0,16000.0,0.0,37.0,0.0
20004.0,4375.0,0.0,36.0,0.0
24000.0,4400.0,0.0,38.0,1.0
40000.0,4000.0,1.0,36.0,0.0
40000.0,6000.0,0.0,36.0,0.0
40000.0,10000.0,0.0,38.0,0.0
40000.0,1000.0,0.0,39.0,0.0
32000.0,4500.0,0.0,45.0,0.0
35004.0,4500.0,0.0,46.0,0.0
40000.0,12000.0,0.0,46.0,0.0
35000.0,4500.0,1.0,44.0,1.0
42000.0,4500.0,0.0,38.0,0.0
40000.0,1500.0,0.0,41.0,0.0
45600.0,4500.0,0.0,37.0,0.0
50000.0,4500.0,0.0,43.0,0.0
40000.0,5000.0,0.0,36.0,0.0
52000.0,4500.0,0.0,39.0,0.0
53000.0,4500.0,0.0,40.0,0.0
65000.0,4500.0,0.0,38.0,0.0
67000.0,4500.0,0.0,43.0,0.0
84998.0,4500.0,0.0,39.0,0.0
110000.0,4500.0,0.0,39.0,0.0
35880.0,4600.0,1.0,50.0,0.0
45840.0,4600.0,0.0,41.0,0.0
40000.0,8000.0,0.0,50.0,0.0
40000.0,6000.0,0.0,47.0,0.0
40000.0,18000.0,0.0,43.0,0.0
14004.0,4800.0,0.0,36.0,1.0
40000.0,4000.0,0.0,38.0,0.0
24000.0,4800.0,0.0,39.0,0.0
30960.0,4800.0,0.0,37.0,0.0
40000.0,5000.0,0.0,36.0,0.0
33600.0,4800.0,0.0,38.0,0.0
40008.0,12000.0,0.0,40.0,0.0
40246.0,12000.0,0.0,38.0,0.0
36000.0,4800.0,0.0,37.0,0.0
40320.0,15000.0,0.0,38.0,0.0
40452.0,4000.0,0.0,46.0,0.0
40500.0,7475.0,0.0,36.0,0.0
40800.0,2875.0,0.0,37.0,0.0
40800.0,4000.0,1.0,37.0,0.0
40800.0,7200.0,1.0,36.0,0.0
40800.0,10400.0,0.0,42.0,0.0
40800.0,3500.0,0.0,39.0,0.0
55000.0,4800.0,0.0,37.0,0.0
60000.0,4800.0,0.0,46.0,0.0
56000.0,4800.0,1.0,39.0,1.0
64000.0,4800.0,0.0,39.0,0.0
59000.0,4800.0,1.0,37.0,1.0
41000.0,10000.0,0.0,42.0,0.0
41000.0,6250.0,0.0,36.0,0.0
80000.0,4800.0,0.0,49.0,0.0
92000.0,4800.0,0.0,48.0,0.0
41000.0,6000.0,1.0,43.0,0.0
41000.0,6000.0,0.0,40.0,0.0
107473.0,4800.0,1.0,45.0,0.0
41004.0,10000.0,0.0,41.0,0.0
95000.0,10000.0,0.0,37.0,0.0
83400.0,10000.0,1.0,39.0,1.0
96000.0,10000.0,0.0,38.0,0.0
100000.0,10000.0,1.0,42.0,0.0
112000.0,10000.0,0.0,38.0,0.0
103000.0,10000.0,1.0,37.0,1.0
115000.0,10000.0,0.0,49.0,0.0
117000.0,10000.0,0.0,37.0,0.0
41869.0,8000.0,0.0,49.0,0.0
120000.0,10000.0,0.0,36.0,0.0
120000.0,10000.0,1.0,38.0,0.0
121200.0,10000.0,0.0,41.0,0.0
126000.0,10000.0,0.0,47.0,0.0
135000.0,10000.0,0.0,37.0,0.0
42000.0,12000.0,0.0,42.0,0.0
42000.0,3000.0,0.0,49.0,0.0
166000.0,10000.0,0.0,36.0,0.0
73000.0,9975.0,1.0,40.0,1.0
24168.0,9925.0,0.0,36.0,1.0
55200.0,9900.0,1.0,36.0,1.0
42000.0,7775.0,0.0,43.0,0.0
42000.0,5600.0,0.0,38.0,0.0
42000.0,6000.0,0.0,36.0,0.0
42000.0,3000.0,1.0,37.0,0.0
67000.0,9800.0,1.0,39.0,0.0
42000.0,4500.0,0.0,37.0,0.0
42000.0,2000.0,1.0,36.0,0.0
70000.0,4900.0,0.0,37.0,0.0
55000.0,4975.0,0.0,39.0,0.0
28000.0,5000.0,1.0,40.0,0.0
28500.0,5000.0,0.0,47.0,0.0
42000.0,4000.0,0.0,38.0,0.0
30000.0,5000.0,1.0,38.0,0.0
30000.0,5000.0,0.0,44.0,0.0
30000.0,5000.0,0.0,36.0,0.0
42000.0,13200.0,0.0,44.0,0.0
30000.0,5000.0,1.0,50.0,0.0
32000.0,5000.0,0.0,41.0,0.0
32000.0,5000.0,0.0,39.0,0.0
32004.0,5000.0,0.0,36.0,0.0
42000.0,8000.0,0.0,39.0,0.0
42000.0,10000.0,1.0,50.0,0.0
34000.0,5000.0,0.0,50.0,0.0
34800.0,5000.0,0.0,41.0,0.0
42000.0,16750.0,0.0,49.0,0.0
29000.0,5000.0,1.0,42.0,1.0
35000.0,5000.0,0.0,38.0,0.0
42000.0,7800.0,0.0,36.0,0.0
29000.0,5000.0,0.0,36.0,1.0
35000.0,5000.0,1.0,38.0,0.0
35028.0,5000.0,1.0,37.0,0.0
35827.0,5000.0,0.0,40.0,0.0
36000.0,5000.0,0.0,50.0,0.0
37200.0,5000.0,0.0,38.0,0.0
42320.0,7475.0,1.0,45.0,0.0
39500.0,5000.0,0.0,38.0,0.0
34000.0,5000.0,0.0,39.0,1.0
40000.0,5000.0,0.0,42.0,0.0
40000.0,5000.0,0.0,36.0,0.0
40000.0,5000.0,0.0,37.0,0.0
42996.0,8400.0,1.0,40.0,0.0
42996.0,15000.0,1.0,40.0,0.0
41500.0,5000.0,0.0,48.0,0.0
42000.0,5000.0,0.0,41.0,0.0
43000.0,8250.0,0.0,38.0,0.0
43000.0,3600.0,0.0,45.0,0.0
37000.0,3000.0,1.0,36.0,1.0
37200.0,5000.0,0.0,39.0,1.0
43000.0,15000.0,0.0,43.0,0.0
45000.0,5000.0,1.0,38.0,0.0
43000.0,10000.0,0.0,38.0,0.0
39000.0,5000.0,0.0,38.0,1.0
45600.0,5000.0,0.0,41.0,0.0
43000.0,22800.0,0.0,41.0,0.0
43000.0,6250.0,0.0,39.0,0.0
43000.0,2500.0,0.0,40.0,0.0
47000.0,5000.0,0.0,41.0,0.0
41496.0,5000.0,1.0,50.0,1.0
48000.0,5000.0,0.0,44.0,0.0
43200.0,13750.0,1.0,47.0,0.0
48500.0,5000.0,0.0,39.0,0.0
56000.0,9000.0,0.0,41.0,0.0
43680.0,15000.0,0.0,36.0,0.0
54000.0,9000.0,1.0,43.0,1.0
44000.0,5000.0,0.0,37.0,0.0
44000.0,10000.0,0.0,38.0,0.0
65000.0,9000.0,0.0,37.0,0.0
44000.0,8000.0,0.0,39.0,0.0
44000.0,10000.0,0.0,43.0,0.0
70000.0,9000.0,0.0,47.0,0.0
74000.0,9000.0,0.0,38.0,0.0
44000.0,4000.0,0.0,47.0,0.0
44000.0,8000.0,0.0,43.0,0.0
44000.0,2500.0,0.0,39.0,0.0
44000.0,7000.0,0.0,38.0,0.0
85000.0,9000.0,0.0,43.0,0.0
86000.0,9000.0,0.0,47.0,1.0
108000.0,9000.0,0.0,40.0,1.0
133000.0,9000.0,1.0,37.0,0.0
244000.0,9000.0,0.0,47.0,0.0
30000.0,8875.0,0.0,41.0,0.0
32400.0,8875.0,0.0,42.0,1.0
38200.0,8875.0,0.0,41.0,0.0
44782.0,6000.0,1.0,46.0,0.0
31824.0,8800.0,0.0,48.0,1.0
45000.0,15625.0,0.0,45.0,0.0
45000.0,11200.0,0.0,47.0,0.0
50000.0,5000.0,0.0,48.0,0.0
44000.0,5000.0,1.0,36.0,1.0
45000.0,10800.0,0.0,37.0,0.0
44000.0,5000.0,0.0,38.0,1.0
50000.0,5000.0,0.0,37.0,0.0
45000.0,3600.0,0.0,40.0,0.0
45000.0,14000.0,0.0,45.0,0.0
24000.0,8500.0,0.0,39.0,1.0
45000.0,3000.0,0.0,39.0,0.0
27000.0,8500.0,0.0,37.0,1.0
43000.0,8500.0,0.0,37.0,0.0
64777.0,8500.0,0.0,38.0,0.0
68000.0,8500.0,0.0,42.0,0.0
30000.0,8450.0,0.0,39.0,0.0
2039784.0,8450.0,1.0,42.0,0.0
46000.0,5000.0,0.0,43.0,1.0
52000.0,5000.0,0.0,41.0,0.0
53000.0,5000.0,0.0,36.0,0.0
45000.0,12250.0,0.0,46.0,0.0
45000.0,5700.0,0.0,43.0,0.0
54996.0,5000.0,0.0,50.0,0.0
45000.0,7000.0,0.0,36.0,0.0
45000.0,6375.0,0.0,38.0,0.0
58000.0,5000.0,0.0,36.0,0.0
45000.0,12000.0,0.0,39.0,0.0
52106.0,5000.0,0.0,41.0,1.0
58500.0,5000.0,0.0,40.0,0.0
60000.0,5000.0,1.0,38.0,0.0
45000.0,2000.0,0.0,36.0,0.0
60000.0,5000.0,0.0,41.0,0.0
60000.0,5000.0,0.0,37.0,0.0
60000.0,5000.0,1.0,40.0,0.0
63000.0,5000.0,0.0,37.0,0.0
64000.0,5000.0,0.0,38.0,0.0
65000.0,5000.0,0.0,40.0,0.0
65000.0,5000.0,0.0,43.0,0.0
59000.0,5000.0,1.0,37.0,1.0
65000.0,5000.0,0.0,44.0,0.0
68000.0,5000.0,1.0,39.0,0.0
45000.0,8000.0,1.0,36.0,0.0
70000.0,5000.0,0.0,38.0,0.0
45000.0,12000.0,0.0,37.0,0.0
54400.0,5000.0,1.0,44.0,1.0
71015.0,5000.0,0.0,43.0,0.0
75000.0,5000.0,0.0,50.0,0.0
45000.0,5000.0,0.0,42.0,0.0
76000.0,5000.0,1.0,40.0,0.0
45344.0,16750.0,0.0,36.0,0.0
84000.0,5000.0,0.0,37.0,0.0
45600.0,7000.0,0.0,40.0,0.0
45600.0,10000.0,0.0,36.0,0.0
87000.0,5000.0,0.0,36.0,0.0
90000.0,5000.0,0.0,38.0,0.0
45600.0,18000.0,0.0,36.0,0.0
90000.0,5000.0,1.0,41.0,0.0
39600.0,1800.0,1.0,36.0,1.0
94000.0,5000.0,1.0,38.0,0.0
95000.0,5000.0,1.0,38.0,0.0
98000.0,5000.0,1.0,44.0,0.0
98760.0,5000.0,0.0,43.0,0.0
45760.0,9600.0,0.0,42.0,0.0
100000.0,5000.0,0.0,36.0,0.0
45996.0,6000.0,0.0,37.0,0.0
45996.0,6300.0,0.0,43.0,0.0
108000.0,5000.0,1.0,38.0,1.0
46000.0,10000.0,0.0,40.0,0.0
46000.0,7700.0,0.0,41.0,0.0
26000.0,5200.0,0.0,38.0,0.0
46000.0,8000.0,0.0,36.0,0.0
40000.0,5200.0,0.0,39.0,0.0
46000.0,8600.0,0.0,50.0,0.0
46000.0,5000.0,0.0,37.0,0.0
28584.0,5400.0,0.0,38.0,0.0
28800.0,5400.0,0.0,40.0,0.0
46150.0,6500.0,0.0,38.0,0.0
34500.0,5400.0,0.0,40.0,1.0
54000.0,5400.0,1.0,37.0,1.0
14400.0,5500.0,0.0,36.0,1.0
40680.0,8000.0,0.0,37.0,1.0
21000.0,5500.0,0.0,41.0,0.0
46996.0,13750.0,0.0,37.0,0.0
47000.0,7200.0,0.0,41.0,0.0
28800.0,5500.0,0.0,37.0,0.0
30000.0,5500.0,0.0,36.0,0.0
47000.0,7500.0,0.0,47.0,0.0
30000.0,5500.0,0.0,40.0,0.0
30996.0,5500.0,1.0,36.0,0.0
47000.0,11000.0,0.0,38.0,0.0
34000.0,5500.0,0.0,36.0,0.0
48000.0,5500.0,0.0,43.0,0.0
50000.0,5500.0,0.0,39.0,0.0
47000.0,7500.0,0.0,41.0,0.0
50000.0,5500.0,0.0,36.0,0.0
47000.0,6000.0,0.0,46.0,0.0
47000.0,10000.0,0.0,43.0,0.0
47000.0,5500.0,0.0,36.0,0.0
47000.0,14000.0,0.0,41.0,0.0
54000.0,5500.0,1.0,37.0,1.0
60070.0,5500.0,1.0,46.0,0.0
63000.0,5500.0,0.0,44.0,0.0
79600.0,5500.0,0.0,37.0,0.0
47471.0,5000.0,0.0,39.0,0.0
47500.0,2700.0,0.0,36.0,0.0
30000.0,5600.0,0.0,38.0,1.0
35000.0,5600.0,0.0,38.0,0.0
38004.0,5600.0,0.0,40.0,0.0
47844.0,27175.0,0.0,46.0,0.0
48000.0,7000.0,0.0,37.0,0.0
52800.0,5600.0,0.0,42.0,0.0
48000.0,7800.0,0.0,38.0,0.0
48000.0,2500.0,0.0,37.0,0.0
48000.0,1500.0,0.0,36.0,0.0
48000.0,5000.0,0.0,38.0,0.0
73000.0,5600.0,0.0,45.0,1.0
48000.0,10400.0,0.0,43.0,0.0
137004.0,5600.0,0.0,41.0,0.0
39996.0,5700.0,0.0,36.0,0.0
48000.0,5000.0,0.0,44.0,0.0
85000.0,5750.0,1.0,42.0,0.0
39000.0,5800.0,0.0,48.0,1.0
48000.0,18000.0,0.0,38.0,0.0
48000.0,6200.0,0.0,38.0,0.0
23500.0,5850.0,0.0,39.0,0.0
44000.0,5850.0,0.0,48.0,0.0
48000.0,4500.0,0.0,43.0,0.0
119000.0,5900.0,0.0,44.0,0.0
35427.0,5950.0,1.0,38.0,0.0
48000.0,6500.0,0.0,42.0,0.0
18720.0,6000.0,0.0,38.0,1.0
20400.0,6000.0,1.0,39.0,0.0
48000.0,8000.0,0.0,40.0,0.0
48000.0,3500.0,0.0,37.0,0.0
48000.0,3500.0,0.0,42.0,0.0
24000.0,6000.0,0.0,37.0,0.0
48000.0,16750.0,0.0,47.0,0.0
25200.0,6000.0,0.0,38.0,1.0
42000.0,14400.0,1.0,48.0,1.0
27052.0,6000.0,0.0,37.0,0.0
48000.0,17500.0,0.0,44.0,0.0
48000.0,8000.0,0.0,45.0,0.0
28800.0,6000.0,1.0,36.0,0.0
48000.0,10000.0,0.0,36.0,0.0
30000.0,6000.0,0.0,48.0,1.0
30000.0,6000.0,0.0,39.0,0.0
30840.0,6000.0,0.0,41.0,0.0
48279.0,4800.0,0.0,39.0,0.0
48500.0,6000.0,0.0,37.0,0.0
32000.0,6000.0,0.0,38.0,1.0
33000.0,6000.0,0.0,43.0,1.0
48840.0,15000.0,0.0,39.0,0.0
34000.0,6000.0,0.0,38.0,0.0
34000.0,6000.0,0.0,36.0,0.0
48996.0,5000.0,0.0,38.0,0.0
49000.0,7250.0,0.0,38.0,0.0
36000.0,6000.0,0.0,39.0,0.0
49200.0,3600.0,1.0,44.0,0.0
36400.0,6000.0,1.0,38.0,0.0
37008.0,6000.0,1.0,36.0,0.0
38000.0,6000.0,1.0,37.0,0.0
49510.0,4000.0,0.0,44.0,0.0
49578.0,16000.0,1.0,43.0,0.0
38160.0,6000.0,0.0,36.0,0.0
33564.0,6000.0,0.0,42.0,1.0
49853.0,12000.0,1.0,38.0,0.0
49901.0,8400.0,1.0,36.0,0.0
40000.0,6000.0,0.0,39.0,0.0
50000.0,5000.0,0.0,36.0,0.0
41280.0,6000.0,1.0,38.0,0.0
44000.0,6000.0,0.0,42.0,0.0
44500.0,6000.0,0.0,39.0,0.0
45000.0,6000.0,0.0,38.0,0.0
45000.0,6000.0,0.0,36.0,0.0
45000.0,6000.0,0.0,37.0,0.0
50000.0,10000.0,0.0,36.0,0.0
46000.0,6000.0,0.0,37.0,0.0
50000.0,8400.0,0.0,37.0,0.0
50000.0,3200.0,0.0,37.0,0.0
46500.0,6000.0,0.0,39.0,0.0
48000.0,6000.0,0.0,43.0,0.0
42000.0,6000.0,0.0,39.0,1.0
48000.0,6000.0,0.0,40.0,0.0
50000.0,6000.0,0.0,44.0,0.0
50000.0,2325.0,0.0,37.0,0.0
50000.0,6000.0,0.0,41.0,0.0
44000.0,6000.0,1.0,37.0,1.0
50000.0,6000.0,0.0,41.0,0.0
50004.0,6000.0,1.0,38.0,0.0
50000.0,5000.0,0.0,43.0,0.0
52000.0,6000.0,0.0,47.0,0.0
52000.0,6000.0,0.0,36.0,0.0
50000.0,5000.0,0.0,43.0,0.0
55000.0,6000.0,0.0,39.0,0.0
49000.0,6000.0,1.0,48.0,1.0
50000.0,5000.0,1.0,43.0,0.0
55182.0,6000.0,0.0,40.0,0.0
44000.0,5000.0,1.0,44.0,1.0
50000.0,20000.0,0.0,37.0,0.0
57000.0,6000.0,0.0,43.0,0.0
57996.0,6000.0,0.0,42.0,0.0
59000.0,6000.0,0.0,48.0,0.0
60000.0,6000.0,0.0,39.0,0.0
60000.0,6000.0,1.0,38.0,0.0
50000.0,10000.0,0.0,38.0,0.0
50000.0,5000.0,0.0,41.0,0.0
31000.0,7100.0,0.0,36.0,0.0
50000.0,16000.0,0.0,36.0,0.0
50000.0,12250.0,0.0,36.0,0.0
24000.0,7000.0,0.0,37.0,0.0
50000.0,6000.0,1.0,40.0,0.0
65000.0,6000.0,0.0,46.0,0.0
50000.0,15850.0,0.0,49.0,0.0
50000.0,3000.0,0.0,38.0,0.0
66000.0,6000.0,0.0,48.0,0.0
66500.0,6000.0,0.0,42.0,0.0
50000.0,15200.0,0.0,36.0,0.0
50000.0,8000.0,0.0,39.0,0.0
70000.0,6000.0,0.0,47.0,0.0
70000.0,6000.0,0.0,44.0,0.0
70000.0,6000.0,0.0,36.0,0.0
70000.0,6000.0,0.0,39.0,0.0
71599.0,6000.0,0.0,40.0,0.0
50000.0,10000.0,0.0,49.0,0.0
72000.0,6000.0,0.0,43.0,0.0
56100.0,6000.0,1.0,50.0,1.0
44000.0,9400.0,0.0,36.0,1.0
74568.0,6000.0,0.0,37.0,0.0
44004.0,1800.0,0.0,36.0,1.0
60520.0,6000.0,1.0,39.0,1.0
78000.0,6000.0,0.0,38.0,0.0
78000.0,6000.0,0.0,41.0,0.0
79000.0,6000.0,0.0,37.0,0.0
50004.0,3000.0,0.0,46.0,0.0
80000.0,6000.0,0.0,38.0,0.0
80000.0,6000.0,0.0,40.0,0.0
80000.0,6000.0,0.0,36.0,0.0
50016.0,10400.0,0.0,48.0,0.0
86000.0,6000.0,1.0,39.0,0.0
86000.0,6000.0,0.0,37.0,0.0
50400.0,12700.0,0.0,36.0,0.0
105000.0,6000.0,0.0,46.0,0.0
110000.0,6000.0,0.0,42.0,0.0
160000.0,6000.0,0.0,42.0,0.0
50780.0,6000.0,0.0,41.0,0.0
51000.0,18000.0,0.0,42.0,0.0
51000.0,20000.0,0.0,42.0,0.0
25000.0,6200.0,0.0,36.0,1.0
44000.0,6200.0,0.0,40.0,0.0
33500.0,6225.0,0.0,43.0,0.0
51000.0,7000.0,0.0,45.0,0.0
55000.0,7000.0,1.0,37.0,0.0
51000.0,14500.0,0.0,41.0,0.0
51000.0,1000.0,0.0,36.0,0.0
51000.0,12800.0,0.0,37.0,0.0
57600.0,7000.0,0.0,44.0,0.0
57996.0,7000.0,1.0,48.0,0.0
51000.0,4775.0,0.0,36.0,0.0
51000.0,12000.0,0.0,39.0,0.0
52000.0,7000.0,0.0,36.0,1.0
60000.0,7000.0,0.0,36.0,0.0
55392.0,7000.0,1.0,42.0,1.0
51500.0,10875.0,0.0,50.0,0.0
62000.0,7000.0,0.0,38.0,0.0
51600.0,10000.0,0.0,46.0,0.0
65000.0,7000.0,0.0,38.0,0.0
51996.0,8500.0,0.0,36.0,0.0
68000.0,7000.0,0.0,40.0,0.0
73882.0,7000.0,0.0,39.0,0.0
51996.0,7500.0,0.0,36.0,0.0
75000.0,7000.0,0.0,36.0,0.0
46000.0,5350.0,0.0,36.0,1.0
52000.0,5000.0,0.0,38.0,0.0
97600.0,7000.0,0.0,42.0,0.0
52000.0,12000.0,0.0,47.0,0.0
52000.0,6000.0,0.0,37.0,0.0
175436.0,7000.0,0.0,43.0,0.0
14400.0,6950.0,0.0,37.0,1.0
52000.0,8000.0,0.0,38.0,0.0
52000.0,2275.0,0.0,36.0,0.0
52000.0,15250.0,0.0,40.0,0.0
52000.0,8000.0,0.0,36.0,0.0
21600.0,6500.0,0.0,37.0,0.0
52000.0,15250.0,0.0,38.0,0.0
24000.0,6500.0,0.0,36.0,0.0
28800.0,6500.0,0.0,41.0,0.0
30000.0,6500.0,0.0,37.0,0.0
30600.0,6500.0,0.0,41.0,0.0
31400.0,6500.0,0.0,47.0,0.0
52000.0,6000.0,0.0,44.0,0.0
52000.0,3000.0,0.0,36.0,0.0
52000.0,1500.0,0.0,41.0,0.0
52000.0,5000.0,0.0,47.0,0.0
42000.0,6500.0,1.0,39.0,0.0
52188.0,10000.0,0.0,37.0,0.0
52400.0,21000.0,0.0,42.0,0.0
53000.0,6500.0,0.0,39.0,0.0
55000.0,6500.0,1.0,38.0,0.0
60000.0,6500.0,0.0,40.0,0.0
52660.0,15000.0,1.0,36.0,0.0
75000.0,6500.0,0.0,40.0,0.0
46800.0,2800.0,0.0,36.0,1.0
52800.0,2800.0,0.0,46.0,0.0
26240.0,6600.0,0.0,37.0,0.0
52479.0,6600.0,0.0,40.0,1.0
89532.0,6600.0,0.0,37.0,0.0
19368.0,6700.0,1.0,45.0,1.0
53000.0,2200.0,1.0,36.0,0.0
50760.0,6725.0,0.0,39.0,0.0
37500.0,6750.0,0.0,37.0,0.0
53000.0,3000.0,0.0,40.0,0.0
47000.0,4900.0,0.0,36.0,1.0
21120.0,6400.0,0.0,42.0,0.0
53532.0,4000.0,0.0,37.0,0.0
53712.0,4000.0,1.0,38.0,0.0
31200.0,6400.0,0.0,39.0,0.0
53808.0,15000.0,0.0,47.0,0.0
32000.0,6400.0,0.0,43.0,0.0
54000.0,9000.0,0.0,39.0,0.0
54000.0,6000.0,0.0,40.0,0.0
51000.0,6400.0,1.0,37.0,0.0
54000.0,2000.0,0.0,48.0,0.0
60000.0,6400.0,0.0,37.0,0.0
80000.0,6400.0,0.0,43.0,0.0
80000.0,6400.0,0.0,44.0,0.0
54000.0,5000.0,0.0,40.0,0.0
54000.0,6000.0,0.0,41.0,0.0
112455.0,6400.0,0.0,36.0,0.0
48000.0,9000.0,1.0,38.0,1.0
54000.0,25000.0,0.0,39.0,0.0
48000.0,1500.0,1.0,36.0,1.0
54000.0,4000.0,0.0,47.0,0.0
54196.0,4500.0,0.0,46.0,0.0
48257.0,7000.0,1.0,37.0,1.0
54500.0,7700.0,0.0,41.0,0.0
54500.0,20500.0,0.0,36.0,0.0
54996.0,7000.0,0.0,37.0,0.0
54996.0,5500.0,0.0,39.0,0.0
54996.0,9000.0,0.0,47.0,0.0
37200.0,7000.0,0.0,41.0,0.0
37800.0,7000.0,0.0,39.0,0.0
55000.0,16500.0,0.0,42.0,0.0
55000.0,5000.0,0.0,46.0,0.0
35000.0,7000.0,0.0,37.0,1.0
55000.0,10000.0,0.0,43.0,0.0
49000.0,24250.0,1.0,45.0,1.0
41000.0,7000.0,0.0,36.0,0.0
55000.0,15600.0,0.0,38.0,0.0
42000.0,7000.0,0.0,36.0,0.0
42000.0,7000.0,1.0,43.0,0.0
55000.0,12000.0,0.0,40.0,0.0
55000.0,10000.0,0.0,39.0,0.0
43000.0,7000.0,0.0,41.0,0.0
38000.0,7000.0,0.0,40.0,1.0
44000.0,7000.0,0.0,36.0,0.0
55000.0,6000.0,0.0,38.0,0.0
45000.0,7000.0,0.0,36.0,0.0
45000.0,7000.0,0.0,43.0,0.0
45000.0,7000.0,0.0,37.0,0.0
45000.0,7000.0,0.0,43.0,0.0
55000.0,9000.0,0.0,41.0,0.0
47000.0,7000.0,1.0,38.0,0.0
55000.0,24375.0,0.0,37.0,0.0
55000.0,15000.0,0.0,46.0,0.0
55000.0,11700.0,0.0,38.0,0.0
50000.0,7000.0,1.0,41.0,0.0
50400.0,7000.0,0.0,39.0,0.0
52000.0,7000.0,0.0,38.0,0.0
53800.0,7000.0,0.0,39.0,0.0
55000.0,13000.0,0.0,39.0,0.0
49000.0,7000.0,0.0,36.0,1.0
55000.0,7000.0,0.0,36.0,0.0
58500.0,7150.0,1.0,41.0,1.0
60000.0,7175.0,0.0,37.0,0.0
55000.0,5000.0,0.0,44.0,0.0
55000.0,3600.0,0.0,40.0,0.0
24000.0,7200.0,0.0,38.0,0.0
25200.0,7200.0,0.0,36.0,0.0
29088.0,7200.0,0.0,44.0,0.0
55000.0,8000.0,0.0,40.0,0.0
55000.0,2000.0,0.0,43.0,0.0
55000.0,14000.0,0.0,38.0,0.0
29000.0,7200.0,1.0,37.0,1.0
49000.0,4000.0,0.0,37.0,1.0
40000.0,7200.0,0.0,42.0,0.0
45000.0,7200.0,0.0,37.0,0.0
50000.0,7200.0,0.0,36.0,0.0
49074.0,8000.0,1.0,36.0,1.0
60000.0,7200.0,0.0,42.0,0.0
55236.0,6500.0,0.0,37.0,0.0
55308.0,2000.0,0.0,42.0,0.0
66560.0,7200.0,0.0,37.0,0.0
55500.0,7875.0,0.0,36.0,0.0
55550.0,22500.0,0.0,38.0,0.0
55900.0,17000.0,0.0,37.0,0.0
49993.0,12600.0,0.0,39.0,1.0
56000.0,15000.0,0.0,48.0,0.0
95000.0,7375.0,0.0,36.0,0.0
19440.0,7500.0,0.0,43.0,1.0
56000.0,10000.0,1.0,39.0,0.0
25000.0,7500.0,0.0,37.0,0.0
26300.0,7500.0,0.0,38.0,1.0
56000.0,13000.0,0.0,37.0,0.0
56004.0,6000.0,0.0,39.0,0.0
35000.0,7500.0,0.0,42.0,0.0
36000.0,7500.0,0.0,38.0,0.0
36684.0,7500.0,0.0,41.0,0.0
56400.0,20000.0,1.0,36.0,0.0
38500.0,7500.0,0.0,41.0,0.0
56500.0,12000.0,0.0,36.0,0.0
56650.0,12000.0,0.0,36.0,0.0
57000.0,6300.0,0.0,39.0,0.0
48000.0,7500.0,0.0,37.0,0.0
48000.0,7500.0,0.0,44.0,0.0
57000.0,10000.0,0.0,41.0,0.0
55000.0,7500.0,0.0,36.0,0.0
57000.0,3000.0,0.0,39.0,0.0
51000.0,10000.0,0.0,36.0,1.0
58000.0,7500.0,0.0,42.0,0.0
58000.0,7500.0,1.0,41.0,0.0
57359.0,9000.0,0.0,46.0,0.0
62000.0,7500.0,0.0,41.0,0.0
64800.0,7500.0,0.0,38.0,0.0
65000.0,7500.0,1.0,38.0,0.0
67500.0,7500.0,0.0,41.0,0.0
57552.0,15000.0,0.0,37.0,0.0
57600.0,9000.0,0.0,38.0,0.0
68608.0,7500.0,0.0,50.0,0.0
80000.0,7500.0,0.0,36.0,0.0
57700.0,3600.0,0.0,44.0,0.0
95000.0,7500.0,0.0,37.0,0.0
57996.0,15000.0,0.0,41.0,0.0
57996.0,8000.0,0.0,39.0,0.0
117996.0,7500.0,1.0,39.0,1.0
128000.0,7500.0,1.0,48.0,1.0
178008.0,7500.0,0.0,37.0,0.0
210000.0,7500.0,0.0,41.0,0.0
58000.0,1800.0,0.0,41.0,0.0
780000.0,7500.0,0.0,37.0,0.0
21324.0,7550.0,0.0,36.0,1.0
58000.0,6400.0,0.0,44.0,0.0
34560.0,7550.0,0.0,41.0,1.0
52000.0,7000.0,0.0,40.0,1.0
58000.0,8000.0,1.0,40.0,0.0
80000.0,7600.0,0.0,36.0,0.0
30000.0,7675.0,1.0,39.0,1.0
63000.0,7700.0,1.0,40.0,0.0
58000.0,21600.0,0.0,36.0,0.0
52000.0,1500.0,0.0,36.0,1.0
58000.0,9000.0,1.0,43.0,0.0
58000.0,5200.0,0.0,41.0,0.0
58000.0,6300.0,0.0,46.0,0.0
52200.0,16000.0,0.0,37.0,1.0
102000.0,7800.0,0.0,39.0,0.0
18000.0,8000.0,0.0,42.0,1.0
59000.0,9000.0,0.0,45.0,0.0
53000.0,10000.0,0.0,36.0,1.0
59000.0,9000.0,0.0,37.0,0.0
24000.0,8000.0,0.0,36.0,1.0
25000.0,8000.0,0.0,43.0,1.0
25000.0,8000.0,0.0,36.0,1.0
59004.0,10000.0,0.0,36.0,0.0
59484.0,5500.0,0.0,40.0,0.0
28000.0,8000.0,0.0,44.0,0.0
59617.0,21000.0,0.0,36.0,0.0
59800.0,18200.0,1.0,36.0,0.0
30000.0,8000.0,0.0,42.0,0.0
31000.0,8000.0,0.0,41.0,0.0
60000.0,17000.0,1.0,39.0,0.0
32000.0,8000.0,0.0,48.0,0.0
32000.0,8000.0,0.0,45.0,0.0
60000.0,17050.0,0.0,36.0,0.0
35000.0,8000.0,1.0,39.0,0.0
30000.0,8000.0,0.0,47.0,1.0
60000.0,12800.0,0.0,39.0,0.0
30500.0,8000.0,0.0,36.0,1.0
31000.0,8000.0,0.0,36.0,1.0
54000.0,3500.0,1.0,37.0,1.0
60000.0,8000.0,0.0,42.0,0.0
60000.0,14400.0,0.0,40.0,0.0
60000.0,4100.0,1.0,46.0,0.0
60000.0,2700.0,0.0,38.0,0.0
32000.0,8000.0,1.0,40.0,1.0
33100.0,8000.0,1.0,39.0,1.0
39996.0,8000.0,0.0,39.0,0.0
60000.0,2000.0,0.0,50.0,0.0
60000.0,16800.0,1.0,41.0,0.0
60000.0,8000.0,0.0,38.0,0.0
34000.0,8000.0,0.0,36.0,1.0
42000.0,8000.0,0.0,37.0,0.0
60000.0,4000.0,0.0,39.0,0.0
60000.0,3600.0,0.0,46.0,0.0
60000.0,3500.0,1.0,40.0,0.0
43000.0,8000.0,0.0,37.0,0.0
60000.0,18000.0,0.0,43.0,0.0
44000.0,8000.0,0.0,39.0,0.0
60000.0,6800.0,1.0,39.0,0.0
60000.0,8000.0,0.0,48.0,0.0
45000.0,8000.0,0.0,37.0,0.0
39000.0,8000.0,1.0,41.0,1.0
45000.0,8000.0,0.0,37.0,0.0
60000.0,10225.0,1.0,36.0,0.0
60000.0,8850.0,0.0,42.0,0.0
48000.0,8000.0,0.0,41.0,0.0
60000.0,2500.0,0.0,48.0,0.0
60000.0,4900.0,1.0,41.0,0.0
50000.0,8000.0,1.0,36.0,0.0
50000.0,8000.0,0.0,37.0,0.0
54000.0,25000.0,1.0,37.0,1.0
60000.0,9250.0,0.0,43.0,0.0
50000.0,8000.0,1.0,43.0,0.0
60000.0,12000.0,0.0,41.0,0.0
50000.0,8000.0,0.0,42.0,0.0
50700.0,8000.0,0.0,36.0,0.0
60000.0,3850.0,0.0,41.0,0.0
51000.0,8000.0,1.0,36.0,0.0
60000.0,15000.0,0.0,39.0,0.0
54000.0,5000.0,0.0,41.0,1.0
60000.0,15000.0,0.0,36.0,0.0
60000.0,10000.0,0.0,38.0,0.0
49000.0,8000.0,1.0,36.0,1.0
60000.0,13750.0,0.0,36.0,0.0
57600.0,8000.0,0.0,41.0,0.0
60000.0,12000.0,0.0,37.0,0.0
54000.0,7750.0,0.0,45.0,1.0
60000.0,8000.0,0.0,43.0,0.0
60000.0,4800.0,0.0,40.0,0.0
60000.0,8000.0,0.0,39.0,0.0
61500.0,8000.0,0.0,40.0,0.0
60000.0,6000.0,1.0,38.0,0.0
60000.0,10000.0,0.0,43.0,0.0
68000.0,5150.0,0.0,44.0,0.0
60000.0,16000.0,0.0,38.0,0.0
20000.0,5075.0,0.0,36.0,1.0
22800.0,5075.0,0.0,43.0,0.0
54000.0,6000.0,0.0,39.0,1.0
60000.0,8000.0,0.0,36.0,0.0
15000.0,5000.0,0.0,36.0,1.0
60000.0,12000.0,0.0,40.0,0.0
16800.0,5000.0,0.0,40.0,1.0
60000.0,5000.0,0.0,37.0,0.0
60000.0,7000.0,0.0,39.0,0.0
60000.0,6000.0,0.0,37.0,0.0
60000.0,12000.0,0.0,40.0,0.0
21000.0,5000.0,1.0,47.0,1.0
21000.0,5000.0,0.0,37.0,0.0
54000.0,10000.0,1.0,36.0,1.0
24000.0,5000.0,0.0,37.0,0.0
60000.0,11800.0,0.0,44.0,0.0
60000.0,5000.0,0.0,46.0,0.0
24000.0,5000.0,0.0,36.0,0.0
60000.0,4800.0,0.0,43.0,0.0
24000.0,5000.0,0.0,39.0,0.0
24960.0,5000.0,0.0,36.0,0.0
60996.0,15000.0,0.0,36.0,0.0
54996.0,6000.0,0.0,40.0,1.0
26400.0,5000.0,0.0,44.0,0.0
61000.0,14000.0,1.0,39.0,0.0
27036.0,5000.0,0.0,37.0,0.0
27600.0,5000.0,1.0,38.0,1.0
61000.0,14400.0,0.0,42.0,0.0
62000.0,8000.0,0.0,40.0,0.0
62000.0,8000.0,0.0,42.0,0.0
61000.0,10000.0,0.0,36.0,0.0
62000.0,8000.0,0.0,36.0,0.0
61000.0,11600.0,0.0,45.0,0.0
61000.0,10000.0,0.0,37.0,0.0
61000.0,20000.0,1.0,45.0,0.0
61250.0,5200.0,0.0,39.0,0.0
61260.0,6350.0,0.0,37.0,0.0
65004.0,8000.0,0.0,38.0,0.0
61450.0,12500.0,0.0,38.0,0.0
68500.0,8000.0,0.0,37.0,0.0
68848.0,8000.0,0.0,36.0,0.0
61766.0,5500.0,0.0,39.0,0.0
61776.0,12000.0,0.0,49.0,0.0
56000.0,7000.0,1.0,45.0,1.0
72000.0,8000.0,0.0,49.0,0.0
62000.0,6000.0,0.0,36.0,0.0
62000.0,7200.0,0.0,39.0,0.0
75000.0,8000.0,0.0,39.0,0.0
62000.0,2600.0,0.0,40.0,0.0
74000.0,8000.0,0.0,37.0,1.0
62000.0,5000.0,0.0,43.0,0.0
62000.0,15000.0,0.0,38.0,0.0
62000.0,20000.0,0.0,43.0,0.0
87000.0,8000.0,1.0,36.0,0.0
62000.0,7500.0,0.0,36.0,0.0
87000.0,8000.0,1.0,45.0,0.0
88000.0,8000.0,0.0,44.0,0.0
62000.0,4800.0,0.0,36.0,0.0
86105.0,8000.0,0.0,38.0,1.0
108000.0,8000.0,0.0,37.0,1.0
126252.0,8000.0,0.0,36.0,0.0
116000.0,8000.0,0.0,39.0,1.0
62400.0,2400.0,0.0,36.0,0.0
62400.0,12000.0,1.0,36.0,0.0
62400.0,14100.0,1.0,36.0,0.0
62400.0,10000.0,1.0,37.0,0.0
62400.0,7000.0,0.0,40.0,0.0
40000.0,8050.0,0.0,48.0,0.0
62500.0,5000.0,0.0,41.0,0.0
140000.0,8175.0,0.0,45.0,0.0
56500.0,15000.0,0.0,48.0,1.0
62691.0,6000.0,1.0,38.0,0.0
63000.0,12000.0,0.0,45.0,0.0
33280.0,8400.0,0.0,37.0,0.0
36000.0,8400.0,0.0,38.0,0.0
42000.0,8400.0,0.0,37.0,0.0
57000.0,1500.0,0.0,36.0,1.0
36000.0,8400.0,1.0,42.0,1.0
42552.0,8400.0,0.0,38.0,0.0
48000.0,8400.0,1.0,39.0,0.0
44000.0,8400.0,1.0,42.0,1.0
63000.0,4200.0,0.0,36.0,0.0
48000.0,8400.0,0.0,46.0,1.0
63177.0,6250.0,0.0,36.0,0.0
70000.0,8400.0,0.0,37.0,0.0
63500.0,2400.0,0.0,38.0,0.0
63599.0,5200.0,0.0,36.0,0.0
73000.0,8550.0,0.0,41.0,1.0
63996.0,12000.0,0.0,40.0,0.0
65000.0,8700.0,0.0,40.0,0.0
64000.0,2300.0,0.0,42.0,0.0
54000.0,8725.0,0.0,43.0,0.0
64000.0,6000.0,0.0,45.0,0.0
45600.0,8775.0,1.0,36.0,0.0
64000.0,15000.0,0.0,43.0,0.0
22000.0,9000.0,0.0,42.0,1.0
58000.0,16000.0,0.0,49.0,1.0
24600.0,9000.0,0.0,45.0,1.0
27000.0,9000.0,0.0,42.0,1.0
30000.0,9000.0,0.0,36.0,0.0
64800.0,6625.0,0.0,49.0,0.0
30000.0,9000.0,0.0,39.0,1.0
36000.0,9000.0,0.0,43.0,0.0
58800.0,22000.0,0.0,50.0,1.0
64973.0,9000.0,0.0,36.0,0.0
36000.0,9000.0,1.0,36.0,0.0
36000.0,9000.0,0.0,38.0,0.0
65000.0,22750.0,0.0,42.0,0.0
65000.0,11000.0,0.0,37.0,0.0
65000.0,23325.0,1.0,36.0,0.0
65000.0,10000.0,0.0,38.0,0.0
65000.0,15000.0,0.0,39.0,0.0
65000.0,15000.0,0.0,43.0,0.0
65000.0,7200.0,0.0,43.0,0.0
44700.0,9000.0,0.0,37.0,0.0
65000.0,6000.0,0.0,43.0,0.0
44940.0,9000.0,0.0,40.0,0.0
59000.0,15000.0,0.0,37.0,1.0
45600.0,9000.0,1.0,38.0,0.0
45600.0,9000.0,0.0,41.0,0.0
48960.0,9000.0,0.0,36.0,0.0
59000.0,12000.0,1.0,37.0,1.0
45000.0,9000.0,0.0,37.0,1.0
65000.0,6000.0,1.0,39.0,0.0
65000.0,6500.0,0.0,36.0,0.0
40000.0,9200.0,0.0,41.0,0.0
44004.0,9200.0,0.0,37.0,1.0
65000.0,10000.0,0.0,42.0,0.0
65000.0,15000.0,0.0,38.0,0.0
65000.0,3600.0,0.0,38.0,0.0
65000.0,7000.0,0.0,47.0,0.0
31000.0,9250.0,0.0,41.0,1.0
58000.0,9275.0,1.0,36.0,0.0
65000.0,4000.0,0.0,37.0,0.0
65000.0,7000.0,0.0,36.0,0.0
65000.0,8000.0,0.0,38.0,0.0
65000.0,24000.0,0.0,43.0,0.0
65000.0,4000.0,1.0,36.0,0.0
65000.0,12000.0,0.0,49.0,0.0
33000.0,9400.0,0.0,41.0,0.0
23004.0,9450.0,0.0,36.0,1.0
65000.0,11500.0,0.0,38.0,0.0
38604.0,9500.0,0.0,39.0,0.0
34000.0,9500.0,0.0,38.0,1.0
50000.0,9500.0,0.0,43.0,0.0
65000.0,20000.0,0.0,41.0,0.0
58000.0,9500.0,0.0,37.0,0.0
60000.0,9500.0,0.0,36.0,0.0
65000.0,6000.0,0.0,42.0,0.0
55000.0,9500.0,0.0,36.0,1.0
58000.0,9500.0,1.0,38.0,1.0
65000.0,9500.0,0.0,47.0,0.0
70000.0,9500.0,0.0,44.0,0.0
28800.0,9600.0,0.0,41.0,1.0
32000.0,9600.0,0.0,40.0,0.0
65004.0,25000.0,0.0,44.0,0.0
65004.0,17000.0,0.0,37.0,0.0
40000.0,9600.0,0.0,38.0,0.0
65379.0,10000.0,0.0,37.0,0.0
65458.0,8000.0,0.0,36.0,0.0
42000.0,9600.0,0.0,42.0,0.0
59827.0,6000.0,0.0,47.0,1.0
65993.0,9000.0,0.0,45.0,0.0
66000.0,10000.0,0.0,41.0,0.0
54696.0,9600.0,0.0,37.0,0.0
66000.0,6125.0,1.0,40.0,0.0
66000.0,12475.0,0.0,48.0,0.0
55000.0,9600.0,0.0,44.0,0.0
62000.0,9600.0,0.0,36.0,0.0
78000.0,9600.0,0.0,37.0,0.0
66000.0,5000.0,1.0,44.0,0.0
60000.0,13000.0,1.0,36.0,1.0
85000.0,9600.0,0.0,36.0,0.0
66150.0,17000.0,0.0,37.0,0.0
66200.0,13750.0,0.0,39.0,0.0
66420.0,5550.0,0.0,38.0,0.0
60000.0,9700.0,1.0,37.0,0.0
24300.0,9750.0,0.0,44.0,1.0
66948.0,24000.0,0.0,48.0,0.0
19896.0,10000.0,0.0,37.0,1.0
22800.0,10000.0,0.0,42.0,1.0
23000.0,10000.0,1.0,38.0,1.0
67000.0,15000.0,0.0,39.0,0.0
24000.0,10000.0,0.0,36.0,1.0
24000.0,10000.0,0.0,37.0,1.0
25000.0,10000.0,0.0,37.0,1.0
61020.0,9975.0,0.0,39.0,1.0
67200.0,8000.0,0.0,38.0,0.0
25320.0,10000.0,1.0,42.0,1.0
26000.0,10000.0,0.0,45.0,1.0
26000.0,10000.0,0.0,36.0,1.0
26400.0,10000.0,1.0,37.0,1.0
67600.0,33000.0,0.0,37.0,0.0
52569.0,10400.0,0.0,45.0,1.0
30000.0,10000.0,0.0,46.0,1.0
68000.0,16000.0,1.0,39.0,0.0
68000.0,10000.0,0.0,50.0,0.0
30000.0,10000.0,0.0,37.0,1.0
68000.0,5000.0,0.0,43.0,0.0
68000.0,7000.0,0.0,37.0,0.0
30000.0,10000.0,0.0,38.0,1.0
68000.0,7000.0,0.0,43.0,0.0
68000.0,5000.0,0.0,42.0,0.0
30400.0,10000.0,1.0,39.0,1.0
30500.0,10000.0,0.0,38.0,1.0
68000.0,9200.0,0.0,40.0,0.0
31200.0,10000.0,0.0,36.0,1.0
68000.0,7200.0,0.0,36.0,0.0
32000.0,10000.0,0.0,42.0,1.0
32000.0,10000.0,0.0,42.0,1.0
32000.0,10000.0,0.0,37.0,1.0
32400.0,10000.0,0.0,40.0,1.0
33000.0,10000.0,0.0,37.0,0.0
68500.0,14300.0,0.0,44.0,0.0
35000.0,10000.0,0.0,45.0,0.0
69000.0,20000.0,0.0,47.0,0.0
69000.0,12000.0,0.0,37.0,0.0
36000.0,10000.0,0.0,41.0,0.0
36000.0,10000.0,0.0,45.0,0.0
69600.0,6000.0,0.0,45.0,0.0
36000.0,10000.0,0.0,43.0,0.0
69736.0,2500.0,0.0,36.0,0.0
69996.0,10000.0,0.0,42.0,0.0
69996.0,6000.0,0.0,40.0,0.0
69996.0,8000.0,0.0,50.0,0.0
38000.0,10000.0,0.0,38.0,0.0
39204.0,10000.0,0.0,50.0,0.0
64000.0,4800.0,0.0,45.0,1.0
70000.0,21600.0,0.0,48.0,0.0
70000.0,12500.0,0.0,39.0,0.0
39870.0,10000.0,0.0,37.0,0.0
70000.0,30000.0,0.0,37.0,0.0
70000.0,18000.0,0.0,40.0,0.0
70000.0,17000.0,0.0,38.0,0.0
70000.0,19500.0,0.0,39.0,0.0
40000.0,10000.0,0.0,38.0,0.0
70000.0,5000.0,0.0,41.0,0.0
64000.0,6800.0,1.0,36.0,1.0
70000.0,10500.0,0.0,42.0,0.0
70000.0,6000.0,0.0,36.0,0.0
41000.0,10000.0,0.0,47.0,0.0
70000.0,9000.0,0.0,48.0,0.0
70000.0,8000.0,0.0,46.0,0.0
70000.0,12000.0,0.0,40.0,0.0
43000.0,10000.0,0.0,37.0,0.0
70000.0,10000.0,0.0,39.0,0.0
70000.0,11600.0,0.0,40.0,0.0
70000.0,16000.0,0.0,36.0,0.0
70000.0,15000.0,0.0,37.0,0.0
44000.0,10000.0,0.0,37.0,0.0
45000.0,10000.0,0.0,36.0,0.0
70000.0,9250.0,0.0,38.0,0.0
70000.0,10000.0,0.0,36.0,0.0
70000.0,8400.0,0.0,39.0,0.0
45000.0,10000.0,0.0,49.0,0.0
70000.0,11000.0,0.0,36.0,0.0
36000.0,4300.0,1.0,45.0,0.0
60000.0,4300.0,0.0,39.0,0.0
70000.0,10000.0,0.0,45.0,0.0
54400.0,25000.0,0.0,40.0,1.0
45500.0,10000.0,0.0,39.0,0.0
70000.0,20000.0,0.0,41.0,0.0
70000.0,14000.0,1.0,41.0,0.0
70000.0,6000.0,0.0,36.0,0.0
40000.0,10000.0,0.0,42.0,1.0
46000.0,10000.0,0.0,36.0,0.0
70000.0,20800.0,0.0,41.0,0.0
30000.0,4200.0,0.0,42.0,0.0
70000.0,25000.0,1.0,36.0,0.0
70000.0,25000.0,0.0,37.0,0.0
70000.0,2825.0,0.0,42.0,0.0
70032.0,14000.0,0.0,40.0,0.0
42000.0,4200.0,0.0,42.0,0.0
43000.0,4200.0,1.0,37.0,0.0
48000.0,4200.0,0.0,37.0,0.0
70800.0,12000.0,0.0,41.0,0.0
50426.0,4200.0,0.0,42.0,0.0
55000.0,4200.0,0.0,41.0,0.0
71000.0,11200.0,0.0,37.0,0.0
71000.0,7000.0,1.0,40.0,0.0
65028.0,10000.0,0.0,36.0,1.0
47508.0,10000.0,0.0,41.0,0.0
72000.0,10000.0,0.0,41.0,0.0
72000.0,8400.0,0.0,42.0,0.0
72000.0,15000.0,0.0,38.0,0.0
72000.0,14825.0,0.0,49.0,0.0
48000.0,10000.0,0.0,45.0,0.0
48000.0,10000.0,0.0,39.0,0.0
72000.0,3500.0,0.0,36.0,0.0
72000.0,5600.0,0.0,37.0,0.0
72000.0,5050.0,0.0,43.0,0.0
48450.0,10000.0,0.0,36.0,0.0
42600.0,10000.0,1.0,41.0,1.0
66000.0,2000.0,0.0,39.0,1.0
43000.0,10000.0,1.0,38.0,1.0
49500.0,10000.0,0.0,37.0,0.0
56100.0,6100.0,1.0,38.0,1.0
72000.0,6000.0,0.0,38.0,0.0
72000.0,8000.0,0.0,36.0,0.0
72000.0,15000.0,0.0,39.0,0.0
72000.0,8000.0,0.0,50.0,0.0
72000.0,2500.0,0.0,36.0,0.0
50000.0,10000.0,0.0,48.0,0.0
72000.0,10000.0,0.0,42.0,0.0
72000.0,6000.0,0.0,36.0,0.0
56100.0,8000.0,0.0,39.0,1.0
72000.0,14500.0,0.0,40.0,0.0
51000.0,10000.0,0.0,37.0,0.0
72000.0,7000.0,1.0,48.0,0.0
72000.0,1600.0,1.0,37.0,0.0
72000.0,8000.0,0.0,38.0,0.0
52000.0,10000.0,0.0,37.0,0.0
72000.0,5000.0,0.0,38.0,0.0
72061.0,4200.0,1.0,44.0,0.0
54000.0,10000.0,1.0,41.0,0.0
72800.0,20000.0,1.0,43.0,0.0
72800.0,23000.0,0.0,37.0,0.0
54996.0,10000.0,0.0,36.0,0.0
73000.0,5000.0,0.0,37.0,0.0
55000.0,10000.0,0.0,39.0,0.0
73000.0,10000.0,0.0,48.0,0.0
73000.0,10000.0,0.0,39.0,0.0
55000.0,10000.0,1.0,42.0,0.0
56000.0,10000.0,0.0,39.0,0.0
56448.0,10000.0,0.0,41.0,0.0
73500.0,20000.0,0.0,44.0,0.0
74000.0,11000.0,0.0,43.0,0.0
74000.0,12000.0,0.0,37.0,0.0
54000.0,10000.0,0.0,46.0,1.0
74000.0,20000.0,1.0,46.0,0.0
60000.0,10000.0,0.0,50.0,0.0
74000.0,1500.0,0.0,36.0,0.0
60000.0,10000.0,0.0,37.0,0.0
74000.0,16000.0,0.0,42.0,0.0
74000.0,5300.0,0.0,42.0,0.0
74004.0,7125.0,0.0,40.0,0.0
74237.0,18000.0,1.0,38.0,0.0
60000.0,10000.0,0.0,40.0,0.0
68400.0,9600.0,0.0,43.0,1.0
74400.0,7000.0,0.0,50.0,0.0
68400.0,7000.0,1.0,36.0,1.0
74400.0,7500.0,0.0,37.0,0.0
74500.0,10500.0,0.0,46.0,0.0
60350.0,10000.0,0.0,46.0,0.0
61000.0,10000.0,0.0,44.0,0.0
75000.0,24000.0,0.0,36.0,0.0
75000.0,10000.0,0.0,45.0,0.0
39000.0,4000.0,1.0,37.0,1.0
75000.0,10000.0,0.0,40.0,0.0
75000.0,6000.0,0.0,44.0,0.0
75000.0,9100.0,0.0,38.0,0.0
62000.0,10000.0,0.0,42.0,0.0
62200.0,10000.0,0.0,45.0,0.0
63000.0,10000.0,0.0,46.0,0.0
75000.0,25000.0,0.0,38.0,0.0
59000.0,10000.0,0.0,44.0,1.0
75000.0,10000.0,0.0,36.0,0.0
65000.0,10000.0,0.0,37.0,0.0
75000.0,5500.0,1.0,41.0,0.0
75000.0,9600.0,0.0,42.0,0.0
66000.0,10000.0,0.0,36.0,0.0
60000.0,10000.0,1.0,37.0,1.0
60000.0,10000.0,1.0,43.0,1.0
66847.0,10000.0,1.0,36.0,0.0
67000.0,10000.0,0.0,44.0,0.0
61000.0,10000.0,1.0,44.0,1.0
67000.0,10000.0,1.0,44.0,0.0
69000.0,10000.0,0.0,49.0,0.0
69228.0,10000.0,0.0,42.0,0.0
64000.0,10000.0,1.0,36.0,1.0
75000.0,7500.0,1.0,40.0,0.0
54400.0,10000.0,1.0,38.0,1.0
70000.0,10000.0,0.0,41.0,0.0
70000.0,10000.0,0.0,46.0,0.0
70800.0,10000.0,0.0,41.0,0.0
71500.0,10000.0,0.0,41.0,0.0
66000.0,10000.0,1.0,38.0,1.0
72000.0,10000.0,0.0,36.0,0.0
75000.0,16000.0,0.0,39.0,0.0
72500.0,10000.0,0.0,36.0,0.0
75000.0,14400.0,0.0,36.0,0.0
75000.0,20000.0,0.0,38.0,0.0
75000.0,10000.0,0.0,36.0,0.0
58650.0,12000.0,0.0,41.0,1.0
75000.0,15000.0,0.0,36.0,0.0
62047.0,10000.0,0.0,46.0,1.0
75000.0,12000.0,0.0,47.0,0.0
80000.0,10000.0,0.0,43.0,0.0
75000.0,17000.0,0.0,37.0,0.0
80000.0,10000.0,0.0,36.0,0.0
69000.0,13200.0,1.0,40.0,1.0
75600.0,28000.0,0.0,37.0,0.0
75600.0,14000.0,0.0,40.0,0.0
75971.0,18125.0,1.0,38.0,0.0
75996.0,3500.0,0.0,38.0,0.0
75996.0,3600.0,0.0,40.0,0.0
76000.0,5000.0,0.0,39.0,0.0
76000.0,9150.0,1.0,43.0,0.0
76000.0,3600.0,1.0,44.0,0.0
85000.0,10000.0,0.0,37.0,0.0
76000.0,4800.0,0.0,41.0,0.0
76000.0,9000.0,0.0,38.0,0.0
85000.0,10000.0,0.0,38.0,0.0
85000.0,10000.0,0.0,39.0,0.0
85900.0,10000.0,0.0,38.0,0.0
90000.0,10000.0,0.0,37.0,0.0
76800.0,13000.0,1.0,46.0,0.0
76800.0,6200.0,0.0,36.0,0.0
70872.0,15000.0,0.0,49.0,1.0
92000.0,10000.0,0.0,36.0,0.0
77000.0,12000.0,0.0,43.0,0.0
77000.0,6000.0,0.0,36.0,0.0
95000.0,10000.0,0.0,41.0,0.0
50400.0,10100.0,0.0,38.0,0.0
77000.0,10000.0,1.0,36.0,0.0
77000.0,15000.0,0.0,37.0,0.0
42000.0,10200.0,0.0,37.0,0.0
55000.0,10200.0,0.0,48.0,0.0
78000.0,10200.0,1.0,37.0,0.0
83500.0,10200.0,0.0,48.0,0.0
77250.0,3000.0,0.0,38.0,0.0
77256.0,10000.0,0.0,39.0,0.0
132000.0,10200.0,0.0,36.0,0.0
26000.0,11000.0,0.0,39.0,1.0
77533.0,25000.0,0.0,47.0,0.0
36000.0,11000.0,1.0,42.0,1.0
60000.0,11025.0,0.0,39.0,0.0
35000.0,11100.0,0.0,38.0,1.0
78000.0,20000.0,0.0,42.0,0.0
78000.0,3225.0,0.0,38.0,0.0
40000.0,3000.0,0.0,37.0,0.0
78000.0,6250.0,0.0,38.0,0.0
78000.0,15000.0,0.0,36.0,0.0
62200.0,11200.0,0.0,36.0,0.0
78000.0,4575.0,0.0,38.0,0.0
66000.0,11200.0,0.0,42.0,0.0
78000.0,12000.0,0.0,39.0,0.0
78000.0,12000.0,0.0,37.0,0.0
78000.0,8000.0,1.0,42.0,0.0
78456.0,25000.0,0.0,42.0,0.0
132000.0,11200.0,0.0,40.0,0.0
150000.0,11200.0,0.0,50.0,0.0
40000.0,11250.0,0.0,36.0,0.0
33600.0,11300.0,0.0,45.0,1.0
78840.0,15000.0,0.0,39.0,0.0
60000.0,11300.0,1.0,42.0,0.0
79000.0,4000.0,0.0,43.0,0.0
79200.0,10000.0,0.0,36.0,0.0
79500.0,16000.0,0.0,47.0,0.0
33150.0,11500.0,0.0,41.0,1.0
62540.0,7500.0,1.0,40.0,1.0
39600.0,11500.0,0.0,37.0,0.0
41725.0,11500.0,1.0,39.0,0.0
55600.0,11500.0,0.0,39.0,0.0
80000.0,10000.0,0.0,44.0,0.0
73000.0,11500.0,0.0,37.0,0.0
40000.0,13750.0,0.0,40.0,0.0
74000.0,10000.0,0.0,37.0,1.0
30000.0,11525.0,1.0,43.0,1.0
80000.0,10000.0,0.0,36.0,0.0
80000.0,13000.0,0.0,37.0,0.0
80000.0,12025.0,0.0,36.0,0.0
55000.0,11750.0,0.0,43.0,0.0
20400.0,12000.0,0.0,48.0,1.0
80000.0,10000.0,0.0,42.0,0.0
80000.0,9800.0,0.0,43.0,0.0
27000.0,12000.0,0.0,47.0,1.0
80000.0,20000.0,0.0,36.0,0.0
80000.0,10000.0,0.0,43.0,0.0
30000.0,12000.0,0.0,37.0,1.0
30000.0,12000.0,0.0,44.0,1.0
80000.0,5000.0,0.0,42.0,0.0
30000.0,12000.0,0.0,44.0,1.0
74000.0,12000.0,0.0,49.0,1.0
80000.0,5000.0,0.0,36.0,0.0
80000.0,20000.0,0.0,46.0,0.0
32000.0,12000.0,0.0,37.0,1.0
80000.0,10000.0,0.0,38.0,0.0
80000.0,5600.0,0.0,39.0,0.0
80000.0,10000.0,0.0,37.0,0.0
33600.0,12000.0,0.0,36.0,1.0
40000.0,15000.0,0.0,37.0,0.0
80000.0,10000.0,0.0,46.0,0.0
80000.0,10000.0,0.0,47.0,0.0
80000.0,4000.0,1.0,38.0,0.0
74000.0,25000.0,1.0,36.0,1.0
80000.0,19800.0,1.0,39.0,0.0
80000.0,5000.0,0.0,46.0,0.0
36500.0,12000.0,0.0,38.0,1.0
80000.0,5000.0,0.0,38.0,0.0
80000.0,15000.0,0.0,44.0,0.0
80000.0,25000.0,1.0,44.0,0.0
38200.0,12000.0,0.0,37.0,1.0
38304.0,12000.0,0.0,37.0,1.0
80000.0,20000.0,0.0,37.0,0.0
74000.0,10250.0,0.0,36.0,1.0
80000.0,7700.0,0.0,48.0,0.0
74000.0,10000.0,0.0,36.0,1.0
80000.0,15000.0,0.0,36.0,0.0
39996.0,12000.0,0.0,39.0,0.0
80000.0,5000.0,0.0,39.0,0.0
40000.0,12000.0,0.0,37.0,0.0
62903.0,9600.0,0.0,41.0,1.0
40000.0,12000.0,0.0,38.0,0.0
80004.0,9500.0,0.0,40.0,0.0
80100.0,8000.0,0.0,44.0,0.0
80160.0,5500.0,1.0,44.0,0.0
42000.0,12000.0,0.0,42.0,0.0
81000.0,10000.0,1.0,38.0,0.0
81000.0,6000.0,0.0,36.0,0.0
81000.0,11000.0,0.0,38.0,0.0
81000.0,7000.0,0.0,38.0,0.0
81000.0,20000.0,0.0,40.0,0.0
81120.0,24000.0,0.0,40.0,0.0
81120.0,8000.0,0.0,38.0,0.0
45000.0,12000.0,0.0,43.0,0.0
64464.0,30000.0,0.0,42.0,1.0
39000.0,12000.0,0.0,44.0,1.0
82000.0,8000.0,1.0,39.0,0.0
82000.0,12000.0,0.0,41.0,0.0
46000.0,12000.0,0.0,38.0,0.0
82000.0,10000.0,1.0,49.0,0.0
82000.0,10000.0,0.0,38.0,0.0
59448.0,12000.0,0.0,37.0,0.0
82359.0,6600.0,0.0,46.0,0.0
82500.0,11000.0,0.0,36.0,0.0
54000.0,12000.0,1.0,39.0,1.0
83000.0,3000.0,0.0,43.0,0.0
83000.0,3000.0,0.0,41.0,0.0
83000.0,13000.0,0.0,36.0,0.0
24000.0,3000.0,0.0,37.0,1.0
24000.0,3000.0,0.0,39.0,1.0
83625.0,13200.0,0.0,36.0,0.0
84000.0,6000.0,0.0,36.0,0.0
27599.0,3000.0,0.0,40.0,0.0
84000.0,8225.0,1.0,37.0,0.0
84000.0,15000.0,0.0,38.0,0.0
29120.0,3000.0,1.0,48.0,1.0
84000.0,12000.0,0.0,43.0,0.0
84000.0,9875.0,0.0,39.0,0.0
84000.0,1000.0,0.0,36.0,0.0
84000.0,17925.0,0.0,40.0,0.0
84000.0,4000.0,0.0,39.0,0.0
84240.0,14000.0,0.0,49.0,0.0
84996.0,3500.0,0.0,36.0,0.0
65000.0,12000.0,0.0,47.0,0.0
65000.0,12000.0,0.0,37.0,0.0
65000.0,12000.0,0.0,37.0,0.0
68640.0,12000.0,0.0,39.0,0.0
85000.0,5000.0,0.0,40.0,0.0
85000.0,15000.0,0.0,38.0,0.0
85000.0,5500.0,0.0,37.0,0.0
85000.0,10000.0,0.0,37.0,0.0
85000.0,8000.0,0.0,37.0,0.0
85000.0,6000.0,0.0,38.0,0.0
73000.0,8000.0,0.0,36.0,1.0
72800.0,12000.0,0.0,36.0,0.0
85000.0,5600.0,0.0,37.0,0.0
85000.0,8500.0,1.0,42.0,0.0
37000.0,6075.0,0.0,37.0,0.0
85000.0,5000.0,0.0,39.0,0.0
85000.0,10000.0,0.0,48.0,0.0
42000.0,3000.0,0.0,37.0,0.0
85000.0,5500.0,0.0,47.0,0.0
37000.0,10000.0,1.0,41.0,0.0
85000.0,10000.0,0.0,40.0,0.0
85000.0,8000.0,0.0,36.0,0.0
75000.0,12000.0,0.0,43.0,0.0
85000.0,10000.0,1.0,37.0,0.0
36700.0,2000.0,0.0,45.0,0.0
85000.0,12000.0,0.0,39.0,0.0
85000.0,1000.0,0.0,46.0,0.0
85000.0,10000.0,0.0,47.0,0.0
85000.0,5000.0,0.0,46.0,0.0
85280.0,7000.0,0.0,44.0,0.0
86000.0,8500.0,0.0,39.0,0.0
62900.0,6250.0,0.0,36.0,1.0
75744.0,12000.0,1.0,42.0,1.0
82000.0,12000.0,1.0,42.0,0.0
83000.0,12000.0,0.0,48.0,0.0
86004.0,10000.0,0.0,43.0,0.0
36000.0,4000.0,0.0,44.0,0.0
36000.0,10000.0,1.0,36.0,0.0
86044.0,6500.0,0.0,43.0,0.0
84695.0,12000.0,0.0,36.0,0.0
86500.0,6500.0,0.0,37.0,0.0
86500.0,10000.0,0.0,40.0,0.0
85000.0,12000.0,0.0,39.0,0.0
86807.0,10000.0,0.0,46.0,0.0
85000.0,12000.0,0.0,39.0,0.0
75000.0,15600.0,0.0,49.0,1.0
75000.0,4800.0,1.0,41.0,1.0
88000.0,12000.0,0.0,49.0,0.0
87000.0,9000.0,0.0,41.0,0.0
87000.0,20000.0,0.0,46.0,0.0
90000.0,12000.0,0.0,37.0,0.0
87048.0,17600.0,0.0,40.0,0.0
87950.0,14250.0,0.0,37.0,0.0
93000.0,12000.0,1.0,36.0,0.0
88000.0,4000.0,0.0,41.0,0.0
88000.0,12000.0,0.0,37.0,0.0
95000.0,12000.0,0.0,36.0,0.0
88000.0,1000.0,1.0,37.0,0.0
73100.0,12000.0,1.0,42.0,1.0
88296.0,15000.0,0.0,37.0,0.0
88400.0,20000.0,1.0,49.0,0.0
100000.0,12000.0,0.0,41.0,0.0
88824.0,3600.0,0.0,37.0,0.0
89000.0,6000.0,0.0,38.0,0.0
77000.0,16000.0,1.0,49.0,1.0
89000.0,5000.0,0.0,37.0,0.0
36000.0,2000.0,1.0,40.0,0.0
120000.0,12000.0,0.0,50.0,0.0
90000.0,15000.0,0.0,41.0,0.0
125000.0,12000.0,1.0,41.0,0.0
125000.0,12000.0,0.0,38.0,0.0
90000.0,3800.0,0.0,36.0,0.0
90000.0,12000.0,0.0,36.0,0.0
113000.0,12000.0,1.0,41.0,1.0
90000.0,2800.0,0.0,40.0,0.0
90000.0,13200.0,0.0,41.0,0.0
90000.0,4000.0,0.0,37.0,0.0
78000.0,15000.0,0.0,38.0,1.0
275000.0,12000.0,0.0,39.0,0.0
48000.0,12150.0,0.0,36.0,0.0
90000.0,7000.0,0.0,38.0,0.0
90000.0,2500.0,0.0,45.0,0.0
90000.0,18000.0,0.0,39.0,0.0
90000.0,21000.0,0.0,38.0,0.0
90000.0,10500.0,0.0,39.0,0.0
78000.0,5600.0,0.0,37.0,1.0
90000.0,4600.0,0.0,39.0,0.0
36000.0,12375.0,0.0,36.0,1.0
41000.0,12400.0,0.0,36.0,0.0
44196.0,12400.0,0.0,37.0,0.0
35000.0,13250.0,0.0,37.0,0.0
90000.0,22000.0,0.0,37.0,0.0
90000.0,15000.0,1.0,43.0,0.0
90000.0,20000.0,0.0,46.0,0.0
90000.0,8000.0,0.0,41.0,0.0
78000.0,9600.0,1.0,36.0,1.0
90000.0,3000.0,0.0,41.0,0.0
47000.0,2800.0,0.0,45.0,0.0
48956.0,2800.0,0.0,46.0,0.0
90000.0,24000.0,0.0,50.0,0.0
90000.0,14000.0,1.0,38.0,0.0
35000.0,6000.0,0.0,36.0,0.0
35000.0,6800.0,0.0,39.0,0.0
90000.0,9600.0,1.0,38.0,0.0
90000.0,2800.0,0.0,40.0,0.0
78000.0,20000.0,0.0,37.0,1.0
90000.0,20000.0,1.0,36.0,0.0
25000.0,2775.0,1.0,37.0,1.0
35000.0,1800.0,1.0,38.0,0.0
90000.0,9300.0,0.0,38.0,0.0
24000.0,2700.0,1.0,40.0,0.0
29676.0,2700.0,1.0,45.0,0.0
90000.0,22000.0,1.0,39.0,0.0
90996.0,22000.0,0.0,40.0,0.0
91000.0,2400.0,0.0,41.0,0.0
91000.0,7900.0,0.0,44.0,0.0
91200.0,9000.0,0.0,38.0,0.0
91992.0,3350.0,0.0,39.0,0.0
82500.0,2575.0,0.0,42.0,0.0
92000.0,20000.0,0.0,39.0,0.0
92000.0,4000.0,0.0,36.0,0.0
92000.0,12000.0,0.0,41.0,0.0
92000.0,8000.0,0.0,41.0,0.0
92000.0,12000.0,0.0,37.0,0.0
92000.0,12000.0,0.0,47.0,0.0
92904.0,5375.0,0.0,38.0,0.0
93000.0,7000.0,0.0,43.0,0.0
93000.0,18000.0,0.0,37.0,0.0
81000.0,7000.0,0.0,46.0,1.0
182500.0,12500.0,0.0,39.0,0.0
94000.0,4200.0,0.0,36.0,0.0
82000.0,8400.0,1.0,44.0,1.0
94128.0,4400.0,0.0,44.0,0.0
94185.0,10000.0,0.0,36.0,0.0
56004.0,12800.0,0.0,41.0,0.0
94800.0,7400.0,0.0,44.0,0.0
95000.0,13000.0,0.0,36.0,0.0
95000.0,5000.0,0.0,40.0,0.0
95000.0,5000.0,0.0,47.0,0.0
95000.0,8000.0,0.0,39.0,0.0
95000.0,7500.0,0.0,49.0,0.0
95000.0,21200.0,0.0,44.0,0.0
50000.0,13000.0,1.0,44.0,0.0
46000.0,13000.0,0.0,43.0,1.0
52680.0,13000.0,0.0,45.0,0.0
83000.0,24000.0,1.0,38.0,1.0
95000.0,3000.0,0.0,49.0,0.0
33600.0,4000.0,0.0,45.0,0.0
95000.0,3250.0,0.0,37.0,0.0
65000.0,13000.0,1.0,37.0,0.0
95000.0,20000.0,1.0,39.0,0.0
95000.0,14000.0,1.0,38.0,0.0
70000.0,13000.0,0.0,39.0,0.0
95000.0,21600.0,1.0,41.0,0.0
83000.0,2800.0,0.0,40.0,1.0
83000.0,12000.0,1.0,44.0,1.0
95000.0,4000.0,0.0,38.0,0.0
95000.0,10000.0,0.0,44.0,0.0
110000.0,13000.0,0.0,40.0,0.0
95892.0,15000.0,0.0,40.0,0.0
130000.0,13000.0,0.0,37.0,0.0
96000.0,6000.0,0.0,38.0,0.0
96000.0,10000.0,0.0,46.0,0.0
43000.0,13600.0,1.0,36.0,1.0
71400.0,3100.0,1.0,37.0,1.0
96000.0,5100.0,0.0,42.0,0.0
45760.0,13650.0,0.0,40.0,0.0
66000.0,13650.0,0.0,45.0,0.0
27036.0,13750.0,1.0,43.0,1.0
33000.0,13750.0,1.0,41.0,1.0
32878.0,13775.0,1.0,40.0,1.0
67300.0,13800.0,0.0,42.0,0.0
32560.0,6000.0,0.0,38.0,0.0
96000.0,1500.0,0.0,38.0,0.0
97000.0,1500.0,1.0,42.0,0.0
45000.0,14000.0,0.0,37.0,1.0
97000.0,14000.0,0.0,43.0,0.0
40800.0,14000.0,1.0,39.0,1.0
48300.0,14000.0,1.0,38.0,0.0
32000.0,3600.0,1.0,36.0,0.0
52000.0,14000.0,0.0,39.0,0.0
32000.0,12150.0,0.0,37.0,0.0
52000.0,14000.0,0.0,37.0,0.0
98000.0,8000.0,1.0,39.0,0.0
98000.0,5000.0,0.0,41.0,0.0
98000.0,35000.0,0.0,39.0,0.0
98000.0,5200.0,0.0,40.0,0.0
98000.0,12000.0,0.0,38.0,0.0
98000.0,18000.0,0.0,42.0,0.0
55000.0,14000.0,0.0,38.0,0.0
32000.0,1200.0,0.0,36.0,0.0
98004.0,6000.0,0.0,43.0,0.0
98004.0,12000.0,0.0,41.0,0.0
98240.0,20000.0,0.0,36.0,0.0
99000.0,10000.0,0.0,44.0,0.0
99000.0,8000.0,0.0,44.0,0.0
99500.0,4000.0,0.0,36.0,0.0
99996.0,14400.0,1.0,44.0,0.0
62000.0,14000.0,0.0,48.0,0.0
62004.0,14000.0,0.0,41.0,0.0
99996.0,25000.0,1.0,38.0,0.0
62500.0,14000.0,0.0,41.0,0.0
100000.0,9350.0,0.0,36.0,0.0
100000.0,16000.0,0.0,45.0,0.0
59000.0,14000.0,0.0,38.0,1.0
31200.0,6600.0,0.0,37.0,0.0
70000.0,14000.0,0.0,46.0,0.0
100000.0,18400.0,0.0,37.0,0.0
100000.0,6000.0,0.0,41.0,0.0
75000.0,14000.0,0.0,42.0,0.0
88000.0,6000.0,0.0,37.0,1.0
82000.0,14000.0,0.0,40.0,0.0
73000.0,14000.0,0.0,37.0,1.0
100000.0,5500.0,0.0,38.0,0.0
100000.0,2500.0,0.0,47.0,0.0
100000.0,14000.0,1.0,38.0,0.0
88000.0,7750.0,0.0,36.0,1.0
105000.0,14000.0,0.0,37.0,0.0
100000.0,8000.0,0.0,36.0,0.0
100000.0,6000.0,0.0,36.0,0.0
125004.0,14000.0,0.0,45.0,0.0
126251.0,14000.0,0.0,36.0,0.0
130000.0,14000.0,0.0,36.0,0.0
100000.0,15000.0,0.0,48.0,0.0
100000.0,3000.0,0.0,39.0,0.0
150000.0,14000.0,0.0,50.0,0.0
180000.0,14000.0,0.0,41.0,0.0
100000.0,9600.0,1.0,37.0,0.0
100000.0,5000.0,1.0,42.0,0.0
100000.0,6000.0,0.0,39.0,0.0
100000.0,4800.0,1.0,42.0,0.0
119000.0,14250.0,0.0,47.0,0.0
100010.0,8000.0,0.0,40.0,0.0
100111.0,20000.0,0.0,36.0,0.0
100280.0,17850.0,0.0,38.0,0.0
74880.0,14300.0,0.0,49.0,0.0
30120.0,14400.0,1.0,38.0,1.0
101000.0,2500.0,1.0,39.0,0.0
101004.0,12000.0,0.0,36.0,0.0
101500.0,15000.0,0.0,46.0,0.0
48000.0,14400.0,0.0,45.0,0.0
102000.0,7500.0,0.0,41.0,0.0
102000.0,7000.0,0.0,41.0,0.0
60000.0,14400.0,0.0,37.0,0.0
102031.0,12000.0,1.0,50.0,0.0
102300.0,8800.0,0.0,41.0,0.0
75000.0,14400.0,0.0,39.0,0.0
103000.0,12600.0,0.0,49.0,0.0
85000.0,14400.0,0.0,38.0,0.0
103970.0,15000.0,1.0,38.0,0.0
96500.0,14400.0,0.0,39.0,1.0
104800.0,14000.0,0.0,38.0,0.0
105000.0,12350.0,0.0,38.0,0.0
105000.0,2400.0,1.0,42.0,0.0
42000.0,14500.0,0.0,42.0,1.0
105000.0,21000.0,0.0,41.0,0.0
80004.0,14500.0,0.0,37.0,0.0
105000.0,25000.0,0.0,37.0,0.0
105000.0,11000.0,0.0,49.0,0.0
105000.0,9000.0,0.0,39.0,0.0
46152.0,14525.0,0.0,41.0,1.0
93000.0,7500.0,1.0,43.0,1.0
80409.0,14550.0,0.0,46.0,0.0
105201.0,15000.0,0.0,39.0,0.0
105398.0,20700.0,0.0,46.0,0.0
105859.0,12000.0,0.0,36.0,0.0
106000.0,4025.0,0.0,36.0,0.0
106000.0,5000.0,1.0,38.0,0.0
106000.0,10200.0,0.0,50.0,0.0
94050.0,23000.0,1.0,48.0,1.0
107000.0,4000.0,0.0,46.0,0.0
107004.0,15000.0,0.0,38.0,0.0
107004.0,13000.0,0.0,36.0,0.0
30000.0,7500.0,0.0,44.0,0.0
108000.0,14000.0,0.0,36.0,0.0
108000.0,10000.0,0.0,44.0,0.0
35416.0,2000.0,0.0,40.0,0.0
108000.0,4000.0,0.0,38.0,0.0
108000.0,7000.0,0.0,36.0,0.0
108639.0,18000.0,0.0,43.0,0.0
109000.0,16000.0,0.0,47.0,0.0
109000.0,12800.0,1.0,44.0,0.0
109920.0,20000.0,1.0,41.0,0.0
39996.0,2000.0,0.0,36.0,0.0
110000.0,10800.0,0.0,42.0,0.0
110000.0,30000.0,0.0,41.0,0.0
110000.0,16000.0,0.0,36.0,0.0
42000.0,2000.0,0.0,38.0,0.0
110000.0,3000.0,0.0,38.0,0.0
42000.0,2000.0,1.0,41.0,0.0
42000.0,2000.0,0.0,36.0,0.0
110000.0,5000.0,0.0,40.0,0.0
110000.0,12000.0,1.0,38.0,0.0
110000.0,16000.0,0.0,38.0,0.0
110000.0,20000.0,0.0,45.0,0.0
110000.0,3000.0,0.0,49.0,0.0
28800.0,13000.0,0.0,38.0,0.0
110000.0,24000.0,0.0,37.0,0.0
50000.0,2000.0,0.0,40.0,0.0
110000.0,12000.0,0.0,37.0,0.0
110000.0,6000.0,0.0,48.0,0.0
44004.0,2000.0,1.0,36.0,1.0
110000.0,15000.0,0.0,36.0,0.0
30000.0,15000.0,1.0,38.0,1.0
110004.0,25000.0,1.0,41.0,0.0
28000.0,1600.0,0.0,40.0,0.0
28000.0,2000.0,0.0,41.0,0.0
28000.0,12000.0,1.0,40.0,0.0
112000.0,25000.0,1.0,43.0,0.0
100000.0,10000.0,1.0,45.0,1.0
112224.0,25000.0,0.0,38.0,0.0
101000.0,25000.0,1.0,42.0,1.0
114000.0,19000.0,0.0,38.0,0.0
114000.0,6000.0,0.0,40.0,0.0
114000.0,19200.0,0.0,42.0,0.0
114054.0,35000.0,0.0,40.0,0.0
114440.0,3000.0,0.0,46.0,0.0
114996.0,12500.0,0.0,39.0,0.0
44531.0,15000.0,0.0,39.0,1.0
115000.0,10000.0,0.0,36.0,0.0
45000.0,15000.0,0.0,49.0,1.0
39000.0,15000.0,0.0,46.0,1.0
115000.0,25000.0,1.0,39.0,0.0
115000.0,8000.0,0.0,45.0,0.0
115000.0,20000.0,0.0,41.0,0.0
39000.0,15000.0,0.0,37.0,1.0
116000.0,10000.0,0.0,46.0,0.0
104000.0,30000.0,0.0,46.0,1.0
88400.0,25000.0,0.0,39.0,1.0
47000.0,15000.0,1.0,45.0,1.0
116000.0,5000.0,0.0,50.0,0.0
117000.0,10700.0,1.0,38.0,0.0
117000.0,20400.0,0.0,36.0,0.0
117000.0,8000.0,0.0,37.0,0.0
117000.0,10000.0,0.0,37.0,0.0
117400.0,16000.0,0.0,38.0,0.0
39996.0,1800.0,0.0,37.0,0.0
118000.0,11400.0,0.0,38.0,0.0
41000.0,15000.0,1.0,42.0,1.0
118000.0,25000.0,0.0,45.0,0.0
47840.0,15000.0,0.0,43.0,1.0
118075.0,28000.0,0.0,41.0,0.0
48000.0,15000.0,0.0,36.0,1.0
119004.0,5000.0,0.0,45.0,0.0
120000.0,30000.0,0.0,36.0,0.0
108000.0,6000.0,0.0,40.0,1.0
50000.0,15000.0,0.0,36.0,0.0
108000.0,12000.0,0.0,39.0,1.0
120000.0,14500.0,0.0,36.0,0.0
120000.0,5400.0,0.0,37.0,0.0
108000.0,30000.0,1.0,39.0,1.0
50000.0,15000.0,1.0,37.0,0.0
120000.0,9600.0,0.0,40.0,0.0
120000.0,15000.0,0.0,47.0,0.0
25000.0,5000.0,0.0,37.0,0.0
108000.0,20000.0,1.0,39.0,1.0
120000.0,5575.0,1.0,50.0,0.0
25000.0,8500.0,0.0,40.0,0.0
120000.0,12000.0,0.0,39.0,0.0
91800.0,20000.0,1.0,37.0,1.0
91800.0,8400.0,0.0,43.0,1.0
120000.0,9250.0,0.0,42.0,0.0
120000.0,6000.0,0.0,42.0,0.0
120000.0,20000.0,0.0,41.0,0.0
120000.0,12000.0,0.0,49.0,0.0
120000.0,25000.0,0.0,36.0,0.0
120000.0,23600.0,1.0,38.0,0.0
91800.0,5000.0,1.0,37.0,1.0
25000.0,8000.0,0.0,39.0,0.0
25000.0,10750.0,1.0,47.0,0.0
120000.0,17000.0,0.0,40.0,0.0
108000.0,14400.0,1.0,42.0,1.0
120000.0,10000.0,1.0,36.0,0.0
53550.0,1600.0,0.0,36.0,1.0
120996.0,4000.0,0.0,37.0,0.0
121200.0,1450.0,0.0,39.0,0.0
122000.0,12000.0,0.0,43.0,0.0
122500.0,9150.0,0.0,43.0,0.0
123000.0,35000.0,1.0,37.0,0.0
17000.0,1500.0,0.0,41.0,1.0
17496.0,1500.0,0.0,46.0,1.0
123600.0,12000.0,0.0,38.0,0.0
123735.0,6400.0,0.0,42.0,0.0
124000.0,30000.0,0.0,37.0,0.0
124000.0,2000.0,1.0,36.0,0.0
124000.0,19000.0,1.0,37.0,0.0
24000.0,4500.0,1.0,41.0,0.0
125000.0,35000.0,0.0,42.0,0.0
125000.0,12000.0,0.0,45.0,0.0
22800.0,1500.0,0.0,40.0,0.0
125000.0,4500.0,0.0,39.0,0.0
25140.0,1500.0,1.0,39.0,1.0
125000.0,10200.0,0.0,40.0,0.0
54000.0,15000.0,0.0,40.0,0.0
125000.0,20000.0,1.0,41.0,0.0
56000.0,15000.0,0.0,50.0,0.0
113000.0,24000.0,1.0,42.0,1.0
125000.0,8000.0,0.0,37.0,0.0
57000.0,15000.0,1.0,42.0,0.0
52000.0,15000.0,1.0,40.0,1.0
126000.0,6000.0,0.0,45.0,0.0
58000.0,15000.0,1.0,44.0,0.0
126000.0,14000.0,0.0,39.0,0.0
24000.0,3000.0,0.0,39.0,0.0
115000.0,10000.0,0.0,40.0,1.0
98600.0,7750.0,1.0,43.0,1.0
98603.0,24250.0,0.0,42.0,1.0
60000.0,15000.0,0.0,46.0,0.0
130000.0,30000.0,0.0,38.0,0.0
60000.0,15000.0,0.0,46.0,0.0
60000.0,15000.0,0.0,36.0,0.0
118000.0,9600.0,1.0,45.0,1.0
130000.0,11000.0,0.0,38.0,0.0
100300.0,25000.0,0.0,40.0,1.0
130000.0,24250.0,0.0,40.0,0.0
130000.0,25000.0,0.0,39.0,0.0
22800.0,7000.0,0.0,37.0,0.0
65000.0,15000.0,0.0,36.0,0.0
132000.0,8000.0,1.0,41.0,0.0
132000.0,7500.0,0.0,40.0,0.0
65000.0,15000.0,0.0,36.0,0.0
123000.0,2500.0,1.0,36.0,1.0
135000.0,20000.0,0.0,41.0,0.0
68000.0,15000.0,1.0,41.0,0.0
62962.0,15000.0,0.0,36.0,1.0
136000.0,21000.0,0.0,40.0,0.0
136000.0,4800.0,0.0,36.0,0.0
136173.0,8000.0,0.0,42.0,0.0
137000.0,23000.0,0.0,50.0,0.0
138000.0,4000.0,0.0,37.0,0.0
138000.0,9900.0,0.0,43.0,0.0
138000.0,10000.0,0.0,36.0,0.0
71000.0,15000.0,0.0,38.0,0.0
139380.0,9000.0,0.0,45.0,0.0
140000.0,7500.0,0.0,45.0,0.0
140000.0,10000.0,0.0,38.0,0.0
140000.0,18000.0,0.0,48.0,0.0
140000.0,8000.0,0.0,36.0,0.0
72900.0,15000.0,0.0,38.0,0.0
140000.0,7000.0,0.0,45.0,0.0
108800.0,15000.0,0.0,41.0,1.0
140000.0,25000.0,1.0,41.0,0.0
74000.0,15000.0,0.0,37.0,0.0
140000.0,25000.0,0.0,38.0,0.0
140000.0,10000.0,0.0,38.0,0.0
140000.0,14000.0,0.0,37.0,0.0
74784.0,15000.0,0.0,37.0,0.0
75000.0,15000.0,0.0,40.0,0.0
128000.0,20000.0,1.0,39.0,1.0
140000.0,20800.0,0.0,36.0,0.0
140000.0,21500.0,0.0,44.0,0.0
140000.0,24000.0,0.0,38.0,0.0
140000.0,8000.0,0.0,38.0,0.0
140004.0,10000.0,0.0,36.0,0.0
140400.0,14000.0,0.0,42.0,0.0
141000.0,6000.0,0.0,43.0,0.0
141000.0,15000.0,0.0,43.0,0.0
141600.0,6000.0,0.0,36.0,0.0
142000.0,15000.0,0.0,40.0,0.0
75000.0,15000.0,1.0,47.0,0.0
142000.0,25000.0,0.0,40.0,0.0
142500.0,20000.0,0.0,43.0,0.0
69000.0,15000.0,0.0,39.0,1.0
144000.0,21000.0,0.0,36.0,0.0
144000.0,7600.0,0.0,36.0,0.0
144000.0,10000.0,1.0,37.0,0.0
144000.0,25000.0,0.0,41.0,0.0
145000.0,21000.0,0.0,37.0,0.0
145000.0,5000.0,0.0,36.0,0.0
145000.0,20000.0,0.0,43.0,0.0
145000.0,15000.0,0.0,40.0,0.0
146000.0,10000.0,1.0,37.0,0.0
19200.0,4500.0,1.0,36.0,1.0
148350.0,5000.0,0.0,40.0,0.0
81996.0,15000.0,0.0,36.0,0.0
150000.0,30000.0,0.0,39.0,0.0
150000.0,24000.0,0.0,40.0,0.0
150000.0,16000.0,0.0,42.0,0.0
150000.0,20000.0,0.0,40.0,0.0
150000.0,7200.0,0.0,36.0,0.0
150000.0,7000.0,0.0,36.0,0.0
150000.0,12000.0,0.0,40.0,0.0
150000.0,25000.0,0.0,44.0,0.0
150000.0,7500.0,0.0,38.0,0.0
150000.0,3000.0,0.0,36.0,0.0
88000.0,15000.0,1.0,45.0,0.0
18720.0,2500.0,0.0,38.0,0.0
150000.0,10000.0,0.0,37.0,0.0
150000.0,12000.0,0.0,38.0,0.0
150000.0,24500.0,0.0,41.0,0.0
150000.0,24000.0,0.0,38.0,0.0
138000.0,20000.0,0.0,39.0,1.0
150000.0,20000.0,0.0,49.0,0.0
92500.0,15000.0,0.0,37.0,0.0
150000.0,7500.0,0.0,40.0,0.0
150750.0,8150.0,0.0,42.0,0.0
151000.0,35000.0,0.0,38.0,0.0
141000.0,25000.0,0.0,41.0,1.0
49000.0,15175.0,1.0,39.0,1.0
155000.0,30000.0,0.0,36.0,0.0
155000.0,25000.0,0.0,36.0,0.0
155000.0,20000.0,0.0,37.0,0.0
37000.0,15200.0,1.0,42.0,1.0
36100.0,15250.0,0.0,40.0,1.0
156000.0,18000.0,0.0,47.0,0.0
156000.0,4000.0,0.0,37.0,0.0
156000.0,15000.0,0.0,39.0,0.0
145124.0,11375.0,0.0,37.0,1.0
160000.0,12000.0,1.0,40.0,0.0
66000.0,15575.0,1.0,40.0,0.0
160000.0,14000.0,0.0,38.0,0.0
160000.0,22000.0,0.0,42.0,0.0
69000.0,15600.0,0.0,36.0,0.0
160000.0,10000.0,0.0,37.0,0.0
160000.0,10000.0,1.0,36.0,0.0
160000.0,24000.0,1.0,36.0,0.0
45000.0,15775.0,0.0,44.0,1.0
56472.0,15775.0,0.0,40.0,0.0
164000.0,35000.0,1.0,39.0,0.0
153000.0,25000.0,0.0,42.0,1.0
165000.0,9000.0,0.0,40.0,0.0
75996.0,16000.0,0.0,36.0,0.0
168000.0,8775.0,0.0,47.0,0.0
170000.0,25000.0,0.0,36.0,0.0
170000.0,20000.0,0.0,41.0,0.0
82000.0,16000.0,0.0,46.0,0.0
88712.0,16000.0,0.0,41.0,0.0
175000.0,7000.0,1.0,42.0,0.0
175000.0,15000.0,0.0,44.0,0.0
138550.0,23000.0,0.0,41.0,1.0
175000.0,10000.0,0.0,38.0,0.0
140787.0,35000.0,1.0,44.0,1.0
178000.0,9000.0,0.0,47.0,0.0
180000.0,18000.0,0.0,46.0,0.0
180000.0,14000.0,0.0,41.0,0.0
181000.0,20000.0,1.0,37.0,0.0
182004.0,25000.0,1.0,40.0,0.0
185000.0,10000.0,0.0,48.0,0.0
185000.0,6000.0,0.0,36.0,0.0
185000.0,4000.0,0.0,37.0,0.0
187000.0,14000.0,0.0,47.0,0.0
187000.0,10000.0,0.0,40.0,0.0
108996.0,16000.0,1.0,37.0,0.0
98000.0,16000.0,1.0,38.0,1.0
195000.0,10000.0,0.0,43.0,0.0
14400.0,8000.0,0.0,40.0,1.0
120000.0,16000.0,0.0,36.0,0.0
200000.0,10000.0,0.0,37.0,0.0
200000.0,3000.0,0.0,38.0,0.0
204000.0,10000.0,1.0,47.0,0.0
205000.0,18000.0,0.0,37.0,0.0
171870.0,9400.0,1.0,36.0,1.0
300000.0,16000.0,0.0,42.0,0.0
224000.0,25000.0,0.0,42.0,0.0
250000.0,28000.0,0.0,40.0,0.0
250000.0,4000.0,0.0,39.0,0.0
250000.0,34000.0,0.0,37.0,0.0
74000.0,19200.0,1.0,37.0,1.0
238000.0,25000.0,0.0,36.0,1.0
275004.0,24500.0,0.0,40.0,0.0
290000.0,25000.0,0.0,36.0,0.0
244800.0,35000.0,0.0,37.0,1.0
300000.0,16000.0,1.0,40.0,0.0
33600.0,19275.0,0.0,40.0,1.0
261800.0,24000.0,0.0,36.0,1.0
310400.0,15000.0,1.0,39.0,1.0
325000.0,18000.0,1.0,39.0,0.0
360000.0,25000.0,0.0,42.0,0.0
54000.0,19425.0,0.0,45.0,1.0
381450.0,35000.0,1.0,41.0,0.0
444000.0,2500.0,0.0,41.0,0.0
550000.0,18000.0,0.0,40.0,0.0
550000.0,8000.0,0.0,40.0,0.0
600000.0,16000.0,0.0,37.0,0.0
499800.0,24000.0,1.0,42.0,1.0
600000.0,25000.0,0.0,42.0,0.0
780000.0,1000.0,0.0,43.0,0.0
37440.0,19750.0,0.0,38.0,1.0
800000.0,15000.0,0.0,37.0,0.0
39000.0,19750.0,0.0,42.0,1.0
900000.0,25000.0,1.0,37.0,0.0
1362000.0,6600.0,0.0,47.0,0.0
9600.0,3250.0,0.0,36.0,1.0
1440000.0,6400.0,0.0,44.0,0.0
45000.0,19750.0,0.0,36.0,1.0
8088.0,1600.0,1.0,46.0,1.0
7200.0,1000.0,0.0,37.0,0.0
6000.0,1300.0,0.0,37.0,1.0
4000.0,2000.0,1.0,41.0,1.0
28800.0,6000.0,1.0,36.0,0.0
79500.0,16000.0,0.0,47.0,0.0
36000.0,1000.0,0.0,44.0,0.0
48000.0,2500.0,1.0,47.0,0.0
46000.0,5000.0,0.0,43.0,1.0
70000.0,12500.0,0.0,39.0,0.0
25000.0,7500.0,0.0,37.0,0.0
94128.0,4400.0,0.0,44.0,0.0
85000.0,5750.0,1.0,42.0,0.0
37500.0,1375.0,0.0,38.0,0.0
74784.0,15000.0,0.0,37.0,0.0
35820.0,3275.0,0.0,40.0,0.0
47000.0,6000.0,0.0,46.0,0.0
43680.0,15000.0,1.0,36.0,0.0
32400.0,8000.0,0.0,37.0,0.0
88000.0,8000.0,0.0,44.0,0.0
38000.0,7000.0,0.0,40.0,1.0
160000.0,14000.0,0.0,38.0,0.0
55000.0,11700.0,0.0,38.0,0.0
20004.0,4375.0,0.0,36.0,0.0
110000.0,30000.0,0.0,41.0,0.0
52000.0,14000.0,1.0,37.0,0.0
130000.0,30000.0,0.0,38.0,0.0
155000.0,30000.0,0.0,36.0,0.0
84000.0,9875.0,0.0,39.0,0.0
81000.0,11000.0,0.0,38.0,0.0
74568.0,6000.0,1.0,37.0,0.0
33280.0,8400.0,1.0,37.0,0.0
65000.0,3100.0,0.0,47.0,0.0
35000.0,1500.0,0.0,41.0,0.0
60000.0,3000.0,0.0,37.0,0.0
110000.0,12000.0,0.0,38.0,0.0
58800.0,22000.0,1.0,50.0,1.0
18720.0,2500.0,0.0,38.0,0.0
97500.0,24000.0,0.0,43.0,0.0
90000.0,20000.0,0.0,46.0,0.0
48000.0,7500.0,1.0,37.0,0.0
360000.0,25000.0,0.0,42.0,0.0
60000.0,10000.0,1.0,37.0,1.0
41496.0,5000.0,1.0,50.0,1.0
68000.0,10000.0,0.0,50.0,0.0
140000.0,15000.0,0.0,41.0,0.0
45600.0,10000.0,1.0,36.0,0.0
50000.0,7200.0,0.0,36.0,0.0
52000.0,7000.0,1.0,36.0,1.0
41500.0,5000.0,0.0,48.0,0.0
38568.0,2400.0,1.0,36.0,0.0
33600.0,12000.0,0.0,36.0,1.0
79900.0,25000.0,0.0,37.0,1.0
108000.0,20000.0,0.0,37.0,1.0
62000.0,8000.0,0.0,36.0,0.0
17108.0,4375.0,0.0,38.0,1.0
26880.0,4500.0,0.0,36.0,0.0
140000.0,21500.0,0.0,44.0,0.0
69000.0,4000.0,0.0,41.0,1.0
45000.0,9000.0,0.0,37.0,1.0
100000.0,6000.0,0.0,37.0,0.0
40000.0,9200.0,0.0,41.0,0.0
37000.0,7400.0,0.0,47.0,0.0
31200.0,6400.0,0.0,39.0,0.0
200000.0,20000.0,0.0,38.0,0.0
63996.0,12000.0,0.0,40.0,0.0
48000.0,1500.0,0.0,36.0,1.0
40000.0,6000.0,0.0,39.0,0.0
39996.0,2500.0,0.0,42.0,0.0
25000.0,3000.0,0.0,36.0,0.0
65000.0,11500.0,0.0,38.0,0.0
95000.0,21600.0,1.0,41.0,0.0
50000.0,6000.0,0.0,40.0,0.0
104800.0,14000.0,0.0,38.0,0.0
120000.0,14500.0,0.0,36.0,0.0
55059.0,24000.0,0.0,39.0,1.0
21600.0,3500.0,1.0,41.0,0.0
72000.0,1600.0,0.0,37.0,0.0
45000.0,14000.0,0.0,45.0,0.0
74237.0,18000.0,0.0,38.0,0.0
182500.0,12500.0,0.0,39.0,0.0
65000.0,7000.0,0.0,47.0,0.0
22800.0,7000.0,0.0,37.0,0.0
214200.0,9400.0,1.0,36.0,0.0
27040.0,4800.0,0.0,39.0,0.0
50000.0,4350.0,0.0,46.0,0.0
74004.0,7125.0,0.0,40.0,0.0
38500.0,7500.0,0.0,41.0,0.0
62400.0,2400.0,0.0,36.0,0.0
42996.0,15000.0,1.0,40.0,0.0
18000.0,2000.0,0.0,47.0,0.0
80000.0,2500.0,0.0,38.0,0.0
114000.0,19200.0,0.0,42.0,0.0
81000.0,10000.0,0.0,38.0,0.0
65000.0,22750.0,0.0,42.0,0.0
37000.0,3500.0,0.0,44.0,0.0
28000.0,7500.0,0.0,48.0,0.0
60000.0,6000.0,0.0,38.0,0.0
250000.0,20000.0,0.0,36.0,0.0
36000.0,9000.0,0.0,43.0,0.0
55900.0,17000.0,0.0,37.0,0.0
74000.0,9000.0,1.0,38.0,0.0
60000.0,3600.0,0.0,46.0,0.0
201000.0,13500.0,0.0,39.0,0.0
74400.0,7500.0,0.0,37.0,0.0
37800.0,7000.0,0.0,39.0,0.0
69600.0,6000.0,0.0,45.0,0.0
80000.0,6000.0,0.0,40.0,0.0
71599.0,6000.0,0.0,40.0,0.0
30000.0,2100.0,0.0,48.0,0.0
65000.0,6500.0,0.0,36.0,0.0
118000.0,11400.0,0.0,38.0,0.0
40000.0,13750.0,0.0,40.0,0.0
78000.0,15000.0,1.0,43.0,1.0
29000.0,1200.0,0.0,36.0,0.0
145124.0,11375.0,0.0,37.0,1.0
125000.0,35000.0,0.0,42.0,0.0
32878.0,13775.0,0.0,40.0,1.0
780000.0,7500.0,0.0,37.0,0.0
88000.0,25000.0,1.0,37.0,1.0
70000.0,18000.0,0.0,40.0,0.0
233000.0,15000.0,0.0,40.0,0.0
76872.0,15000.0,1.0,49.0,0.0
400000.0,28000.0,0.0,43.0,0.0
125000.0,10200.0,0.0,40.0,0.0
42000.0,5000.0,0.0,41.0,0.0
51000.0,4775.0,0.0,36.0,0.0
52000.0,12000.0,0.0,47.0,0.0
55000.0,10000.0,0.0,43.0,0.0
78000.0,20000.0,0.0,42.0,0.0
100000.0,5000.0,0.0,42.0,0.0
73000.0,11500.0,0.0,37.0,0.0
63000.0,14900.0,0.0,37.0,0.0
54000.0,5000.0,0.0,41.0,1.0
66000.0,5000.0,0.0,38.0,1.0
55000.0,11750.0,0.0,43.0,0.0
48000.0,3500.0,1.0,42.0,0.0
95000.0,17000.0,0.0,40.0,0.0
45996.0,20000.0,1.0,40.0,1.0
61000.0,1000.0,0.0,38.0,0.0
52000.0,6000.0,0.0,47.0,0.0
100000.0,12000.0,0.0,41.0,0.0
119004.0,5000.0,0.0,45.0,0.0
46000.0,13000.0,1.0,43.0,1.0
38200.0,8875.0,1.0,41.0,0.0
31000.0,7200.0,0.0,42.0,0.0
60000.0,2500.0,0.0,48.0,0.0
103000.0,20000.0,1.0,41.0,1.0
136000.0,21000.0,0.0,40.0,0.0
42000.0,2000.0,1.0,36.0,0.0
68000.0,7000.0,0.0,40.0,0.0
18720.0,6000.0,1.0,38.0,1.0
29500.0,1250.0,0.0,36.0,0.0
12360.0,4000.0,0.0,37.0,1.0
72800.0,24000.0,0.0,36.0,1.0
50000.0,5000.0,0.0,37.0,0.0
30000.0,8000.0,1.0,42.0,0.0
95000.0,5000.0,0.0,40.0,0.0
24000.0,3000.0,0.0,39.0,1.0
186000.0,3000.0,0.0,37.0,0.0
45000.0,7200.0,0.0,37.0,0.0
35000.0,8000.0,0.0,39.0,0.0
65000.0,9000.0,0.0,37.0,0.0
40000.0,12000.0,0.0,37.0,0.0
30000.0,8875.0,0.0,41.0,0.0
381450.0,35000.0,1.0,41.0,0.0
42320.0,7475.0,0.0,45.0,0.0
25000.0,2775.0,0.0,37.0,1.0
130000.0,13000.0,0.0,37.0,0.0
90000.0,12000.0,0.0,37.0,0.0
34000.0,5000.0,0.0,36.0,0.0
120000.0,5575.0,0.0,50.0,0.0
51850.0,10000.0,0.0,44.0,1.0
58000.0,18200.0,0.0,37.0,1.0
52400.0,21000.0,0.0,42.0,0.0
24000.0,5000.0,1.0,37.0,0.0
336000.0,9000.0,0.0,46.0,0.0
83000.0,12000.0,1.0,44.0,1.0
36000.0,2500.0,0.0,36.0,0.0
102300.0,8800.0,0.0,41.0,0.0
78000.0,6250.0,0.0,38.0,0.0
50000.0,8000.0,0.0,39.0,0.0
80000.0,25000.0,0.0,44.0,0.0
84996.0,3500.0,0.0,36.0,0.0
24000.0,4000.0,0.0,41.0,1.0
31000.0,8000.0,0.0,36.0,1.0
50000.0,15000.0,1.0,37.0,0.0
30000.0,10000.0,1.0,38.0,0.0
32000.0,10000.0,0.0,42.0,1.0
15000.0,5000.0,0.0,36.0,1.0
145000.0,5000.0,0.0,36.0,0.0
72000.0,8000.0,0.0,36.0,0.0
16800.0,1200.0,0.0,36.0,0.0
69000.0,15600.0,0.0,36.0,0.0
53808.0,15000.0,0.0,47.0,0.0
85000.0,35000.0,0.0,37.0,1.0
32004.0,5000.0,0.0,36.0,0.0
56004.0,12800.0,0.0,41.0,0.0
73000.0,9975.0,1.0,40.0,1.0
26500.0,2000.0,0.0,37.0,0.0
60000.0,5000.0,0.0,46.0,0.0
61000.0,11000.0,1.0,44.0,1.0
42000.0,8400.0,0.0,37.0,0.0
72194.0,17000.0,0.0,46.0,0.0
24000.0,1500.0,0.0,36.0,0.0
75000.0,14400.0,0.0,39.0,0.0
52106.0,5000.0,0.0,41.0,1.0
18000.0,3000.0,0.0,38.0,1.0
120000.0,12000.0,0.0,49.0,0.0
24168.0,9925.0,1.0,36.0,1.0
55000.0,18000.0,0.0,40.0,1.0
148350.0,5000.0,0.0,40.0,0.0
97000.0,3000.0,0.0,39.0,0.0
59484.0,5500.0,0.0,40.0,0.0
48956.0,2800.0,0.0,46.0,0.0
58000.0,5000.0,0.0,36.0,0.0
140000.0,18000.0,0.0,48.0,0.0
30000.0,10000.0,0.0,37.0,1.0
98240.0,20000.0,1.0,36.0,0.0
88400.0,30000.0,0.0,46.0,1.0
64200.0,3000.0,0.0,40.0,0.0
24000.0,4000.0,1.0,36.0,0.0
65000.0,7000.0,0.0,38.0,0.0
15000.0,2400.0,0.0,49.0,1.0
64600.0,10000.0,0.0,49.0,1.0
31000.0,2500.0,0.0,36.0,0.0
60000.0,8000.0,1.0,36.0,0.0
45840.0,4600.0,0.0,41.0,0.0
55000.0,14000.0,0.0,38.0,0.0
20640.0,3500.0,1.0,38.0,0.0
64000.0,4800.0,1.0,39.0,0.0
73000.0,10000.0,0.0,39.0,0.0
17280.0,1000.0,1.0,38.0,0.0
180000.0,20000.0,0.0,36.0,1.0
59617.0,21000.0,0.0,36.0,0.0
100000.0,2500.0,0.0,47.0,0.0
150000.0,12000.0,0.0,40.0,0.0
54000.0,12000.0,0.0,40.0,0.0
24000.0,2700.0,1.0,40.0,0.0
45000.0,8000.0,0.0,37.0,0.0
113000.0,12000.0,0.0,41.0,1.0
66000.0,6125.0,0.0,40.0,0.0
91200.0,9000.0,0.0,38.0,0.0
60000.0,12000.0,1.0,37.0,0.0
100010.0,8000.0,0.0,40.0,0.0
95000.0,14000.0,1.0,38.0,0.0
48000.0,17500.0,0.0,44.0,0.0
132000.0,11200.0,1.0,40.0,0.0
86000.0,20000.0,1.0,40.0,1.0
24000.0,8500.0,0.0,39.0,1.0
54000.0,9000.0,1.0,43.0,1.0
120000.0,20000.0,0.0,37.0,0.0
138000.0,9900.0,0.0,43.0,0.0
75000.0,17000.0,0.0,42.0,0.0
80000.0,13000.0,0.0,37.0,0.0
92000.0,12000.0,0.0,41.0,0.0
136000.0,4800.0,1.0,36.0,0.0
70000.0,10000.0,0.0,41.0,0.0
430000.0,25000.0,0.0,36.0,0.0
48000.0,5000.0,0.0,44.0,0.0
95000.0,10000.0,0.0,44.0,0.0
65000.0,5000.0,0.0,40.0,0.0
37000.0,6000.0,0.0,41.0,0.0
65000.0,12000.0,0.0,37.0,0.0
140000.0,25000.0,0.0,38.0,0.0
43000.0,15000.0,0.0,43.0,0.0
350000.0,18000.0,0.0,43.0,0.0
46000.0,10000.0,0.0,40.0,0.0
45000.0,12000.0,0.0,39.0,0.0
65000.0,7000.0,0.0,36.0,0.0
138000.0,10000.0,1.0,36.0,0.0
86500.0,10000.0,0.0,40.0,0.0
47000.0,7500.0,0.0,47.0,0.0
38400.0,6825.0,0.0,44.0,0.0
40000.0,15000.0,0.0,37.0,0.0
68480.0,3600.0,1.0,37.0,0.0
18300.0,1200.0,0.0,39.0,1.0
93000.0,12000.0,0.0,36.0,0.0
52479.0,6600.0,0.0,40.0,1.0
135000.0,2500.0,0.0,36.0,0.0
36000.0,6000.0,1.0,38.0,0.0
160000.0,24000.0,1.0,36.0,0.0
73000.0,5000.0,0.0,39.0,1.0
61000.0,10000.0,0.0,36.0,0.0
45000.0,18200.0,0.0,42.0,1.0
325000.0,18000.0,1.0,39.0,0.0
35000.0,5600.0,0.0,38.0,0.0
59475.0,18125.0,1.0,38.0,1.0
21600.0,3000.0,0.0,37.0,0.0
40000.0,1000.0,0.0,39.0,0.0
80000.0,5600.0,0.0,39.0,0.0
46680.0,8000.0,0.0,37.0,0.0
180000.0,18000.0,0.0,46.0,0.0
64464.0,30000.0,0.0,42.0,1.0
32000.0,10000.0,0.0,37.0,1.0
150000.0,30000.0,0.0,39.0,0.0
90000.0,3000.0,0.0,41.0,0.0
60000.0,25000.0,0.0,45.0,1.0
43000.0,2500.0,0.0,40.0,0.0
50426.0,4200.0,0.0,42.0,0.0
66000.0,6000.0,0.0,48.0,0.0
40000.0,10000.0,0.0,38.0,0.0
60000.0,15000.0,0.0,46.0,0.0
53800.0,18200.0,1.0,36.0,1.0
24000.0,4500.0,1.0,41.0,0.0
64000.0,6000.0,0.0,45.0,0.0
112000.0,25000.0,0.0,43.0,0.0
48686.0,12000.0,0.0,36.0,0.0
44000.0,8000.0,0.0,36.0,1.0
99996.0,25000.0,0.0,38.0,0.0
90000.0,4000.0,0.0,37.0,0.0
600000.0,25000.0,1.0,42.0,0.0
200000.0,3000.0,0.0,38.0,0.0
110000.0,16000.0,0.0,38.0,0.0
92000.0,4000.0,0.0,36.0,0.0
101000.0,25000.0,1.0,42.0,1.0
52000.0,15000.0,1.0,40.0,1.0
900000.0,19600.0,0.0,58.0,0.0
76000.0,35000.0,0.0,65.0,1.0
667680.0,10000.0,1.0,51.0,0.0
85000.0,35000.0,0.0,53.0,1.0
108350.0,35000.0,0.0,58.0,1.0
500000.0,20000.0,0.0,51.0,0.0
304800.0,5000.0,0.0,53.0,0.0
300000.0,28000.0,0.0,66.0,0.0
260000.0,14000.0,0.0,51.0,0.0
15000.0,3000.0,0.0,57.0,1.0
175000.0,12000.0,0.0,59.0,0.0
153000.0,25000.0,0.0,51.0,1.0
68375.0,24250.0,0.0,62.0,1.0
16800.0,1000.0,0.0,51.0,0.0
70000.0,24000.0,0.0,53.0,1.0
77000.0,24000.0,0.0,54.0,1.0
43000.0,22250.0,1.0,66.0,1.0
45600.0,20000.0,0.0,60.0,1.0
50000.0,20000.0,0.0,54.0,1.0
50000.0,20000.0,0.0,55.0,1.0
54833.0,20000.0,0.0,52.0,1.0
51000.0,20000.0,0.0,61.0,1.0
59004.0,20000.0,0.0,52.0,1.0
75000.0,20000.0,0.0,55.0,0.0
76500.0,20000.0,1.0,62.0,1.0
105000.0,20000.0,0.0,64.0,0.0
22500.0,6000.0,0.0,52.0,0.0
50000.0,18000.0,1.0,52.0,1.0
80000.0,18000.0,0.0,51.0,0.0
84000.0,18000.0,0.0,52.0,0.0
45000.0,16000.0,0.0,51.0,1.0
33600.0,1000.0,0.0,54.0,1.0
30000.0,1000.0,1.0,70.0,1.0
54000.0,1000.0,0.0,55.0,1.0
85000.0,1000.0,0.0,52.0,0.0
33600.0,1500.0,0.0,58.0,0.0
54000.0,1500.0,0.0,52.0,1.0
58000.0,1500.0,1.0,51.0,1.0
43500.0,1800.0,1.0,58.0,0.0
29000.0,2500.0,0.0,54.0,0.0
98000.0,15000.0,1.0,60.0,1.0
138000.0,15000.0,0.0,53.0,1.0
51252.0,13500.0,0.0,58.0,0.0
38000.0,13000.0,0.0,51.0,1.0
39000.0,13000.0,0.0,55.0,1.0
26400.0,2500.0,0.0,57.0,0.0
29000.0,2500.0,1.0,60.0,1.0
39996.0,2500.0,0.0,58.0,0.0
15840.0,3000.0,0.0,57.0,1.0
37200.0,3000.0,0.0,51.0,1.0
45600.0,3000.0,0.0,57.0,0.0
48000.0,3000.0,0.0,78.0,0.0
50000.0,12000.0,0.0,51.0,0.0
34000.0,10000.0,0.0,53.0,1.0
27000.0,3500.0,1.0,58.0,1.0
38400.0,11000.0,0.0,66.0,0.0
48000.0,11000.0,0.0,52.0,0.0
85000.0,11000.0,0.0,52.0,0.0
37000.0,10750.0,1.0,69.0,0.0
46000.0,10500.0,1.0,65.0,0.0
20000.0,4000.0,0.0,58.0,0.0
24543.0,4000.0,1.0,55.0,0.0
40000.0,4000.0,1.0,53.0,0.0
39000.0,20000.0,0.0,54.0,0.0
24000.0,4400.0,0.0,53.0,0.0
40000.0,3600.0,0.0,59.0,0.0
60000.0,4425.0,0.0,53.0,0.0
50000.0,4500.0,0.0,52.0,0.0
90750.0,4500.0,0.0,52.0,0.0
31500.0,4650.0,0.0,60.0,0.0
46000.0,4800.0,1.0,64.0,0.0
80000.0,4800.0,1.0,69.0,0.0
107000.0,10000.0,0.0,54.0,0.0
150000.0,10000.0,0.0,56.0,0.0
42000.0,5000.0,0.0,73.0,0.0
30000.0,5000.0,1.0,52.0,0.0
30000.0,5000.0,0.0,70.0,0.0
37200.0,10000.0,0.0,60.0,1.0
44000.0,7000.0,0.0,70.0,0.0
99000.0,9000.0,0.0,51.0,0.0
60000.0,8500.0,0.0,51.0,0.0
56650.0,5000.0,0.0,57.0,0.0
45000.0,3500.0,0.0,58.0,0.0
64500.0,5000.0,0.0,52.0,0.0
88000.0,5000.0,0.0,53.0,0.0
45600.0,6000.0,0.0,58.0,0.0
46000.0,4925.0,0.0,53.0,0.0
37000.0,5450.0,0.0,63.0,1.0
46560.0,11600.0,0.0,51.0,0.0
48000.0,5500.0,0.0,55.0,1.0
45000.0,5600.0,1.0,53.0,0.0
42000.0,15000.0,1.0,51.0,1.0
54000.0,5800.0,0.0,55.0,0.0
24000.0,6000.0,0.0,69.0,0.0
48000.0,6000.0,0.0,54.0,0.0
49008.0,12000.0,1.0,60.0,0.0
98000.0,6000.0,0.0,51.0,0.0
110000.0,6000.0,0.0,53.0,0.0
19200.0,6025.0,0.0,56.0,1.0
75400.0,6125.0,0.0,52.0,0.0
71520.0,7000.0,0.0,52.0,1.0
52000.0,9600.0,0.0,52.0,0.0
52000.0,1000.0,0.0,54.0,0.0
150000.0,7000.0,0.0,52.0,0.0
170000.0,6300.0,0.0,57.0,0.0
70000.0,6600.0,0.0,57.0,0.0
53000.0,7000.0,0.0,61.0,0.0
77385.0,6625.0,0.0,57.0,0.0
53000.0,5800.0,1.0,57.0,0.0
64000.0,6800.0,0.0,80.0,0.0
42000.0,6475.0,0.0,66.0,0.0
28000.0,7000.0,0.0,53.0,0.0
55000.0,1000.0,0.0,59.0,0.0
40000.0,7000.0,1.0,66.0,1.0
55000.0,16750.0,1.0,51.0,0.0
49000.0,7500.0,1.0,58.0,1.0
22880.0,7500.0,0.0,54.0,1.0
65000.0,7700.0,0.0,56.0,0.0
52000.0,17000.0,0.0,52.0,1.0
28000.0,8000.0,0.0,51.0,0.0
33996.0,8000.0,0.0,52.0,0.0
60000.0,16000.0,0.0,62.0,0.0
42000.0,8000.0,0.0,70.0,0.0
60000.0,9000.0,0.0,60.0,0.0
51000.0,8000.0,0.0,55.0,0.0
54000.0,8000.0,1.0,66.0,0.0
60000.0,8000.0,1.0,51.0,0.0
24000.0,5000.0,1.0,53.0,1.0
25000.0,5000.0,1.0,52.0,1.0
60900.0,8500.0,0.0,55.0,0.0
64000.0,8000.0,0.0,57.0,0.0
83200.0,8000.0,1.0,52.0,0.0
85000.0,8000.0,0.0,53.0,0.0
62004.0,2000.0,1.0,57.0,0.0
45000.0,8400.0,1.0,51.0,0.0
51600.0,8525.0,0.0,62.0,0.0
65000.0,9600.0,0.0,54.0,0.0
52250.0,9200.0,0.0,51.0,0.0
55000.0,9500.0,0.0,53.0,0.0
42000.0,9600.0,0.0,59.0,0.0
67619.0,15000.0,0.0,51.0,0.0
68000.0,8000.0,0.0,58.0,0.0
36000.0,10000.0,0.0,51.0,0.0
69996.0,12000.0,0.0,52.0,0.0
70000.0,2500.0,0.0,56.0,0.0
43200.0,10000.0,0.0,53.0,0.0
70000.0,15000.0,0.0,56.0,0.0
10636.0,4000.0,0.0,61.0,1.0
71884.0,7425.0,0.0,56.0,0.0
72000.0,10000.0,0.0,60.0,0.0
72800.0,5700.0,0.0,51.0,0.0
59200.0,10000.0,1.0,56.0,0.0
74628.0,3000.0,1.0,51.0,0.0
56000.0,10000.0,1.0,64.0,1.0
75000.0,7700.0,1.0,55.0,0.0
75000.0,10000.0,0.0,55.0,0.0
75000.0,10000.0,0.0,53.0,0.0
90000.0,10000.0,0.0,61.0,0.0
76960.0,15000.0,0.0,51.0,0.0
36000.0,11200.0,0.0,52.0,1.0
62050.0,25000.0,1.0,62.0,1.0
79864.0,1800.0,0.0,54.0,0.0
80000.0,15000.0,0.0,53.0,0.0
34000.0,12000.0,0.0,55.0,1.0
82000.0,28000.0,0.0,66.0,0.0
24000.0,3000.0,0.0,64.0,0.0
83768.0,12000.0,0.0,59.0,0.0
68000.0,12000.0,0.0,51.0,0.0
85000.0,9000.0,0.0,61.0,0.0
85000.0,8000.0,0.0,58.0,0.0
80000.0,12000.0,0.0,51.0,0.0
84000.0,12000.0,0.0,51.0,0.0
87000.0,15000.0,0.0,64.0,0.0
100000.0,12000.0,0.0,58.0,0.0
105000.0,12000.0,0.0,53.0,0.0
1782000.0,12025.0,0.0,63.0,0.0
78000.0,8525.0,1.0,61.0,1.0
90000.0,7200.0,0.0,56.0,0.0
91154.0,10000.0,0.0,55.0,0.0
92000.0,15000.0,0.0,53.0,0.0
16800.0,2500.0,0.0,62.0,0.0
93000.0,25000.0,0.0,65.0,0.0
94000.0,4000.0,0.0,55.0,0.0
94800.0,10000.0,0.0,84.0,0.0
95000.0,6500.0,0.0,54.0,0.0
95000.0,6000.0,0.0,53.0,0.0
95004.0,12000.0,0.0,56.0,0.0
97800.0,10000.0,1.0,54.0,0.0
100000.0,6000.0,0.0,58.0,0.0
100000.0,10000.0,0.0,52.0,0.0
106000.0,11500.0,0.0,63.0,0.0
106000.0,20000.0,0.0,53.0,0.0
29000.0,7000.0,0.0,52.0,0.0
28800.0,5000.0,0.0,55.0,0.0
40000.0,15000.0,0.0,57.0,1.0
115900.0,12000.0,0.0,51.0,0.0
116000.0,12800.0,0.0,52.0,0.0
39240.0,1800.0,0.0,73.0,0.0
48000.0,15000.0,0.0,70.0,1.0
119000.0,5000.0,0.0,64.0,0.0
120000.0,30000.0,0.0,51.0,0.0
120000.0,17625.0,0.0,54.0,0.0
120000.0,20000.0,0.0,64.0,0.0
120000.0,20000.0,0.0,69.0,0.0
120000.0,12000.0,0.0,65.0,0.0
123000.0,10000.0,0.0,55.0,0.0
125000.0,12000.0,0.0,54.0,0.0
125000.0,8400.0,0.0,55.0,0.0
129000.0,9000.0,0.0,54.0,1.0
75000.0,15000.0,0.0,76.0,0.0
150000.0,10000.0,0.0,60.0,0.0
150000.0,15000.0,0.0,56.0,0.0
154000.0,12000.0,0.0,54.0,0.0
148000.0,24000.0,0.0,61.0,1.0
170000.0,11000.0,0.0,54.0,0.0
163000.0,25000.0,0.0,52.0,1.0
200000.0,3000.0,0.0,67.0,0.0
720000.0,7925.0,0.0,52.0,0.0
780000.0,4500.0,0.0,58.0,0.0
9600.0,2800.0,0.0,60.0,1.0
29000.0,2500.0,0.0,54.0,0.0
46000.0,4925.0,0.0,53.0,0.0
71884.0,7425.0,0.0,56.0,0.0
780000.0,4500.0,0.0,58.0,0.0
98000.0,15000.0,0.0,60.0,1.0
80000.0,18000.0,1.0,51.0,0.0
50000.0,20000.0,0.0,55.0,1.0
24000.0,6000.0,0.0,69.0,0.0
70000.0,15000.0,0.0,56.0,0.0
58000.0,1500.0,0.0,51.0,1.0
77385.0,6625.0,0.0,57.0,0.0
129000.0,9000.0,0.0,54.0,1.0
160000.0,24000.0,0.0,61.0,0.0
71520.0,7000.0,1.0,52.0,1.0
45000.0,5600.0,0.0,53.0,0.0
40000.0,15000.0,0.0,57.0,1.0
30000.0,5000.0,0.0,52.0,0.0
85000.0,8000.0,0.0,53.0,0.0
49008.0,12000.0,1.0,60.0,0.0
45600.0,20000.0,0.0,60.0,1.0
52000.0,9600.0,0.0,52.0,0.0
90000.0,7200.0,0.0,56.0,0.0
65004.0,20000.0,1.0,52.0,1.0
64500.0,5000.0,0.0,52.0,0.0
53000.0,5800.0,0.0,57.0,0.0
120000.0,17625.0,0.0,54.0,0.0
76000.0,35000.0,0.0,65.0,1.0
150000.0,15000.0,0.0,56.0,0.0
42000.0,6475.0,0.0,66.0,0.0
